2022.12.20 22:07:39 INFO  tracing is disabled for protocol LSP, to enable tracing of incoming and outgoing JSON messages create an empty file at c:\Users\Yjoao\OneDrive\QA\Projetos-Pessoais\Java\structure-automation-java\.metals\lsp.trace.json or C:\Users\Yjoao\AppData\Local\scalameta\metals\cache\lsp.trace.json
2022.12.20 22:07:40 INFO  logging to file C:\Users\Yjoao\OneDrive\QA\Projetos-Pessoais\Java\structure-automation-java\.metals\metals.log
2022.12.20 22:07:40 INFO  Started: Metals version 0.11.9 in workspace 'C:\Users\Yjoao\OneDrive\QA\Projetos-Pessoais\Java\structure-automation-java' for client Visual Studio Code 1.74.2.
2022.12.20 22:07:44 INFO  time: initialize in 4.13s
2022.12.20 22:07:47 WARN  Build server is not auto-connectable.
2022.12.20 22:07:47 WARN  no build target for: C:\Users\Yjoao\OneDrive\QA\Projetos-Pessoais\Java\structure-automation-java\src\test\java\support\GeraCpfCnpj.java
dez. 20, 2022 10:07:47 PM org.eclipse.lsp4j.jsonrpc.RemoteEndpoint handleCancellation
WARNING: Unmatched cancel notification for request id 1
2022.12.20 22:07:54 ERROR text document: file:///C:/Users/Yjoao/OneDrive/QA/Projetos-Pessoais/Java/structure-automation-java/src/test/java/support/GeraCpfCnpj.javajava.nio.file.InvalidPathException: Illegal char <:> at index 4: file:///C:/Users/Yjoao/OneDrive/QA/Projetos-Pessoais/Java/structure-automation-java/src/test/java/support/GeraCpfCnpj.java
	at sun.nio.fs.WindowsPathParser.normalize(WindowsPathParser.java:182)
	at sun.nio.fs.WindowsPathParser.parse(WindowsPathParser.java:153)
	at sun.nio.fs.WindowsPathParser.parse(WindowsPathParser.java:77)
	at sun.nio.fs.WindowsPath.parse(WindowsPath.java:92)
	at sun.nio.fs.WindowsFileSystem.getPath(WindowsFileSystem.java:232)
	at java.nio.file.Path.resolve(Path.java:515)
	at scala.meta.io.AbsolutePath.resolve(AbsolutePath.scala:43)
	at scala.meta.internal.implementation.ImplementationProvider.$anonfun$computeInheritance$2(ImplementationProvider.scala:85)
	at scala.collection.immutable.Vector.foreach(Vector.scala:1895)
	at scala.meta.internal.implementation.ImplementationProvider.$anonfun$computeInheritance$1(ImplementationProvider.scala:79)
	at scala.meta.internal.implementation.ImplementationProvider.$anonfun$computeInheritance$1$adapted(ImplementationProvider.scala:78)
	at scala.collection.immutable.List.foreach(List.scala:333)
	at scala.meta.internal.implementation.ImplementationProvider.computeInheritance(ImplementationProvider.scala:78)
	at scala.meta.internal.implementation.ImplementationProvider.$anonfun$onChange$1(ImplementationProvider.scala:68)
	at java.util.concurrent.ConcurrentHashMap.compute(ConcurrentHashMap.java:1916)
	at scala.meta.internal.implementation.ImplementationProvider.onChange(ImplementationProvider.scala:68)
	at scala.meta.internal.metals.SemanticdbIndexer.$anonfun$onChange$1(SemanticdbIndexer.scala:81)
	at scala.meta.internal.metals.SemanticdbIndexer.$anonfun$onChange$1$adapted(SemanticdbIndexer.scala:81)
	at scala.collection.immutable.List.foreach(List.scala:333)
	at scala.meta.internal.metals.SemanticdbIndexer.onChange(SemanticdbIndexer.scala:81)
	at scala.meta.internal.metals.SemanticdbIndexer.onChange(SemanticdbIndexer.scala:77)
	at scala.meta.internal.metals.InteractiveSemanticdbs.$anonfun$textDocument$1(InteractiveSemanticdbs.scala:96)
	at java.util.HashMap.compute(HashMap.java:1316)
	at java.util.Collections$SynchronizedMap.compute(Collections.java:2770)
	at scala.meta.internal.metals.InteractiveSemanticdbs.textDocument(InteractiveSemanticdbs.scala:89)
	at scala.meta.internal.metals.InteractiveSemanticdbs.textDocument(InteractiveSemanticdbs.scala:63)
	at scala.meta.internal.metals.AggregateSemanticdbs.loop$1(AggregateSemanticdbs.scala:30)
	at scala.meta.internal.metals.AggregateSemanticdbs.textDocument(AggregateSemanticdbs.scala:36)
	at scala.meta.internal.metals.CodeLensProvider.findLenses(CodeLensProvider.scala:22)
	at scala.meta.internal.metals.MetalsLanguageServer.$anonfun$codeLens$2(MetalsLanguageServer.scala:1744)
	at scala.meta.internal.metals.TimerProvider.timedThunk(TimerProvider.scala:25)
	at scala.meta.internal.metals.MetalsLanguageServer.$anonfun$codeLens$1(MetalsLanguageServer.scala:1742)
	at scala.meta.internal.metals.CancelTokens$.$anonfun$apply$2(CancelTokens.scala:26)
	at scala.concurrent.Future$.$anonfun$apply$1(Future.scala:678)
	at scala.concurrent.impl.Promise$Transformation.run(Promise.scala:467)
	at java.util.concurrent.ThreadPoolExecutor.runWorker(ThreadPoolExecutor.java:1136)
	at java.util.concurrent.ThreadPoolExecutor$Worker.run(ThreadPoolExecutor.java:635)
	at java.lang.Thread.run(Thread.java:833)

2022.12.20 22:07:54 INFO  time: code lens generation in 1.17s
2022.12.20 22:08:02 WARN  no build target for: C:\Users\Yjoao\OneDrive\QA\Projetos-Pessoais\Java\structure-automation-java\src\test\java\support\Hooks.java
2022.12.20 22:08:04 ERROR text document: file:///C:/Users/Yjoao/OneDrive/QA/Projetos-Pessoais/Java/structure-automation-java/src/test/java/support/Hooks.javajava.nio.file.InvalidPathException: Illegal char <:> at index 4: file:///C:/Users/Yjoao/OneDrive/QA/Projetos-Pessoais/Java/structure-automation-java/src/test/java/support/Hooks.java
	at sun.nio.fs.WindowsPathParser.normalize(WindowsPathParser.java:182)
	at sun.nio.fs.WindowsPathParser.parse(WindowsPathParser.java:153)
	at sun.nio.fs.WindowsPathParser.parse(WindowsPathParser.java:77)
	at sun.nio.fs.WindowsPath.parse(WindowsPath.java:92)
	at sun.nio.fs.WindowsFileSystem.getPath(WindowsFileSystem.java:232)
	at java.nio.file.Path.resolve(Path.java:515)
	at scala.meta.io.AbsolutePath.resolve(AbsolutePath.scala:43)
	at scala.meta.internal.implementation.ImplementationProvider.$anonfun$computeInheritance$2(ImplementationProvider.scala:85)
	at scala.collection.immutable.Vector.foreach(Vector.scala:1895)
	at scala.meta.internal.implementation.ImplementationProvider.$anonfun$computeInheritance$1(ImplementationProvider.scala:79)
	at scala.meta.internal.implementation.ImplementationProvider.$anonfun$computeInheritance$1$adapted(ImplementationProvider.scala:78)
	at scala.collection.immutable.List.foreach(List.scala:333)
	at scala.meta.internal.implementation.ImplementationProvider.computeInheritance(ImplementationProvider.scala:78)
	at scala.meta.internal.implementation.ImplementationProvider.$anonfun$onChange$1(ImplementationProvider.scala:68)
	at java.util.concurrent.ConcurrentHashMap.compute(ConcurrentHashMap.java:1916)
	at scala.meta.internal.implementation.ImplementationProvider.onChange(ImplementationProvider.scala:68)
	at scala.meta.internal.metals.SemanticdbIndexer.$anonfun$onChange$1(SemanticdbIndexer.scala:81)
	at scala.meta.internal.metals.SemanticdbIndexer.$anonfun$onChange$1$adapted(SemanticdbIndexer.scala:81)
	at scala.collection.immutable.List.foreach(List.scala:333)
	at scala.meta.internal.metals.SemanticdbIndexer.onChange(SemanticdbIndexer.scala:81)
	at scala.meta.internal.metals.SemanticdbIndexer.onChange(SemanticdbIndexer.scala:77)
	at scala.meta.internal.metals.InteractiveSemanticdbs.$anonfun$textDocument$1(InteractiveSemanticdbs.scala:96)
	at java.util.HashMap.compute(HashMap.java:1316)
	at java.util.Collections$SynchronizedMap.compute(Collections.java:2770)
	at scala.meta.internal.metals.InteractiveSemanticdbs.textDocument(InteractiveSemanticdbs.scala:89)
	at scala.meta.internal.metals.InteractiveSemanticdbs.textDocument(InteractiveSemanticdbs.scala:63)
	at scala.meta.internal.metals.AggregateSemanticdbs.loop$1(AggregateSemanticdbs.scala:30)
	at scala.meta.internal.metals.AggregateSemanticdbs.textDocument(AggregateSemanticdbs.scala:36)
	at scala.meta.internal.metals.CodeLensProvider.findLenses(CodeLensProvider.scala:22)
	at scala.meta.internal.metals.MetalsLanguageServer.$anonfun$codeLens$2(MetalsLanguageServer.scala:1744)
	at scala.meta.internal.metals.TimerProvider.timedThunk(TimerProvider.scala:25)
	at scala.meta.internal.metals.MetalsLanguageServer.$anonfun$codeLens$1(MetalsLanguageServer.scala:1742)
	at scala.meta.internal.metals.CancelTokens$.$anonfun$apply$2(CancelTokens.scala:26)
	at scala.concurrent.Future$.$anonfun$apply$1(Future.scala:678)
	at scala.concurrent.impl.Promise$Transformation.run(Promise.scala:467)
	at java.util.concurrent.ThreadPoolExecutor.runWorker(ThreadPoolExecutor.java:1136)
	at java.util.concurrent.ThreadPoolExecutor$Worker.run(ThreadPoolExecutor.java:635)
	at java.lang.Thread.run(Thread.java:833)

2022.12.20 22:08:04 INFO  time: code lens generation in 1.56s
2022.12.20 22:08:05 WARN  no build target for: C:\Users\Yjoao\OneDrive\QA\Projetos-Pessoais\Java\structure-automation-java\src\test\java\support\RESTSupport.java
2022.12.20 22:08:07 WARN  no build target for: C:\Users\Yjoao\OneDrive\QA\Projetos-Pessoais\Java\structure-automation-java\src\test\java\support\BaseSteps.java
2022.12.20 22:08:08 WARN  no build target for: C:\Users\Yjoao\OneDrive\QA\Projetos-Pessoais\Java\structure-automation-java\src\test\java\support\DriverQA.java
2022.12.20 22:08:10 ERROR text document: file:///C:/Users/Yjoao/OneDrive/QA/Projetos-Pessoais/Java/structure-automation-java/src/test/java/support/RESTSupport.javajava.nio.file.InvalidPathException: Illegal char <:> at index 4: file:///C:/Users/Yjoao/OneDrive/QA/Projetos-Pessoais/Java/structure-automation-java/src/test/java/support/RESTSupport.java
	at sun.nio.fs.WindowsPathParser.normalize(WindowsPathParser.java:182)
	at sun.nio.fs.WindowsPathParser.parse(WindowsPathParser.java:153)
	at sun.nio.fs.WindowsPathParser.parse(WindowsPathParser.java:77)
	at sun.nio.fs.WindowsPath.parse(WindowsPath.java:92)
	at sun.nio.fs.WindowsFileSystem.getPath(WindowsFileSystem.java:232)
	at java.nio.file.Path.resolve(Path.java:515)
	at scala.meta.io.AbsolutePath.resolve(AbsolutePath.scala:43)
	at scala.meta.internal.implementation.ImplementationProvider.$anonfun$computeInheritance$2(ImplementationProvider.scala:85)
	at scala.collection.immutable.Vector.foreach(Vector.scala:1895)
	at scala.meta.internal.implementation.ImplementationProvider.$anonfun$computeInheritance$1(ImplementationProvider.scala:79)
	at scala.meta.internal.implementation.ImplementationProvider.$anonfun$computeInheritance$1$adapted(ImplementationProvider.scala:78)
	at scala.collection.immutable.List.foreach(List.scala:333)
	at scala.meta.internal.implementation.ImplementationProvider.computeInheritance(ImplementationProvider.scala:78)
	at scala.meta.internal.implementation.ImplementationProvider.$anonfun$onChange$1(ImplementationProvider.scala:68)
	at java.util.concurrent.ConcurrentHashMap.compute(ConcurrentHashMap.java:1916)
	at scala.meta.internal.implementation.ImplementationProvider.onChange(ImplementationProvider.scala:68)
	at scala.meta.internal.metals.SemanticdbIndexer.$anonfun$onChange$1(SemanticdbIndexer.scala:81)
	at scala.meta.internal.metals.SemanticdbIndexer.$anonfun$onChange$1$adapted(SemanticdbIndexer.scala:81)
	at scala.collection.immutable.List.foreach(List.scala:333)
	at scala.meta.internal.metals.SemanticdbIndexer.onChange(SemanticdbIndexer.scala:81)
	at scala.meta.internal.metals.SemanticdbIndexer.onChange(SemanticdbIndexer.scala:77)
	at scala.meta.internal.metals.InteractiveSemanticdbs.$anonfun$textDocument$1(InteractiveSemanticdbs.scala:96)
	at java.util.HashMap.compute(HashMap.java:1316)
	at java.util.Collections$SynchronizedMap.compute(Collections.java:2770)
	at scala.meta.internal.metals.InteractiveSemanticdbs.textDocument(InteractiveSemanticdbs.scala:89)
	at scala.meta.internal.metals.InteractiveSemanticdbs.textDocument(InteractiveSemanticdbs.scala:63)
	at scala.meta.internal.metals.AggregateSemanticdbs.loop$1(AggregateSemanticdbs.scala:30)
	at scala.meta.internal.metals.AggregateSemanticdbs.textDocument(AggregateSemanticdbs.scala:36)
	at scala.meta.internal.metals.CodeLensProvider.findLenses(CodeLensProvider.scala:22)
	at scala.meta.internal.metals.MetalsLanguageServer.$anonfun$codeLens$2(MetalsLanguageServer.scala:1744)
	at scala.meta.internal.metals.TimerProvider.timedThunk(TimerProvider.scala:25)
	at scala.meta.internal.metals.MetalsLanguageServer.$anonfun$codeLens$1(MetalsLanguageServer.scala:1742)
	at scala.meta.internal.metals.CancelTokens$.$anonfun$apply$2(CancelTokens.scala:26)
	at scala.concurrent.Future$.$anonfun$apply$1(Future.scala:678)
	at scala.concurrent.impl.Promise$Transformation.run(Promise.scala:467)
	at java.util.concurrent.ThreadPoolExecutor.runWorker(ThreadPoolExecutor.java:1136)
	at java.util.concurrent.ThreadPoolExecutor$Worker.run(ThreadPoolExecutor.java:635)
	at java.lang.Thread.run(Thread.java:833)

2022.12.20 22:08:10 INFO  time: code lens generation in 4.2s
2022.12.20 22:08:11 ERROR text document: file:///C:/Users/Yjoao/OneDrive/QA/Projetos-Pessoais/Java/structure-automation-java/src/test/java/support/DriverQA.javajava.nio.file.InvalidPathException: Illegal char <:> at index 4: file:///C:/Users/Yjoao/OneDrive/QA/Projetos-Pessoais/Java/structure-automation-java/src/test/java/support/DriverQA.java
	at sun.nio.fs.WindowsPathParser.normalize(WindowsPathParser.java:182)
	at sun.nio.fs.WindowsPathParser.parse(WindowsPathParser.java:153)
	at sun.nio.fs.WindowsPathParser.parse(WindowsPathParser.java:77)
	at sun.nio.fs.WindowsPath.parse(WindowsPath.java:92)
	at sun.nio.fs.WindowsFileSystem.getPath(WindowsFileSystem.java:232)
	at java.nio.file.Path.resolve(Path.java:515)
	at scala.meta.io.AbsolutePath.resolve(AbsolutePath.scala:43)
	at scala.meta.internal.implementation.ImplementationProvider.$anonfun$computeInheritance$2(ImplementationProvider.scala:85)
	at scala.collection.immutable.Vector.foreach(Vector.scala:1895)
	at scala.meta.internal.implementation.ImplementationProvider.$anonfun$computeInheritance$1(ImplementationProvider.scala:79)
	at scala.meta.internal.implementation.ImplementationProvider.$anonfun$computeInheritance$1$adapted(ImplementationProvider.scala:78)
	at scala.collection.immutable.List.foreach(List.scala:333)
	at scala.meta.internal.implementation.ImplementationProvider.computeInheritance(ImplementationProvider.scala:78)
	at scala.meta.internal.implementation.ImplementationProvider.$anonfun$onChange$1(ImplementationProvider.scala:68)
	at java.util.concurrent.ConcurrentHashMap.compute(ConcurrentHashMap.java:1916)
	at scala.meta.internal.implementation.ImplementationProvider.onChange(ImplementationProvider.scala:68)
	at scala.meta.internal.metals.SemanticdbIndexer.$anonfun$onChange$1(SemanticdbIndexer.scala:81)
	at scala.meta.internal.metals.SemanticdbIndexer.$anonfun$onChange$1$adapted(SemanticdbIndexer.scala:81)
	at scala.collection.immutable.List.foreach(List.scala:333)
	at scala.meta.internal.metals.SemanticdbIndexer.onChange(SemanticdbIndexer.scala:81)
	at scala.meta.internal.metals.SemanticdbIndexer.onChange(SemanticdbIndexer.scala:77)
	at scala.meta.internal.metals.InteractiveSemanticdbs.$anonfun$textDocument$1(InteractiveSemanticdbs.scala:96)
	at java.util.HashMap.compute(HashMap.java:1316)
	at java.util.Collections$SynchronizedMap.compute(Collections.java:2770)
	at scala.meta.internal.metals.InteractiveSemanticdbs.textDocument(InteractiveSemanticdbs.scala:89)
	at scala.meta.internal.metals.InteractiveSemanticdbs.textDocument(InteractiveSemanticdbs.scala:63)
	at scala.meta.internal.metals.AggregateSemanticdbs.loop$1(AggregateSemanticdbs.scala:30)
	at scala.meta.internal.metals.AggregateSemanticdbs.textDocument(AggregateSemanticdbs.scala:36)
	at scala.meta.internal.metals.CodeLensProvider.findLenses(CodeLensProvider.scala:22)
	at scala.meta.internal.metals.MetalsLanguageServer.$anonfun$codeLens$2(MetalsLanguageServer.scala:1744)
	at scala.meta.internal.metals.TimerProvider.timedThunk(TimerProvider.scala:25)
	at scala.meta.internal.metals.MetalsLanguageServer.$anonfun$codeLens$1(MetalsLanguageServer.scala:1742)
	at scala.meta.internal.metals.CancelTokens$.$anonfun$apply$2(CancelTokens.scala:26)
	at scala.concurrent.Future$.$anonfun$apply$1(Future.scala:678)
	at scala.concurrent.impl.Promise$Transformation.run(Promise.scala:467)
	at java.util.concurrent.ThreadPoolExecutor.runWorker(ThreadPoolExecutor.java:1136)
	at java.util.concurrent.ThreadPoolExecutor$Worker.run(ThreadPoolExecutor.java:635)
	at java.lang.Thread.run(Thread.java:833)

2022.12.20 22:08:11 INFO  time: code lens generation in 2.67s
2022.12.20 22:08:13 ERROR text document: file:///C:/Users/Yjoao/OneDrive/QA/Projetos-Pessoais/Java/structure-automation-java/src/test/java/support/BaseSteps.javajava.nio.file.InvalidPathException: Illegal char <:> at index 4: file:///C:/Users/Yjoao/OneDrive/QA/Projetos-Pessoais/Java/structure-automation-java/src/test/java/support/BaseSteps.java
	at sun.nio.fs.WindowsPathParser.normalize(WindowsPathParser.java:182)
	at sun.nio.fs.WindowsPathParser.parse(WindowsPathParser.java:153)
	at sun.nio.fs.WindowsPathParser.parse(WindowsPathParser.java:77)
	at sun.nio.fs.WindowsPath.parse(WindowsPath.java:92)
	at sun.nio.fs.WindowsFileSystem.getPath(WindowsFileSystem.java:232)
	at java.nio.file.Path.resolve(Path.java:515)
	at scala.meta.io.AbsolutePath.resolve(AbsolutePath.scala:43)
	at scala.meta.internal.implementation.ImplementationProvider.$anonfun$computeInheritance$2(ImplementationProvider.scala:85)
	at scala.collection.immutable.Vector.foreach(Vector.scala:1895)
	at scala.meta.internal.implementation.ImplementationProvider.$anonfun$computeInheritance$1(ImplementationProvider.scala:79)
	at scala.meta.internal.implementation.ImplementationProvider.$anonfun$computeInheritance$1$adapted(ImplementationProvider.scala:78)
	at scala.collection.immutable.List.foreach(List.scala:333)
	at scala.meta.internal.implementation.ImplementationProvider.computeInheritance(ImplementationProvider.scala:78)
	at scala.meta.internal.implementation.ImplementationProvider.$anonfun$onChange$1(ImplementationProvider.scala:68)
	at java.util.concurrent.ConcurrentHashMap.compute(ConcurrentHashMap.java:1916)
	at scala.meta.internal.implementation.ImplementationProvider.onChange(ImplementationProvider.scala:68)
	at scala.meta.internal.metals.SemanticdbIndexer.$anonfun$onChange$1(SemanticdbIndexer.scala:81)
	at scala.meta.internal.metals.SemanticdbIndexer.$anonfun$onChange$1$adapted(SemanticdbIndexer.scala:81)
	at scala.collection.immutable.List.foreach(List.scala:333)
	at scala.meta.internal.metals.SemanticdbIndexer.onChange(SemanticdbIndexer.scala:81)
	at scala.meta.internal.metals.SemanticdbIndexer.onChange(SemanticdbIndexer.scala:77)
	at scala.meta.internal.metals.InteractiveSemanticdbs.$anonfun$textDocument$1(InteractiveSemanticdbs.scala:96)
	at java.util.HashMap.compute(HashMap.java:1316)
	at java.util.Collections$SynchronizedMap.compute(Collections.java:2770)
	at scala.meta.internal.metals.InteractiveSemanticdbs.textDocument(InteractiveSemanticdbs.scala:89)
	at scala.meta.internal.metals.InteractiveSemanticdbs.textDocument(InteractiveSemanticdbs.scala:63)
	at scala.meta.internal.metals.AggregateSemanticdbs.loop$1(AggregateSemanticdbs.scala:30)
	at scala.meta.internal.metals.AggregateSemanticdbs.textDocument(AggregateSemanticdbs.scala:36)
	at scala.meta.internal.metals.CodeLensProvider.findLenses(CodeLensProvider.scala:22)
	at scala.meta.internal.metals.MetalsLanguageServer.$anonfun$codeLens$2(MetalsLanguageServer.scala:1744)
	at scala.meta.internal.metals.TimerProvider.timedThunk(TimerProvider.scala:25)
	at scala.meta.internal.metals.MetalsLanguageServer.$anonfun$codeLens$1(MetalsLanguageServer.scala:1742)
	at scala.meta.internal.metals.CancelTokens$.$anonfun$apply$2(CancelTokens.scala:26)
	at scala.concurrent.Future$.$anonfun$apply$1(Future.scala:678)
	at scala.concurrent.impl.Promise$Transformation.run(Promise.scala:467)
	at java.util.concurrent.ThreadPoolExecutor.runWorker(ThreadPoolExecutor.java:1136)
	at java.util.concurrent.ThreadPoolExecutor$Worker.run(ThreadPoolExecutor.java:635)
	at java.lang.Thread.run(Thread.java:833)

2022.12.20 22:08:13 INFO  time: code lens generation in 5.75s
2022.12.20 22:08:17 WARN  no build target for: C:\Users\Yjoao\OneDrive\QA\Projetos-Pessoais\Java\structure-automation-java\src\test\java\support\BaseSteps.java
2022.12.20 22:08:19 ERROR text document: file:///C:/Users/Yjoao/OneDrive/QA/Projetos-Pessoais/Java/structure-automation-java/src/test/java/support/BaseSteps.javajava.nio.file.InvalidPathException: Illegal char <:> at index 4: file:///C:/Users/Yjoao/OneDrive/QA/Projetos-Pessoais/Java/structure-automation-java/src/test/java/support/BaseSteps.java
	at sun.nio.fs.WindowsPathParser.normalize(WindowsPathParser.java:182)
	at sun.nio.fs.WindowsPathParser.parse(WindowsPathParser.java:153)
	at sun.nio.fs.WindowsPathParser.parse(WindowsPathParser.java:77)
	at sun.nio.fs.WindowsPath.parse(WindowsPath.java:92)
	at sun.nio.fs.WindowsFileSystem.getPath(WindowsFileSystem.java:232)
	at java.nio.file.Path.resolve(Path.java:515)
	at scala.meta.io.AbsolutePath.resolve(AbsolutePath.scala:43)
	at scala.meta.internal.implementation.ImplementationProvider.$anonfun$computeInheritance$2(ImplementationProvider.scala:85)
	at scala.collection.immutable.Vector.foreach(Vector.scala:1895)
	at scala.meta.internal.implementation.ImplementationProvider.$anonfun$computeInheritance$1(ImplementationProvider.scala:79)
	at scala.meta.internal.implementation.ImplementationProvider.$anonfun$computeInheritance$1$adapted(ImplementationProvider.scala:78)
	at scala.collection.immutable.List.foreach(List.scala:333)
	at scala.meta.internal.implementation.ImplementationProvider.computeInheritance(ImplementationProvider.scala:78)
	at scala.meta.internal.implementation.ImplementationProvider.$anonfun$onChange$1(ImplementationProvider.scala:68)
	at java.util.concurrent.ConcurrentHashMap.compute(ConcurrentHashMap.java:1916)
	at scala.meta.internal.implementation.ImplementationProvider.onChange(ImplementationProvider.scala:68)
	at scala.meta.internal.metals.SemanticdbIndexer.$anonfun$onChange$1(SemanticdbIndexer.scala:81)
	at scala.meta.internal.metals.SemanticdbIndexer.$anonfun$onChange$1$adapted(SemanticdbIndexer.scala:81)
	at scala.collection.immutable.List.foreach(List.scala:333)
	at scala.meta.internal.metals.SemanticdbIndexer.onChange(SemanticdbIndexer.scala:81)
	at scala.meta.internal.metals.SemanticdbIndexer.onChange(SemanticdbIndexer.scala:77)
	at scala.meta.internal.metals.InteractiveSemanticdbs.$anonfun$textDocument$1(InteractiveSemanticdbs.scala:96)
	at java.util.HashMap.compute(HashMap.java:1316)
	at java.util.Collections$SynchronizedMap.compute(Collections.java:2770)
	at scala.meta.internal.metals.InteractiveSemanticdbs.textDocument(InteractiveSemanticdbs.scala:89)
	at scala.meta.internal.metals.InteractiveSemanticdbs.textDocument(InteractiveSemanticdbs.scala:63)
	at scala.meta.internal.metals.AggregateSemanticdbs.loop$1(AggregateSemanticdbs.scala:30)
	at scala.meta.internal.metals.AggregateSemanticdbs.textDocument(AggregateSemanticdbs.scala:36)
	at scala.meta.internal.metals.CodeLensProvider.findLenses(CodeLensProvider.scala:22)
	at scala.meta.internal.metals.MetalsLanguageServer.$anonfun$codeLens$2(MetalsLanguageServer.scala:1744)
	at scala.meta.internal.metals.TimerProvider.timedThunk(TimerProvider.scala:25)
	at scala.meta.internal.metals.MetalsLanguageServer.$anonfun$codeLens$1(MetalsLanguageServer.scala:1742)
	at scala.meta.internal.metals.CancelTokens$.$anonfun$apply$2(CancelTokens.scala:26)
	at scala.concurrent.Future$.$anonfun$apply$1(Future.scala:678)
	at scala.concurrent.impl.Promise$Transformation.run(Promise.scala:467)
	at java.util.concurrent.ThreadPoolExecutor.runWorker(ThreadPoolExecutor.java:1136)
	at java.util.concurrent.ThreadPoolExecutor$Worker.run(ThreadPoolExecutor.java:635)
	at java.lang.Thread.run(Thread.java:833)

2022.12.20 22:08:19 INFO  time: code lens generation in 1.05s
2022.12.20 22:08:20 WARN  no build target for: C:\Users\Yjoao\OneDrive\QA\Projetos-Pessoais\Java\structure-automation-java\src\test\java\support\DriverQA.java
2022.12.20 22:08:23 ERROR text document: file:///C:/Users/Yjoao/OneDrive/QA/Projetos-Pessoais/Java/structure-automation-java/src/test/java/support/DriverQA.javajava.nio.file.InvalidPathException: Illegal char <:> at index 4: file:///C:/Users/Yjoao/OneDrive/QA/Projetos-Pessoais/Java/structure-automation-java/src/test/java/support/DriverQA.java
	at sun.nio.fs.WindowsPathParser.normalize(WindowsPathParser.java:182)
	at sun.nio.fs.WindowsPathParser.parse(WindowsPathParser.java:153)
	at sun.nio.fs.WindowsPathParser.parse(WindowsPathParser.java:77)
	at sun.nio.fs.WindowsPath.parse(WindowsPath.java:92)
	at sun.nio.fs.WindowsFileSystem.getPath(WindowsFileSystem.java:232)
	at java.nio.file.Path.resolve(Path.java:515)
	at scala.meta.io.AbsolutePath.resolve(AbsolutePath.scala:43)
	at scala.meta.internal.implementation.ImplementationProvider.$anonfun$computeInheritance$2(ImplementationProvider.scala:85)
	at scala.collection.immutable.Vector.foreach(Vector.scala:1895)
	at scala.meta.internal.implementation.ImplementationProvider.$anonfun$computeInheritance$1(ImplementationProvider.scala:79)
	at scala.meta.internal.implementation.ImplementationProvider.$anonfun$computeInheritance$1$adapted(ImplementationProvider.scala:78)
	at scala.collection.immutable.List.foreach(List.scala:333)
	at scala.meta.internal.implementation.ImplementationProvider.computeInheritance(ImplementationProvider.scala:78)
	at scala.meta.internal.implementation.ImplementationProvider.$anonfun$onChange$1(ImplementationProvider.scala:68)
	at java.util.concurrent.ConcurrentHashMap.compute(ConcurrentHashMap.java:1916)
	at scala.meta.internal.implementation.ImplementationProvider.onChange(ImplementationProvider.scala:68)
	at scala.meta.internal.metals.SemanticdbIndexer.$anonfun$onChange$1(SemanticdbIndexer.scala:81)
	at scala.meta.internal.metals.SemanticdbIndexer.$anonfun$onChange$1$adapted(SemanticdbIndexer.scala:81)
	at scala.collection.immutable.List.foreach(List.scala:333)
	at scala.meta.internal.metals.SemanticdbIndexer.onChange(SemanticdbIndexer.scala:81)
	at scala.meta.internal.metals.SemanticdbIndexer.onChange(SemanticdbIndexer.scala:77)
	at scala.meta.internal.metals.InteractiveSemanticdbs.$anonfun$textDocument$1(InteractiveSemanticdbs.scala:96)
	at java.util.HashMap.compute(HashMap.java:1316)
	at java.util.Collections$SynchronizedMap.compute(Collections.java:2770)
	at scala.meta.internal.metals.InteractiveSemanticdbs.textDocument(InteractiveSemanticdbs.scala:89)
	at scala.meta.internal.metals.InteractiveSemanticdbs.textDocument(InteractiveSemanticdbs.scala:63)
	at scala.meta.internal.metals.AggregateSemanticdbs.loop$1(AggregateSemanticdbs.scala:30)
	at scala.meta.internal.metals.AggregateSemanticdbs.textDocument(AggregateSemanticdbs.scala:36)
	at scala.meta.internal.metals.CodeLensProvider.findLenses(CodeLensProvider.scala:22)
	at scala.meta.internal.metals.MetalsLanguageServer.$anonfun$codeLens$2(MetalsLanguageServer.scala:1744)
	at scala.meta.internal.metals.TimerProvider.timedThunk(TimerProvider.scala:25)
	at scala.meta.internal.metals.MetalsLanguageServer.$anonfun$codeLens$1(MetalsLanguageServer.scala:1742)
	at scala.meta.internal.metals.CancelTokens$.$anonfun$apply$2(CancelTokens.scala:26)
	at scala.concurrent.Future$.$anonfun$apply$1(Future.scala:678)
	at scala.concurrent.impl.Promise$Transformation.run(Promise.scala:467)
	at java.util.concurrent.ThreadPoolExecutor.runWorker(ThreadPoolExecutor.java:1136)
	at java.util.concurrent.ThreadPoolExecutor$Worker.run(ThreadPoolExecutor.java:635)
	at java.lang.Thread.run(Thread.java:833)

2022.12.20 22:08:23 INFO  time: code lens generation in 2.55s
2022.12.20 22:08:48 WARN  no build target for: C:\Users\Yjoao\OneDrive\QA\Projetos-Pessoais\Java\structure-automation-java\src\test\java\support\BaseSteps.java
2022.12.20 22:08:50 ERROR text document: file:///C:/Users/Yjoao/OneDrive/QA/Projetos-Pessoais/Java/structure-automation-java/src/test/java/support/BaseSteps.javajava.nio.file.InvalidPathException: Illegal char <:> at index 4: file:///C:/Users/Yjoao/OneDrive/QA/Projetos-Pessoais/Java/structure-automation-java/src/test/java/support/BaseSteps.java
	at sun.nio.fs.WindowsPathParser.normalize(WindowsPathParser.java:182)
	at sun.nio.fs.WindowsPathParser.parse(WindowsPathParser.java:153)
	at sun.nio.fs.WindowsPathParser.parse(WindowsPathParser.java:77)
	at sun.nio.fs.WindowsPath.parse(WindowsPath.java:92)
	at sun.nio.fs.WindowsFileSystem.getPath(WindowsFileSystem.java:232)
	at java.nio.file.Path.resolve(Path.java:515)
	at scala.meta.io.AbsolutePath.resolve(AbsolutePath.scala:43)
	at scala.meta.internal.implementation.ImplementationProvider.$anonfun$computeInheritance$2(ImplementationProvider.scala:85)
	at scala.collection.immutable.Vector.foreach(Vector.scala:1895)
	at scala.meta.internal.implementation.ImplementationProvider.$anonfun$computeInheritance$1(ImplementationProvider.scala:79)
	at scala.meta.internal.implementation.ImplementationProvider.$anonfun$computeInheritance$1$adapted(ImplementationProvider.scala:78)
	at scala.collection.immutable.List.foreach(List.scala:333)
	at scala.meta.internal.implementation.ImplementationProvider.computeInheritance(ImplementationProvider.scala:78)
	at scala.meta.internal.implementation.ImplementationProvider.$anonfun$onChange$1(ImplementationProvider.scala:68)
	at java.util.concurrent.ConcurrentHashMap.compute(ConcurrentHashMap.java:1916)
	at scala.meta.internal.implementation.ImplementationProvider.onChange(ImplementationProvider.scala:68)
	at scala.meta.internal.metals.SemanticdbIndexer.$anonfun$onChange$1(SemanticdbIndexer.scala:81)
	at scala.meta.internal.metals.SemanticdbIndexer.$anonfun$onChange$1$adapted(SemanticdbIndexer.scala:81)
	at scala.collection.immutable.List.foreach(List.scala:333)
	at scala.meta.internal.metals.SemanticdbIndexer.onChange(SemanticdbIndexer.scala:81)
	at scala.meta.internal.metals.SemanticdbIndexer.onChange(SemanticdbIndexer.scala:77)
	at scala.meta.internal.metals.InteractiveSemanticdbs.$anonfun$textDocument$1(InteractiveSemanticdbs.scala:96)
	at java.util.HashMap.compute(HashMap.java:1316)
	at java.util.Collections$SynchronizedMap.compute(Collections.java:2770)
	at scala.meta.internal.metals.InteractiveSemanticdbs.textDocument(InteractiveSemanticdbs.scala:89)
	at scala.meta.internal.metals.InteractiveSemanticdbs.textDocument(InteractiveSemanticdbs.scala:63)
	at scala.meta.internal.metals.AggregateSemanticdbs.loop$1(AggregateSemanticdbs.scala:30)
	at scala.meta.internal.metals.AggregateSemanticdbs.textDocument(AggregateSemanticdbs.scala:36)
	at scala.meta.internal.metals.CodeLensProvider.findLenses(CodeLensProvider.scala:22)
	at scala.meta.internal.metals.MetalsLanguageServer.$anonfun$codeLens$2(MetalsLanguageServer.scala:1744)
	at scala.meta.internal.metals.TimerProvider.timedThunk(TimerProvider.scala:25)
	at scala.meta.internal.metals.MetalsLanguageServer.$anonfun$codeLens$1(MetalsLanguageServer.scala:1742)
	at scala.meta.internal.metals.CancelTokens$.$anonfun$apply$2(CancelTokens.scala:26)
	at scala.concurrent.Future$.$anonfun$apply$1(Future.scala:678)
	at scala.concurrent.impl.Promise$Transformation.run(Promise.scala:467)
	at java.util.concurrent.ThreadPoolExecutor.runWorker(ThreadPoolExecutor.java:1136)
	at java.util.concurrent.ThreadPoolExecutor$Worker.run(ThreadPoolExecutor.java:635)
	at java.lang.Thread.run(Thread.java:833)

2022.12.20 22:08:51 WARN  no build target for: C:\Users\Yjoao\OneDrive\QA\Projetos-Pessoais\Java\structure-automation-java\src\test\java\support\GeraCpfCnpj.java
2022.12.20 22:08:52 WARN  no build target for: C:\Users\Yjoao\OneDrive\QA\Projetos-Pessoais\Java\structure-automation-java\src\test\java\support\Hooks.java
2022.12.20 22:08:53 WARN  no build target for: C:\Users\Yjoao\OneDrive\QA\Projetos-Pessoais\Java\structure-automation-java\src\test\java\support\RESTSupport.java
2022.12.20 22:08:55 ERROR text document: file:///C:/Users/Yjoao/OneDrive/QA/Projetos-Pessoais/Java/structure-automation-java/src/test/java/support/GeraCpfCnpj.javajava.nio.file.InvalidPathException: Illegal char <:> at index 4: file:///C:/Users/Yjoao/OneDrive/QA/Projetos-Pessoais/Java/structure-automation-java/src/test/java/support/GeraCpfCnpj.java
	at sun.nio.fs.WindowsPathParser.normalize(WindowsPathParser.java:182)
	at sun.nio.fs.WindowsPathParser.parse(WindowsPathParser.java:153)
	at sun.nio.fs.WindowsPathParser.parse(WindowsPathParser.java:77)
	at sun.nio.fs.WindowsPath.parse(WindowsPath.java:92)
	at sun.nio.fs.WindowsFileSystem.getPath(WindowsFileSystem.java:232)
	at java.nio.file.Path.resolve(Path.java:515)
	at scala.meta.io.AbsolutePath.resolve(AbsolutePath.scala:43)
	at scala.meta.internal.implementation.ImplementationProvider.$anonfun$computeInheritance$2(ImplementationProvider.scala:85)
	at scala.collection.immutable.Vector.foreach(Vector.scala:1895)
	at scala.meta.internal.implementation.ImplementationProvider.$anonfun$computeInheritance$1(ImplementationProvider.scala:79)
	at scala.meta.internal.implementation.ImplementationProvider.$anonfun$computeInheritance$1$adapted(ImplementationProvider.scala:78)
	at scala.collection.immutable.List.foreach(List.scala:333)
	at scala.meta.internal.implementation.ImplementationProvider.computeInheritance(ImplementationProvider.scala:78)
	at scala.meta.internal.implementation.ImplementationProvider.$anonfun$onChange$1(ImplementationProvider.scala:68)
	at java.util.concurrent.ConcurrentHashMap.compute(ConcurrentHashMap.java:1916)
	at scala.meta.internal.implementation.ImplementationProvider.onChange(ImplementationProvider.scala:68)
	at scala.meta.internal.metals.SemanticdbIndexer.$anonfun$onChange$1(SemanticdbIndexer.scala:81)
	at scala.meta.internal.metals.SemanticdbIndexer.$anonfun$onChange$1$adapted(SemanticdbIndexer.scala:81)
	at scala.collection.immutable.List.foreach(List.scala:333)
	at scala.meta.internal.metals.SemanticdbIndexer.onChange(SemanticdbIndexer.scala:81)
	at scala.meta.internal.metals.SemanticdbIndexer.onChange(SemanticdbIndexer.scala:77)
	at scala.meta.internal.metals.InteractiveSemanticdbs.$anonfun$textDocument$1(InteractiveSemanticdbs.scala:96)
	at java.util.HashMap.compute(HashMap.java:1316)
	at java.util.Collections$SynchronizedMap.compute(Collections.java:2770)
	at scala.meta.internal.metals.InteractiveSemanticdbs.textDocument(InteractiveSemanticdbs.scala:89)
	at scala.meta.internal.metals.InteractiveSemanticdbs.textDocument(InteractiveSemanticdbs.scala:63)
	at scala.meta.internal.metals.AggregateSemanticdbs.loop$1(AggregateSemanticdbs.scala:30)
	at scala.meta.internal.metals.AggregateSemanticdbs.textDocument(AggregateSemanticdbs.scala:36)
	at scala.meta.internal.metals.CodeLensProvider.findLenses(CodeLensProvider.scala:22)
	at scala.meta.internal.metals.MetalsLanguageServer.$anonfun$codeLens$2(MetalsLanguageServer.scala:1744)
	at scala.meta.internal.metals.TimerProvider.timedThunk(TimerProvider.scala:25)
	at scala.meta.internal.metals.MetalsLanguageServer.$anonfun$codeLens$1(MetalsLanguageServer.scala:1742)
	at scala.meta.internal.metals.CancelTokens$.$anonfun$apply$2(CancelTokens.scala:26)
	at scala.concurrent.Future$.$anonfun$apply$1(Future.scala:678)
	at scala.concurrent.impl.Promise$Transformation.run(Promise.scala:467)
	at java.util.concurrent.ThreadPoolExecutor.runWorker(ThreadPoolExecutor.java:1136)
	at java.util.concurrent.ThreadPoolExecutor$Worker.run(ThreadPoolExecutor.java:635)
	at java.lang.Thread.run(Thread.java:833)

2022.12.20 22:08:55 INFO  time: code lens generation in 2.91s
2022.12.20 22:08:56 WARN  no build target for: C:\Users\Yjoao\OneDrive\QA\Projetos-Pessoais\Java\structure-automation-java\src\test\java\steps\AbrirGoogleSteps.java
2022.12.20 22:08:56 ERROR text document: file:///C:/Users/Yjoao/OneDrive/QA/Projetos-Pessoais/Java/structure-automation-java/src/test/java/support/RESTSupport.javajava.nio.file.InvalidPathException: Illegal char <:> at index 4: file:///C:/Users/Yjoao/OneDrive/QA/Projetos-Pessoais/Java/structure-automation-java/src/test/java/support/RESTSupport.java
	at sun.nio.fs.WindowsPathParser.normalize(WindowsPathParser.java:182)
	at sun.nio.fs.WindowsPathParser.parse(WindowsPathParser.java:153)
	at sun.nio.fs.WindowsPathParser.parse(WindowsPathParser.java:77)
	at sun.nio.fs.WindowsPath.parse(WindowsPath.java:92)
	at sun.nio.fs.WindowsFileSystem.getPath(WindowsFileSystem.java:232)
	at java.nio.file.Path.resolve(Path.java:515)
	at scala.meta.io.AbsolutePath.resolve(AbsolutePath.scala:43)
	at scala.meta.internal.implementation.ImplementationProvider.$anonfun$computeInheritance$2(ImplementationProvider.scala:85)
	at scala.collection.immutable.Vector.foreach(Vector.scala:1895)
	at scala.meta.internal.implementation.ImplementationProvider.$anonfun$computeInheritance$1(ImplementationProvider.scala:79)
	at scala.meta.internal.implementation.ImplementationProvider.$anonfun$computeInheritance$1$adapted(ImplementationProvider.scala:78)
	at scala.collection.immutable.List.foreach(List.scala:333)
	at scala.meta.internal.implementation.ImplementationProvider.computeInheritance(ImplementationProvider.scala:78)
	at scala.meta.internal.implementation.ImplementationProvider.$anonfun$onChange$1(ImplementationProvider.scala:68)
	at java.util.concurrent.ConcurrentHashMap.compute(ConcurrentHashMap.java:1916)
	at scala.meta.internal.implementation.ImplementationProvider.onChange(ImplementationProvider.scala:68)
	at scala.meta.internal.metals.SemanticdbIndexer.$anonfun$onChange$1(SemanticdbIndexer.scala:81)
	at scala.meta.internal.metals.SemanticdbIndexer.$anonfun$onChange$1$adapted(SemanticdbIndexer.scala:81)
	at scala.collection.immutable.List.foreach(List.scala:333)
	at scala.meta.internal.metals.SemanticdbIndexer.onChange(SemanticdbIndexer.scala:81)
	at scala.meta.internal.metals.SemanticdbIndexer.onChange(SemanticdbIndexer.scala:77)
	at scala.meta.internal.metals.InteractiveSemanticdbs.$anonfun$textDocument$1(InteractiveSemanticdbs.scala:96)
	at java.util.HashMap.compute(HashMap.java:1316)
	at java.util.Collections$SynchronizedMap.compute(Collections.java:2770)
	at scala.meta.internal.metals.InteractiveSemanticdbs.textDocument(InteractiveSemanticdbs.scala:89)
	at scala.meta.internal.metals.InteractiveSemanticdbs.textDocument(InteractiveSemanticdbs.scala:63)
	at scala.meta.internal.metals.AggregateSemanticdbs.loop$1(AggregateSemanticdbs.scala:30)
	at scala.meta.internal.metals.AggregateSemanticdbs.textDocument(AggregateSemanticdbs.scala:36)
	at scala.meta.internal.metals.CodeLensProvider.findLenses(CodeLensProvider.scala:22)
	at scala.meta.internal.metals.MetalsLanguageServer.$anonfun$codeLens$2(MetalsLanguageServer.scala:1744)
	at scala.meta.internal.metals.TimerProvider.timedThunk(TimerProvider.scala:25)
	at scala.meta.internal.metals.MetalsLanguageServer.$anonfun$codeLens$1(MetalsLanguageServer.scala:1742)
	at scala.meta.internal.metals.CancelTokens$.$anonfun$apply$2(CancelTokens.scala:26)
	at scala.concurrent.Future$.$anonfun$apply$1(Future.scala:678)
	at scala.concurrent.impl.Promise$Transformation.run(Promise.scala:467)
	at java.util.concurrent.ThreadPoolExecutor.runWorker(ThreadPoolExecutor.java:1136)
	at java.util.concurrent.ThreadPoolExecutor$Worker.run(ThreadPoolExecutor.java:635)
	at java.lang.Thread.run(Thread.java:833)

2022.12.20 22:08:56 INFO  time: code lens generation in 1.86s
2022.12.20 22:08:58 ERROR text document: file:///C:/Users/Yjoao/OneDrive/QA/Projetos-Pessoais/Java/structure-automation-java/src/test/java/support/Hooks.javajava.nio.file.InvalidPathException: Illegal char <:> at index 4: file:///C:/Users/Yjoao/OneDrive/QA/Projetos-Pessoais/Java/structure-automation-java/src/test/java/support/Hooks.java
	at sun.nio.fs.WindowsPathParser.normalize(WindowsPathParser.java:182)
	at sun.nio.fs.WindowsPathParser.parse(WindowsPathParser.java:153)
	at sun.nio.fs.WindowsPathParser.parse(WindowsPathParser.java:77)
	at sun.nio.fs.WindowsPath.parse(WindowsPath.java:92)
	at sun.nio.fs.WindowsFileSystem.getPath(WindowsFileSystem.java:232)
	at java.nio.file.Path.resolve(Path.java:515)
	at scala.meta.io.AbsolutePath.resolve(AbsolutePath.scala:43)
	at scala.meta.internal.implementation.ImplementationProvider.$anonfun$computeInheritance$2(ImplementationProvider.scala:85)
	at scala.collection.immutable.Vector.foreach(Vector.scala:1895)
	at scala.meta.internal.implementation.ImplementationProvider.$anonfun$computeInheritance$1(ImplementationProvider.scala:79)
	at scala.meta.internal.implementation.ImplementationProvider.$anonfun$computeInheritance$1$adapted(ImplementationProvider.scala:78)
	at scala.collection.immutable.List.foreach(List.scala:333)
	at scala.meta.internal.implementation.ImplementationProvider.computeInheritance(ImplementationProvider.scala:78)
	at scala.meta.internal.implementation.ImplementationProvider.$anonfun$onChange$1(ImplementationProvider.scala:68)
	at java.util.concurrent.ConcurrentHashMap.compute(ConcurrentHashMap.java:1916)
	at scala.meta.internal.implementation.ImplementationProvider.onChange(ImplementationProvider.scala:68)
	at scala.meta.internal.metals.SemanticdbIndexer.$anonfun$onChange$1(SemanticdbIndexer.scala:81)
	at scala.meta.internal.metals.SemanticdbIndexer.$anonfun$onChange$1$adapted(SemanticdbIndexer.scala:81)
	at scala.collection.immutable.List.foreach(List.scala:333)
	at scala.meta.internal.metals.SemanticdbIndexer.onChange(SemanticdbIndexer.scala:81)
	at scala.meta.internal.metals.SemanticdbIndexer.onChange(SemanticdbIndexer.scala:77)
	at scala.meta.internal.metals.InteractiveSemanticdbs.$anonfun$textDocument$1(InteractiveSemanticdbs.scala:96)
	at java.util.HashMap.compute(HashMap.java:1316)
	at java.util.Collections$SynchronizedMap.compute(Collections.java:2770)
	at scala.meta.internal.metals.InteractiveSemanticdbs.textDocument(InteractiveSemanticdbs.scala:89)
	at scala.meta.internal.metals.InteractiveSemanticdbs.textDocument(InteractiveSemanticdbs.scala:63)
	at scala.meta.internal.metals.AggregateSemanticdbs.loop$1(AggregateSemanticdbs.scala:30)
	at scala.meta.internal.metals.AggregateSemanticdbs.textDocument(AggregateSemanticdbs.scala:36)
	at scala.meta.internal.metals.CodeLensProvider.findLenses(CodeLensProvider.scala:22)
	at scala.meta.internal.metals.MetalsLanguageServer.$anonfun$codeLens$2(MetalsLanguageServer.scala:1744)
	at scala.meta.internal.metals.TimerProvider.timedThunk(TimerProvider.scala:25)
	at scala.meta.internal.metals.MetalsLanguageServer.$anonfun$codeLens$1(MetalsLanguageServer.scala:1742)
	at scala.meta.internal.metals.CancelTokens$.$anonfun$apply$2(CancelTokens.scala:26)
	at scala.concurrent.Future$.$anonfun$apply$1(Future.scala:678)
	at scala.concurrent.impl.Promise$Transformation.run(Promise.scala:467)
	at java.util.concurrent.ThreadPoolExecutor.runWorker(ThreadPoolExecutor.java:1136)
	at java.util.concurrent.ThreadPoolExecutor$Worker.run(ThreadPoolExecutor.java:635)
	at java.lang.Thread.run(Thread.java:833)

2022.12.20 22:08:58 INFO  time: code lens generation in 5.19s
2022.12.20 22:08:59 ERROR text document: file:///C:/Users/Yjoao/OneDrive/QA/Projetos-Pessoais/Java/structure-automation-java/src/test/java/steps/AbrirGoogleSteps.javajava.nio.file.InvalidPathException: Illegal char <:> at index 4: file:///C:/Users/Yjoao/OneDrive/QA/Projetos-Pessoais/Java/structure-automation-java/src/test/java/steps/AbrirGoogleSteps.java
	at sun.nio.fs.WindowsPathParser.normalize(WindowsPathParser.java:182)
	at sun.nio.fs.WindowsPathParser.parse(WindowsPathParser.java:153)
	at sun.nio.fs.WindowsPathParser.parse(WindowsPathParser.java:77)
	at sun.nio.fs.WindowsPath.parse(WindowsPath.java:92)
	at sun.nio.fs.WindowsFileSystem.getPath(WindowsFileSystem.java:232)
	at java.nio.file.Path.resolve(Path.java:515)
	at scala.meta.io.AbsolutePath.resolve(AbsolutePath.scala:43)
	at scala.meta.internal.implementation.ImplementationProvider.$anonfun$computeInheritance$2(ImplementationProvider.scala:85)
	at scala.collection.immutable.Vector.foreach(Vector.scala:1895)
	at scala.meta.internal.implementation.ImplementationProvider.$anonfun$computeInheritance$1(ImplementationProvider.scala:79)
	at scala.meta.internal.implementation.ImplementationProvider.$anonfun$computeInheritance$1$adapted(ImplementationProvider.scala:78)
	at scala.collection.immutable.List.foreach(List.scala:333)
	at scala.meta.internal.implementation.ImplementationProvider.computeInheritance(ImplementationProvider.scala:78)
	at scala.meta.internal.implementation.ImplementationProvider.$anonfun$onChange$1(ImplementationProvider.scala:68)
	at java.util.concurrent.ConcurrentHashMap.compute(ConcurrentHashMap.java:1916)
	at scala.meta.internal.implementation.ImplementationProvider.onChange(ImplementationProvider.scala:68)
	at scala.meta.internal.metals.SemanticdbIndexer.$anonfun$onChange$1(SemanticdbIndexer.scala:81)
	at scala.meta.internal.metals.SemanticdbIndexer.$anonfun$onChange$1$adapted(SemanticdbIndexer.scala:81)
	at scala.collection.immutable.List.foreach(List.scala:333)
	at scala.meta.internal.metals.SemanticdbIndexer.onChange(SemanticdbIndexer.scala:81)
	at scala.meta.internal.metals.SemanticdbIndexer.onChange(SemanticdbIndexer.scala:77)
	at scala.meta.internal.metals.InteractiveSemanticdbs.$anonfun$textDocument$1(InteractiveSemanticdbs.scala:96)
	at java.util.HashMap.compute(HashMap.java:1316)
	at java.util.Collections$SynchronizedMap.compute(Collections.java:2770)
	at scala.meta.internal.metals.InteractiveSemanticdbs.textDocument(InteractiveSemanticdbs.scala:89)
	at scala.meta.internal.metals.InteractiveSemanticdbs.textDocument(InteractiveSemanticdbs.scala:63)
	at scala.meta.internal.metals.AggregateSemanticdbs.loop$1(AggregateSemanticdbs.scala:30)
	at scala.meta.internal.metals.AggregateSemanticdbs.textDocument(AggregateSemanticdbs.scala:36)
	at scala.meta.internal.metals.CodeLensProvider.findLenses(CodeLensProvider.scala:22)
	at scala.meta.internal.metals.MetalsLanguageServer.$anonfun$codeLens$2(MetalsLanguageServer.scala:1744)
	at scala.meta.internal.metals.TimerProvider.timedThunk(TimerProvider.scala:25)
	at scala.meta.internal.metals.MetalsLanguageServer.$anonfun$codeLens$1(MetalsLanguageServer.scala:1742)
	at scala.meta.internal.metals.CancelTokens$.$anonfun$apply$2(CancelTokens.scala:26)
	at scala.concurrent.Future$.$anonfun$apply$1(Future.scala:678)
	at scala.concurrent.impl.Promise$Transformation.run(Promise.scala:467)
	at java.util.concurrent.ThreadPoolExecutor.runWorker(ThreadPoolExecutor.java:1136)
	at java.util.concurrent.ThreadPoolExecutor$Worker.run(ThreadPoolExecutor.java:635)
	at java.lang.Thread.run(Thread.java:833)

2022.12.20 22:08:59 INFO  time: code lens generation in 2.56s
2022.12.20 22:09:13 WARN  no build target for: C:\Users\Yjoao\OneDrive\QA\Projetos-Pessoais\Java\structure-automation-java\src\test\java\runner\RunnerTest.java
2022.12.20 22:09:14 ERROR text document: file:///C:/Users/Yjoao/OneDrive/QA/Projetos-Pessoais/Java/structure-automation-java/src/test/java/runner/RunnerTest.javajava.nio.file.InvalidPathException: Illegal char <:> at index 4: file:///C:/Users/Yjoao/OneDrive/QA/Projetos-Pessoais/Java/structure-automation-java/src/test/java/runner/RunnerTest.java
	at sun.nio.fs.WindowsPathParser.normalize(WindowsPathParser.java:182)
	at sun.nio.fs.WindowsPathParser.parse(WindowsPathParser.java:153)
	at sun.nio.fs.WindowsPathParser.parse(WindowsPathParser.java:77)
	at sun.nio.fs.WindowsPath.parse(WindowsPath.java:92)
	at sun.nio.fs.WindowsFileSystem.getPath(WindowsFileSystem.java:232)
	at java.nio.file.Path.resolve(Path.java:515)
	at scala.meta.io.AbsolutePath.resolve(AbsolutePath.scala:43)
	at scala.meta.internal.implementation.ImplementationProvider.$anonfun$computeInheritance$2(ImplementationProvider.scala:85)
	at scala.collection.immutable.Vector.foreach(Vector.scala:1895)
	at scala.meta.internal.implementation.ImplementationProvider.$anonfun$computeInheritance$1(ImplementationProvider.scala:79)
	at scala.meta.internal.implementation.ImplementationProvider.$anonfun$computeInheritance$1$adapted(ImplementationProvider.scala:78)
	at scala.collection.immutable.List.foreach(List.scala:333)
	at scala.meta.internal.implementation.ImplementationProvider.computeInheritance(ImplementationProvider.scala:78)
	at scala.meta.internal.implementation.ImplementationProvider.$anonfun$onChange$1(ImplementationProvider.scala:68)
	at java.util.concurrent.ConcurrentHashMap.compute(ConcurrentHashMap.java:1916)
	at scala.meta.internal.implementation.ImplementationProvider.onChange(ImplementationProvider.scala:68)
	at scala.meta.internal.metals.SemanticdbIndexer.$anonfun$onChange$1(SemanticdbIndexer.scala:81)
	at scala.meta.internal.metals.SemanticdbIndexer.$anonfun$onChange$1$adapted(SemanticdbIndexer.scala:81)
	at scala.collection.immutable.List.foreach(List.scala:333)
	at scala.meta.internal.metals.SemanticdbIndexer.onChange(SemanticdbIndexer.scala:81)
	at scala.meta.internal.metals.SemanticdbIndexer.onChange(SemanticdbIndexer.scala:77)
	at scala.meta.internal.metals.InteractiveSemanticdbs.$anonfun$textDocument$1(InteractiveSemanticdbs.scala:96)
	at java.util.HashMap.compute(HashMap.java:1316)
	at java.util.Collections$SynchronizedMap.compute(Collections.java:2770)
	at scala.meta.internal.metals.InteractiveSemanticdbs.textDocument(InteractiveSemanticdbs.scala:89)
	at scala.meta.internal.metals.InteractiveSemanticdbs.textDocument(InteractiveSemanticdbs.scala:63)
	at scala.meta.internal.metals.AggregateSemanticdbs.loop$1(AggregateSemanticdbs.scala:30)
	at scala.meta.internal.metals.AggregateSemanticdbs.textDocument(AggregateSemanticdbs.scala:36)
	at scala.meta.internal.metals.CodeLensProvider.findLenses(CodeLensProvider.scala:22)
	at scala.meta.internal.metals.MetalsLanguageServer.$anonfun$codeLens$2(MetalsLanguageServer.scala:1744)
	at scala.meta.internal.metals.TimerProvider.timedThunk(TimerProvider.scala:25)
	at scala.meta.internal.metals.MetalsLanguageServer.$anonfun$codeLens$1(MetalsLanguageServer.scala:1742)
	at scala.meta.internal.metals.CancelTokens$.$anonfun$apply$2(CancelTokens.scala:26)
	at scala.concurrent.Future$.$anonfun$apply$1(Future.scala:678)
	at scala.concurrent.impl.Promise$Transformation.run(Promise.scala:467)
	at java.util.concurrent.ThreadPoolExecutor.runWorker(ThreadPoolExecutor.java:1136)
	at java.util.concurrent.ThreadPoolExecutor$Worker.run(ThreadPoolExecutor.java:635)
	at java.lang.Thread.run(Thread.java:833)

2022.12.20 22:09:22 WARN  no build target for: C:\Users\Yjoao\OneDrive\QA\Projetos-Pessoais\Java\structure-automation-java\src\test\java\pages\AbrirGoogle.java
2022.12.20 22:09:23 ERROR text document: file:///C:/Users/Yjoao/OneDrive/QA/Projetos-Pessoais/Java/structure-automation-java/src/test/java/pages/AbrirGoogle.javajava.nio.file.InvalidPathException: Illegal char <:> at index 4: file:///C:/Users/Yjoao/OneDrive/QA/Projetos-Pessoais/Java/structure-automation-java/src/test/java/pages/AbrirGoogle.java
	at sun.nio.fs.WindowsPathParser.normalize(WindowsPathParser.java:182)
	at sun.nio.fs.WindowsPathParser.parse(WindowsPathParser.java:153)
	at sun.nio.fs.WindowsPathParser.parse(WindowsPathParser.java:77)
	at sun.nio.fs.WindowsPath.parse(WindowsPath.java:92)
	at sun.nio.fs.WindowsFileSystem.getPath(WindowsFileSystem.java:232)
	at java.nio.file.Path.resolve(Path.java:515)
	at scala.meta.io.AbsolutePath.resolve(AbsolutePath.scala:43)
	at scala.meta.internal.implementation.ImplementationProvider.$anonfun$computeInheritance$2(ImplementationProvider.scala:85)
	at scala.collection.immutable.Vector.foreach(Vector.scala:1895)
	at scala.meta.internal.implementation.ImplementationProvider.$anonfun$computeInheritance$1(ImplementationProvider.scala:79)
	at scala.meta.internal.implementation.ImplementationProvider.$anonfun$computeInheritance$1$adapted(ImplementationProvider.scala:78)
	at scala.collection.immutable.List.foreach(List.scala:333)
	at scala.meta.internal.implementation.ImplementationProvider.computeInheritance(ImplementationProvider.scala:78)
	at scala.meta.internal.implementation.ImplementationProvider.$anonfun$onChange$1(ImplementationProvider.scala:68)
	at java.util.concurrent.ConcurrentHashMap.compute(ConcurrentHashMap.java:1916)
	at scala.meta.internal.implementation.ImplementationProvider.onChange(ImplementationProvider.scala:68)
	at scala.meta.internal.metals.SemanticdbIndexer.$anonfun$onChange$1(SemanticdbIndexer.scala:81)
	at scala.meta.internal.metals.SemanticdbIndexer.$anonfun$onChange$1$adapted(SemanticdbIndexer.scala:81)
	at scala.collection.immutable.List.foreach(List.scala:333)
	at scala.meta.internal.metals.SemanticdbIndexer.onChange(SemanticdbIndexer.scala:81)
	at scala.meta.internal.metals.SemanticdbIndexer.onChange(SemanticdbIndexer.scala:77)
	at scala.meta.internal.metals.InteractiveSemanticdbs.$anonfun$textDocument$1(InteractiveSemanticdbs.scala:96)
	at java.util.HashMap.compute(HashMap.java:1316)
	at java.util.Collections$SynchronizedMap.compute(Collections.java:2770)
	at scala.meta.internal.metals.InteractiveSemanticdbs.textDocument(InteractiveSemanticdbs.scala:89)
	at scala.meta.internal.metals.InteractiveSemanticdbs.textDocument(InteractiveSemanticdbs.scala:63)
	at scala.meta.internal.metals.AggregateSemanticdbs.loop$1(AggregateSemanticdbs.scala:30)
	at scala.meta.internal.metals.AggregateSemanticdbs.textDocument(AggregateSemanticdbs.scala:36)
	at scala.meta.internal.metals.CodeLensProvider.findLenses(CodeLensProvider.scala:22)
	at scala.meta.internal.metals.MetalsLanguageServer.$anonfun$codeLens$2(MetalsLanguageServer.scala:1744)
	at scala.meta.internal.metals.TimerProvider.timedThunk(TimerProvider.scala:25)
	at scala.meta.internal.metals.MetalsLanguageServer.$anonfun$codeLens$1(MetalsLanguageServer.scala:1742)
	at scala.meta.internal.metals.CancelTokens$.$anonfun$apply$2(CancelTokens.scala:26)
	at scala.concurrent.Future$.$anonfun$apply$1(Future.scala:678)
	at scala.concurrent.impl.Promise$Transformation.run(Promise.scala:467)
	at java.util.concurrent.ThreadPoolExecutor.runWorker(ThreadPoolExecutor.java:1136)
	at java.util.concurrent.ThreadPoolExecutor$Worker.run(ThreadPoolExecutor.java:635)
	at java.lang.Thread.run(Thread.java:833)

2022.12.20 22:09:41 ERROR text document: file:///C:/Users/Yjoao/OneDrive/QA/Projetos-Pessoais/Java/structure-automation-java/src/test/java/pages/AbrirGoogle.javajava.nio.file.InvalidPathException: Illegal char <:> at index 4: file:///C:/Users/Yjoao/OneDrive/QA/Projetos-Pessoais/Java/structure-automation-java/src/test/java/pages/AbrirGoogle.java
	at sun.nio.fs.WindowsPathParser.normalize(WindowsPathParser.java:182)
	at sun.nio.fs.WindowsPathParser.parse(WindowsPathParser.java:153)
	at sun.nio.fs.WindowsPathParser.parse(WindowsPathParser.java:77)
	at sun.nio.fs.WindowsPath.parse(WindowsPath.java:92)
	at sun.nio.fs.WindowsFileSystem.getPath(WindowsFileSystem.java:232)
	at java.nio.file.Path.resolve(Path.java:515)
	at scala.meta.io.AbsolutePath.resolve(AbsolutePath.scala:43)
	at scala.meta.internal.implementation.ImplementationProvider.$anonfun$computeInheritance$2(ImplementationProvider.scala:85)
	at scala.collection.immutable.Vector.foreach(Vector.scala:1895)
	at scala.meta.internal.implementation.ImplementationProvider.$anonfun$computeInheritance$1(ImplementationProvider.scala:79)
	at scala.meta.internal.implementation.ImplementationProvider.$anonfun$computeInheritance$1$adapted(ImplementationProvider.scala:78)
	at scala.collection.immutable.List.foreach(List.scala:333)
	at scala.meta.internal.implementation.ImplementationProvider.computeInheritance(ImplementationProvider.scala:78)
	at scala.meta.internal.implementation.ImplementationProvider.$anonfun$onChange$1(ImplementationProvider.scala:68)
	at java.util.concurrent.ConcurrentHashMap.compute(ConcurrentHashMap.java:1916)
	at scala.meta.internal.implementation.ImplementationProvider.onChange(ImplementationProvider.scala:68)
	at scala.meta.internal.metals.SemanticdbIndexer.$anonfun$onChange$1(SemanticdbIndexer.scala:81)
	at scala.meta.internal.metals.SemanticdbIndexer.$anonfun$onChange$1$adapted(SemanticdbIndexer.scala:81)
	at scala.collection.immutable.List.foreach(List.scala:333)
	at scala.meta.internal.metals.SemanticdbIndexer.onChange(SemanticdbIndexer.scala:81)
	at scala.meta.internal.metals.SemanticdbIndexer.onChange(SemanticdbIndexer.scala:77)
	at scala.meta.internal.metals.InteractiveSemanticdbs.$anonfun$textDocument$1(InteractiveSemanticdbs.scala:96)
	at java.util.HashMap.compute(HashMap.java:1316)
	at java.util.Collections$SynchronizedMap.compute(Collections.java:2770)
	at scala.meta.internal.metals.InteractiveSemanticdbs.textDocument(InteractiveSemanticdbs.scala:89)
	at scala.meta.internal.metals.InteractiveSemanticdbs.textDocument(InteractiveSemanticdbs.scala:63)
	at scala.meta.internal.metals.AggregateSemanticdbs.loop$1(AggregateSemanticdbs.scala:30)
	at scala.meta.internal.metals.AggregateSemanticdbs.textDocument(AggregateSemanticdbs.scala:36)
	at scala.meta.internal.metals.CodeLensProvider.findLenses(CodeLensProvider.scala:22)
	at scala.meta.internal.metals.MetalsLanguageServer.$anonfun$codeLens$2(MetalsLanguageServer.scala:1744)
	at scala.meta.internal.metals.TimerProvider.timedThunk(TimerProvider.scala:25)
	at scala.meta.internal.metals.MetalsLanguageServer.$anonfun$codeLens$1(MetalsLanguageServer.scala:1742)
	at scala.meta.internal.metals.CancelTokens$.$anonfun$apply$2(CancelTokens.scala:26)
	at scala.concurrent.Future$.$anonfun$apply$1(Future.scala:678)
	at scala.concurrent.impl.Promise$Transformation.run(Promise.scala:467)
	at java.util.concurrent.ThreadPoolExecutor.runWorker(ThreadPoolExecutor.java:1136)
	at java.util.concurrent.ThreadPoolExecutor$Worker.run(ThreadPoolExecutor.java:635)
	at java.lang.Thread.run(Thread.java:833)

2022.12.20 22:09:45 WARN  no build target for: C:\Users\Yjoao\OneDrive\QA\Projetos-Pessoais\Java\structure-automation-java\src\test\java\runner\RunnerTest.java
2022.12.20 22:09:46 ERROR text document: file:///C:/Users/Yjoao/OneDrive/QA/Projetos-Pessoais/Java/structure-automation-java/src/test/java/runner/RunnerTest.javajava.nio.file.InvalidPathException: Illegal char <:> at index 4: file:///C:/Users/Yjoao/OneDrive/QA/Projetos-Pessoais/Java/structure-automation-java/src/test/java/runner/RunnerTest.java
	at sun.nio.fs.WindowsPathParser.normalize(WindowsPathParser.java:182)
	at sun.nio.fs.WindowsPathParser.parse(WindowsPathParser.java:153)
	at sun.nio.fs.WindowsPathParser.parse(WindowsPathParser.java:77)
	at sun.nio.fs.WindowsPath.parse(WindowsPath.java:92)
	at sun.nio.fs.WindowsFileSystem.getPath(WindowsFileSystem.java:232)
	at java.nio.file.Path.resolve(Path.java:515)
	at scala.meta.io.AbsolutePath.resolve(AbsolutePath.scala:43)
	at scala.meta.internal.implementation.ImplementationProvider.$anonfun$computeInheritance$2(ImplementationProvider.scala:85)
	at scala.collection.immutable.Vector.foreach(Vector.scala:1895)
	at scala.meta.internal.implementation.ImplementationProvider.$anonfun$computeInheritance$1(ImplementationProvider.scala:79)
	at scala.meta.internal.implementation.ImplementationProvider.$anonfun$computeInheritance$1$adapted(ImplementationProvider.scala:78)
	at scala.collection.immutable.List.foreach(List.scala:333)
	at scala.meta.internal.implementation.ImplementationProvider.computeInheritance(ImplementationProvider.scala:78)
	at scala.meta.internal.implementation.ImplementationProvider.$anonfun$onChange$1(ImplementationProvider.scala:68)
	at java.util.concurrent.ConcurrentHashMap.compute(ConcurrentHashMap.java:1916)
	at scala.meta.internal.implementation.ImplementationProvider.onChange(ImplementationProvider.scala:68)
	at scala.meta.internal.metals.SemanticdbIndexer.$anonfun$onChange$1(SemanticdbIndexer.scala:81)
	at scala.meta.internal.metals.SemanticdbIndexer.$anonfun$onChange$1$adapted(SemanticdbIndexer.scala:81)
	at scala.collection.immutable.List.foreach(List.scala:333)
	at scala.meta.internal.metals.SemanticdbIndexer.onChange(SemanticdbIndexer.scala:81)
	at scala.meta.internal.metals.SemanticdbIndexer.onChange(SemanticdbIndexer.scala:77)
	at scala.meta.internal.metals.InteractiveSemanticdbs.$anonfun$textDocument$1(InteractiveSemanticdbs.scala:96)
	at java.util.HashMap.compute(HashMap.java:1316)
	at java.util.Collections$SynchronizedMap.compute(Collections.java:2770)
	at scala.meta.internal.metals.InteractiveSemanticdbs.textDocument(InteractiveSemanticdbs.scala:89)
	at scala.meta.internal.metals.InteractiveSemanticdbs.textDocument(InteractiveSemanticdbs.scala:63)
	at scala.meta.internal.metals.AggregateSemanticdbs.loop$1(AggregateSemanticdbs.scala:30)
	at scala.meta.internal.metals.AggregateSemanticdbs.textDocument(AggregateSemanticdbs.scala:36)
	at scala.meta.internal.metals.CodeLensProvider.findLenses(CodeLensProvider.scala:22)
	at scala.meta.internal.metals.MetalsLanguageServer.$anonfun$codeLens$2(MetalsLanguageServer.scala:1744)
	at scala.meta.internal.metals.TimerProvider.timedThunk(TimerProvider.scala:25)
	at scala.meta.internal.metals.MetalsLanguageServer.$anonfun$codeLens$1(MetalsLanguageServer.scala:1742)
	at scala.meta.internal.metals.CancelTokens$.$anonfun$apply$2(CancelTokens.scala:26)
	at scala.concurrent.Future$.$anonfun$apply$1(Future.scala:678)
	at scala.concurrent.impl.Promise$Transformation.run(Promise.scala:467)
	at java.util.concurrent.ThreadPoolExecutor.runWorker(ThreadPoolExecutor.java:1136)
	at java.util.concurrent.ThreadPoolExecutor$Worker.run(ThreadPoolExecutor.java:635)
	at java.lang.Thread.run(Thread.java:833)

2022.12.20 22:09:47 WARN  no build target for: C:\Users\Yjoao\OneDrive\QA\Projetos-Pessoais\Java\structure-automation-java\src\test\java\steps\AbrirGoogleSteps.java
2022.12.20 22:09:48 ERROR text document: file:///C:/Users/Yjoao/OneDrive/QA/Projetos-Pessoais/Java/structure-automation-java/src/test/java/steps/AbrirGoogleSteps.javajava.nio.file.InvalidPathException: Illegal char <:> at index 4: file:///C:/Users/Yjoao/OneDrive/QA/Projetos-Pessoais/Java/structure-automation-java/src/test/java/steps/AbrirGoogleSteps.java
	at sun.nio.fs.WindowsPathParser.normalize(WindowsPathParser.java:182)
	at sun.nio.fs.WindowsPathParser.parse(WindowsPathParser.java:153)
	at sun.nio.fs.WindowsPathParser.parse(WindowsPathParser.java:77)
	at sun.nio.fs.WindowsPath.parse(WindowsPath.java:92)
	at sun.nio.fs.WindowsFileSystem.getPath(WindowsFileSystem.java:232)
	at java.nio.file.Path.resolve(Path.java:515)
	at scala.meta.io.AbsolutePath.resolve(AbsolutePath.scala:43)
	at scala.meta.internal.implementation.ImplementationProvider.$anonfun$computeInheritance$2(ImplementationProvider.scala:85)
	at scala.collection.immutable.Vector.foreach(Vector.scala:1895)
	at scala.meta.internal.implementation.ImplementationProvider.$anonfun$computeInheritance$1(ImplementationProvider.scala:79)
	at scala.meta.internal.implementation.ImplementationProvider.$anonfun$computeInheritance$1$adapted(ImplementationProvider.scala:78)
	at scala.collection.immutable.List.foreach(List.scala:333)
	at scala.meta.internal.implementation.ImplementationProvider.computeInheritance(ImplementationProvider.scala:78)
	at scala.meta.internal.implementation.ImplementationProvider.$anonfun$onChange$1(ImplementationProvider.scala:68)
	at java.util.concurrent.ConcurrentHashMap.compute(ConcurrentHashMap.java:1916)
	at scala.meta.internal.implementation.ImplementationProvider.onChange(ImplementationProvider.scala:68)
	at scala.meta.internal.metals.SemanticdbIndexer.$anonfun$onChange$1(SemanticdbIndexer.scala:81)
	at scala.meta.internal.metals.SemanticdbIndexer.$anonfun$onChange$1$adapted(SemanticdbIndexer.scala:81)
	at scala.collection.immutable.List.foreach(List.scala:333)
	at scala.meta.internal.metals.SemanticdbIndexer.onChange(SemanticdbIndexer.scala:81)
	at scala.meta.internal.metals.SemanticdbIndexer.onChange(SemanticdbIndexer.scala:77)
	at scala.meta.internal.metals.InteractiveSemanticdbs.$anonfun$textDocument$1(InteractiveSemanticdbs.scala:96)
	at java.util.HashMap.compute(HashMap.java:1316)
	at java.util.Collections$SynchronizedMap.compute(Collections.java:2770)
	at scala.meta.internal.metals.InteractiveSemanticdbs.textDocument(InteractiveSemanticdbs.scala:89)
	at scala.meta.internal.metals.InteractiveSemanticdbs.textDocument(InteractiveSemanticdbs.scala:63)
	at scala.meta.internal.metals.AggregateSemanticdbs.loop$1(AggregateSemanticdbs.scala:30)
	at scala.meta.internal.metals.AggregateSemanticdbs.textDocument(AggregateSemanticdbs.scala:36)
	at scala.meta.internal.metals.CodeLensProvider.findLenses(CodeLensProvider.scala:22)
	at scala.meta.internal.metals.MetalsLanguageServer.$anonfun$codeLens$2(MetalsLanguageServer.scala:1744)
	at scala.meta.internal.metals.TimerProvider.timedThunk(TimerProvider.scala:25)
	at scala.meta.internal.metals.MetalsLanguageServer.$anonfun$codeLens$1(MetalsLanguageServer.scala:1742)
	at scala.meta.internal.metals.CancelTokens$.$anonfun$apply$2(CancelTokens.scala:26)
	at scala.concurrent.Future$.$anonfun$apply$1(Future.scala:678)
	at scala.concurrent.impl.Promise$Transformation.run(Promise.scala:467)
	at java.util.concurrent.ThreadPoolExecutor.runWorker(ThreadPoolExecutor.java:1136)
	at java.util.concurrent.ThreadPoolExecutor$Worker.run(ThreadPoolExecutor.java:635)
	at java.lang.Thread.run(Thread.java:833)

2022.12.20 22:09:50 ERROR text document: file:///C:/Users/Yjoao/OneDrive/QA/Projetos-Pessoais/Java/structure-automation-java/src/test/java/steps/AbrirGoogleSteps.javajava.nio.file.InvalidPathException: Illegal char <:> at index 4: file:///C:/Users/Yjoao/OneDrive/QA/Projetos-Pessoais/Java/structure-automation-java/src/test/java/steps/AbrirGoogleSteps.java
	at sun.nio.fs.WindowsPathParser.normalize(WindowsPathParser.java:182)
	at sun.nio.fs.WindowsPathParser.parse(WindowsPathParser.java:153)
	at sun.nio.fs.WindowsPathParser.parse(WindowsPathParser.java:77)
	at sun.nio.fs.WindowsPath.parse(WindowsPath.java:92)
	at sun.nio.fs.WindowsFileSystem.getPath(WindowsFileSystem.java:232)
	at java.nio.file.Path.resolve(Path.java:515)
	at scala.meta.io.AbsolutePath.resolve(AbsolutePath.scala:43)
	at scala.meta.internal.implementation.ImplementationProvider.$anonfun$computeInheritance$2(ImplementationProvider.scala:85)
	at scala.collection.immutable.Vector.foreach(Vector.scala:1895)
	at scala.meta.internal.implementation.ImplementationProvider.$anonfun$computeInheritance$1(ImplementationProvider.scala:79)
	at scala.meta.internal.implementation.ImplementationProvider.$anonfun$computeInheritance$1$adapted(ImplementationProvider.scala:78)
	at scala.collection.immutable.List.foreach(List.scala:333)
	at scala.meta.internal.implementation.ImplementationProvider.computeInheritance(ImplementationProvider.scala:78)
	at scala.meta.internal.implementation.ImplementationProvider.$anonfun$onChange$1(ImplementationProvider.scala:68)
	at java.util.concurrent.ConcurrentHashMap.compute(ConcurrentHashMap.java:1916)
	at scala.meta.internal.implementation.ImplementationProvider.onChange(ImplementationProvider.scala:68)
	at scala.meta.internal.metals.SemanticdbIndexer.$anonfun$onChange$1(SemanticdbIndexer.scala:81)
	at scala.meta.internal.metals.SemanticdbIndexer.$anonfun$onChange$1$adapted(SemanticdbIndexer.scala:81)
	at scala.collection.immutable.List.foreach(List.scala:333)
	at scala.meta.internal.metals.SemanticdbIndexer.onChange(SemanticdbIndexer.scala:81)
	at scala.meta.internal.metals.SemanticdbIndexer.onChange(SemanticdbIndexer.scala:77)
	at scala.meta.internal.metals.InteractiveSemanticdbs.$anonfun$textDocument$1(InteractiveSemanticdbs.scala:96)
	at java.util.HashMap.compute(HashMap.java:1316)
	at java.util.Collections$SynchronizedMap.compute(Collections.java:2770)
	at scala.meta.internal.metals.InteractiveSemanticdbs.textDocument(InteractiveSemanticdbs.scala:89)
	at scala.meta.internal.metals.InteractiveSemanticdbs.textDocument(InteractiveSemanticdbs.scala:63)
	at scala.meta.internal.metals.AggregateSemanticdbs.loop$1(AggregateSemanticdbs.scala:30)
	at scala.meta.internal.metals.AggregateSemanticdbs.textDocument(AggregateSemanticdbs.scala:36)
	at scala.meta.internal.metals.CodeLensProvider.findLenses(CodeLensProvider.scala:22)
	at scala.meta.internal.metals.MetalsLanguageServer.$anonfun$codeLens$2(MetalsLanguageServer.scala:1744)
	at scala.meta.internal.metals.TimerProvider.timedThunk(TimerProvider.scala:25)
	at scala.meta.internal.metals.MetalsLanguageServer.$anonfun$codeLens$1(MetalsLanguageServer.scala:1742)
	at scala.meta.internal.metals.CancelTokens$.$anonfun$apply$2(CancelTokens.scala:26)
	at scala.concurrent.Future$.$anonfun$apply$1(Future.scala:678)
	at scala.concurrent.impl.Promise$Transformation.run(Promise.scala:467)
	at java.util.concurrent.ThreadPoolExecutor.runWorker(ThreadPoolExecutor.java:1136)
	at java.util.concurrent.ThreadPoolExecutor$Worker.run(ThreadPoolExecutor.java:635)
	at java.lang.Thread.run(Thread.java:833)

2022.12.20 22:10:13 WARN  no build target for: C:\Users\Yjoao\OneDrive\QA\Projetos-Pessoais\Java\structure-automation-java\src\test\java\pages\AbrirGoogle.java
2022.12.20 22:10:15 WARN  no build target for: C:\Users\Yjoao\OneDrive\QA\Projetos-Pessoais\Java\structure-automation-java\src\test\java\runner\RunnerTest.java
2022.12.20 22:10:15 ERROR text document: file:///C:/Users/Yjoao/OneDrive/QA/Projetos-Pessoais/Java/structure-automation-java/src/test/java/pages/AbrirGoogle.javajava.nio.file.InvalidPathException: Illegal char <:> at index 4: file:///C:/Users/Yjoao/OneDrive/QA/Projetos-Pessoais/Java/structure-automation-java/src/test/java/pages/AbrirGoogle.java
	at sun.nio.fs.WindowsPathParser.normalize(WindowsPathParser.java:182)
	at sun.nio.fs.WindowsPathParser.parse(WindowsPathParser.java:153)
	at sun.nio.fs.WindowsPathParser.parse(WindowsPathParser.java:77)
	at sun.nio.fs.WindowsPath.parse(WindowsPath.java:92)
	at sun.nio.fs.WindowsFileSystem.getPath(WindowsFileSystem.java:232)
	at java.nio.file.Path.resolve(Path.java:515)
	at scala.meta.io.AbsolutePath.resolve(AbsolutePath.scala:43)
	at scala.meta.internal.implementation.ImplementationProvider.$anonfun$computeInheritance$2(ImplementationProvider.scala:85)
	at scala.collection.immutable.Vector.foreach(Vector.scala:1895)
	at scala.meta.internal.implementation.ImplementationProvider.$anonfun$computeInheritance$1(ImplementationProvider.scala:79)
	at scala.meta.internal.implementation.ImplementationProvider.$anonfun$computeInheritance$1$adapted(ImplementationProvider.scala:78)
	at scala.collection.immutable.List.foreach(List.scala:333)
	at scala.meta.internal.implementation.ImplementationProvider.computeInheritance(ImplementationProvider.scala:78)
	at scala.meta.internal.implementation.ImplementationProvider.$anonfun$onChange$1(ImplementationProvider.scala:68)
	at java.util.concurrent.ConcurrentHashMap.compute(ConcurrentHashMap.java:1916)
	at scala.meta.internal.implementation.ImplementationProvider.onChange(ImplementationProvider.scala:68)
	at scala.meta.internal.metals.SemanticdbIndexer.$anonfun$onChange$1(SemanticdbIndexer.scala:81)
	at scala.meta.internal.metals.SemanticdbIndexer.$anonfun$onChange$1$adapted(SemanticdbIndexer.scala:81)
	at scala.collection.immutable.List.foreach(List.scala:333)
	at scala.meta.internal.metals.SemanticdbIndexer.onChange(SemanticdbIndexer.scala:81)
	at scala.meta.internal.metals.SemanticdbIndexer.onChange(SemanticdbIndexer.scala:77)
	at scala.meta.internal.metals.InteractiveSemanticdbs.$anonfun$textDocument$1(InteractiveSemanticdbs.scala:96)
	at java.util.HashMap.compute(HashMap.java:1316)
	at java.util.Collections$SynchronizedMap.compute(Collections.java:2770)
	at scala.meta.internal.metals.InteractiveSemanticdbs.textDocument(InteractiveSemanticdbs.scala:89)
	at scala.meta.internal.metals.InteractiveSemanticdbs.textDocument(InteractiveSemanticdbs.scala:63)
	at scala.meta.internal.metals.AggregateSemanticdbs.loop$1(AggregateSemanticdbs.scala:30)
	at scala.meta.internal.metals.AggregateSemanticdbs.textDocument(AggregateSemanticdbs.scala:36)
	at scala.meta.internal.metals.CodeLensProvider.findLenses(CodeLensProvider.scala:22)
	at scala.meta.internal.metals.MetalsLanguageServer.$anonfun$codeLens$2(MetalsLanguageServer.scala:1744)
	at scala.meta.internal.metals.TimerProvider.timedThunk(TimerProvider.scala:25)
	at scala.meta.internal.metals.MetalsLanguageServer.$anonfun$codeLens$1(MetalsLanguageServer.scala:1742)
	at scala.meta.internal.metals.CancelTokens$.$anonfun$apply$2(CancelTokens.scala:26)
	at scala.concurrent.Future$.$anonfun$apply$1(Future.scala:678)
	at scala.concurrent.impl.Promise$Transformation.run(Promise.scala:467)
	at java.util.concurrent.ThreadPoolExecutor.runWorker(ThreadPoolExecutor.java:1136)
	at java.util.concurrent.ThreadPoolExecutor$Worker.run(ThreadPoolExecutor.java:635)
	at java.lang.Thread.run(Thread.java:833)

2022.12.20 22:10:15 INFO  time: code lens generation in 1.01s
2022.12.20 22:10:16 WARN  no build target for: C:\Users\Yjoao\OneDrive\QA\Projetos-Pessoais\Java\structure-automation-java\src\test\java\steps\AbrirGoogleSteps.java
2022.12.20 22:10:17 ERROR text document: file:///C:/Users/Yjoao/OneDrive/QA/Projetos-Pessoais/Java/structure-automation-java/src/test/java/runner/RunnerTest.javajava.nio.file.InvalidPathException: Illegal char <:> at index 4: file:///C:/Users/Yjoao/OneDrive/QA/Projetos-Pessoais/Java/structure-automation-java/src/test/java/runner/RunnerTest.java
	at sun.nio.fs.WindowsPathParser.normalize(WindowsPathParser.java:182)
	at sun.nio.fs.WindowsPathParser.parse(WindowsPathParser.java:153)
	at sun.nio.fs.WindowsPathParser.parse(WindowsPathParser.java:77)
	at sun.nio.fs.WindowsPath.parse(WindowsPath.java:92)
	at sun.nio.fs.WindowsFileSystem.getPath(WindowsFileSystem.java:232)
	at java.nio.file.Path.resolve(Path.java:515)
	at scala.meta.io.AbsolutePath.resolve(AbsolutePath.scala:43)
	at scala.meta.internal.implementation.ImplementationProvider.$anonfun$computeInheritance$2(ImplementationProvider.scala:85)
	at scala.collection.immutable.Vector.foreach(Vector.scala:1895)
	at scala.meta.internal.implementation.ImplementationProvider.$anonfun$computeInheritance$1(ImplementationProvider.scala:79)
	at scala.meta.internal.implementation.ImplementationProvider.$anonfun$computeInheritance$1$adapted(ImplementationProvider.scala:78)
	at scala.collection.immutable.List.foreach(List.scala:333)
	at scala.meta.internal.implementation.ImplementationProvider.computeInheritance(ImplementationProvider.scala:78)
	at scala.meta.internal.implementation.ImplementationProvider.$anonfun$onChange$1(ImplementationProvider.scala:68)
	at java.util.concurrent.ConcurrentHashMap.compute(ConcurrentHashMap.java:1916)
	at scala.meta.internal.implementation.ImplementationProvider.onChange(ImplementationProvider.scala:68)
	at scala.meta.internal.metals.SemanticdbIndexer.$anonfun$onChange$1(SemanticdbIndexer.scala:81)
	at scala.meta.internal.metals.SemanticdbIndexer.$anonfun$onChange$1$adapted(SemanticdbIndexer.scala:81)
	at scala.collection.immutable.List.foreach(List.scala:333)
	at scala.meta.internal.metals.SemanticdbIndexer.onChange(SemanticdbIndexer.scala:81)
	at scala.meta.internal.metals.SemanticdbIndexer.onChange(SemanticdbIndexer.scala:77)
	at scala.meta.internal.metals.InteractiveSemanticdbs.$anonfun$textDocument$1(InteractiveSemanticdbs.scala:96)
	at java.util.HashMap.compute(HashMap.java:1316)
	at java.util.Collections$SynchronizedMap.compute(Collections.java:2770)
	at scala.meta.internal.metals.InteractiveSemanticdbs.textDocument(InteractiveSemanticdbs.scala:89)
	at scala.meta.internal.metals.InteractiveSemanticdbs.textDocument(InteractiveSemanticdbs.scala:63)
	at scala.meta.internal.metals.AggregateSemanticdbs.loop$1(AggregateSemanticdbs.scala:30)
	at scala.meta.internal.metals.AggregateSemanticdbs.textDocument(AggregateSemanticdbs.scala:36)
	at scala.meta.internal.metals.CodeLensProvider.findLenses(CodeLensProvider.scala:22)
	at scala.meta.internal.metals.MetalsLanguageServer.$anonfun$codeLens$2(MetalsLanguageServer.scala:1744)
	at scala.meta.internal.metals.TimerProvider.timedThunk(TimerProvider.scala:25)
	at scala.meta.internal.metals.MetalsLanguageServer.$anonfun$codeLens$1(MetalsLanguageServer.scala:1742)
	at scala.meta.internal.metals.CancelTokens$.$anonfun$apply$2(CancelTokens.scala:26)
	at scala.concurrent.Future$.$anonfun$apply$1(Future.scala:678)
	at scala.concurrent.impl.Promise$Transformation.run(Promise.scala:467)
	at java.util.concurrent.ThreadPoolExecutor.runWorker(ThreadPoolExecutor.java:1136)
	at java.util.concurrent.ThreadPoolExecutor$Worker.run(ThreadPoolExecutor.java:635)
	at java.lang.Thread.run(Thread.java:833)

2022.12.20 22:10:17 INFO  time: code lens generation in 1.26s
2022.12.20 22:10:18 ERROR text document: file:///C:/Users/Yjoao/OneDrive/QA/Projetos-Pessoais/Java/structure-automation-java/src/test/java/steps/AbrirGoogleSteps.javajava.nio.file.InvalidPathException: Illegal char <:> at index 4: file:///C:/Users/Yjoao/OneDrive/QA/Projetos-Pessoais/Java/structure-automation-java/src/test/java/steps/AbrirGoogleSteps.java
	at sun.nio.fs.WindowsPathParser.normalize(WindowsPathParser.java:182)
	at sun.nio.fs.WindowsPathParser.parse(WindowsPathParser.java:153)
	at sun.nio.fs.WindowsPathParser.parse(WindowsPathParser.java:77)
	at sun.nio.fs.WindowsPath.parse(WindowsPath.java:92)
	at sun.nio.fs.WindowsFileSystem.getPath(WindowsFileSystem.java:232)
	at java.nio.file.Path.resolve(Path.java:515)
	at scala.meta.io.AbsolutePath.resolve(AbsolutePath.scala:43)
	at scala.meta.internal.implementation.ImplementationProvider.$anonfun$computeInheritance$2(ImplementationProvider.scala:85)
	at scala.collection.immutable.Vector.foreach(Vector.scala:1895)
	at scala.meta.internal.implementation.ImplementationProvider.$anonfun$computeInheritance$1(ImplementationProvider.scala:79)
	at scala.meta.internal.implementation.ImplementationProvider.$anonfun$computeInheritance$1$adapted(ImplementationProvider.scala:78)
	at scala.collection.immutable.List.foreach(List.scala:333)
	at scala.meta.internal.implementation.ImplementationProvider.computeInheritance(ImplementationProvider.scala:78)
	at scala.meta.internal.implementation.ImplementationProvider.$anonfun$onChange$1(ImplementationProvider.scala:68)
	at java.util.concurrent.ConcurrentHashMap.compute(ConcurrentHashMap.java:1916)
	at scala.meta.internal.implementation.ImplementationProvider.onChange(ImplementationProvider.scala:68)
	at scala.meta.internal.metals.SemanticdbIndexer.$anonfun$onChange$1(SemanticdbIndexer.scala:81)
	at scala.meta.internal.metals.SemanticdbIndexer.$anonfun$onChange$1$adapted(SemanticdbIndexer.scala:81)
	at scala.collection.immutable.List.foreach(List.scala:333)
	at scala.meta.internal.metals.SemanticdbIndexer.onChange(SemanticdbIndexer.scala:81)
	at scala.meta.internal.metals.SemanticdbIndexer.onChange(SemanticdbIndexer.scala:77)
	at scala.meta.internal.metals.InteractiveSemanticdbs.$anonfun$textDocument$1(InteractiveSemanticdbs.scala:96)
	at java.util.HashMap.compute(HashMap.java:1316)
	at java.util.Collections$SynchronizedMap.compute(Collections.java:2770)
	at scala.meta.internal.metals.InteractiveSemanticdbs.textDocument(InteractiveSemanticdbs.scala:89)
	at scala.meta.internal.metals.InteractiveSemanticdbs.textDocument(InteractiveSemanticdbs.scala:63)
	at scala.meta.internal.metals.AggregateSemanticdbs.loop$1(AggregateSemanticdbs.scala:30)
	at scala.meta.internal.metals.AggregateSemanticdbs.textDocument(AggregateSemanticdbs.scala:36)
	at scala.meta.internal.metals.CodeLensProvider.findLenses(CodeLensProvider.scala:22)
	at scala.meta.internal.metals.MetalsLanguageServer.$anonfun$codeLens$2(MetalsLanguageServer.scala:1744)
	at scala.meta.internal.metals.TimerProvider.timedThunk(TimerProvider.scala:25)
	at scala.meta.internal.metals.MetalsLanguageServer.$anonfun$codeLens$1(MetalsLanguageServer.scala:1742)
	at scala.meta.internal.metals.CancelTokens$.$anonfun$apply$2(CancelTokens.scala:26)
	at scala.concurrent.Future$.$anonfun$apply$1(Future.scala:678)
	at scala.concurrent.impl.Promise$Transformation.run(Promise.scala:467)
	at java.util.concurrent.ThreadPoolExecutor.runWorker(ThreadPoolExecutor.java:1136)
	at java.util.concurrent.ThreadPoolExecutor$Worker.run(ThreadPoolExecutor.java:635)
	at java.lang.Thread.run(Thread.java:833)

2022.12.20 22:21:08 INFO  shutting down Metals
2022.12.20 22:27:51 INFO  tracing is disabled for protocol LSP, to enable tracing of incoming and outgoing JSON messages create an empty file at c:\Users\Yjoao\OneDrive\QA\Projetos-Pessoais\Java\structure-automation-java\.metals\lsp.trace.json or C:\Users\Yjoao\AppData\Local\scalameta\metals\cache\lsp.trace.json
2022.12.20 22:27:53 INFO  logging to file C:\Users\Yjoao\OneDrive\QA\Projetos-Pessoais\Java\structure-automation-java\.metals\metals.log
2022.12.20 22:27:53 INFO  Started: Metals version 0.11.9 in workspace 'C:\Users\Yjoao\OneDrive\QA\Projetos-Pessoais\Java\structure-automation-java' for client Visual Studio Code 1.74.2.
2022.12.20 22:27:55 INFO  time: initialize in 1.97s
2022.12.20 22:27:57 WARN  Build server is not auto-connectable.
2022.12.20 22:28:06 INFO  running 'C:\Program Files\Java\jdk-17\bin\java -Dfile.encoding=UTF-8 -Dmaven.multiModuleProjectDirectory=C:\Users\Yjoao\OneDrive\QA\Projetos-Pessoais\Java\structure-automation-java -Dmaven.home=C:\Users\Yjoao\AppData\Local\Temp\metals14168544369151213819 -cp C:\Users\Yjoao\AppData\Local\Temp\metals14168544369151213819\maven-wrapper.jar org.apache.maven.wrapper.MavenWrapperMain generate-sources ch.epfl.scala:maven-bloop_2.13:1.5.4:bloopInstall -DdownloadSources=true'
2022.12.20 22:28:11 INFO  [INFO] Scanning for projects...
2022.12.20 22:28:11 INFO  Downloading from central: https://repo.maven.apache.org/maven2/ch/epfl/scala/maven-bloop_2.13/1.5.4/maven-bloop_2.13-1.5.4.pom
2022.12.20 22:28:11 INFO  Progress (1): 2.7/3.2 kB
2022.12.20 22:28:11 INFO  Progress (1): 3.2 kB    
2022.12.20 22:28:11 INFO                      
2022.12.20 22:28:11 INFO  Downloaded from central: https://repo.maven.apache.org/maven2/ch/epfl/scala/maven-bloop_2.13/1.5.4/maven-bloop_2.13-1.5.4.pom (3.2 kB at 5.2 kB/s)
2022.12.20 22:28:11 INFO  Downloading from central: https://repo.maven.apache.org/maven2/ch/epfl/scala/maven-bloop_2.13/1.5.4/maven-bloop_2.13-1.5.4.jar
2022.12.20 22:28:11 INFO  Progress (1): 2.7/44 kB
2022.12.20 22:28:11 INFO  Progress (1): 5.5/44 kB
2022.12.20 22:28:11 INFO  Progress (1): 8.2/44 kB
2022.12.20 22:28:11 INFO  Progress (1): 11/44 kB 
2022.12.20 22:28:11 INFO  Progress (1): 14/44 kB
2022.12.20 22:28:11 INFO  Progress (1): 16/44 kB
2022.12.20 22:28:11 INFO  Progress (1): 19/44 kB
2022.12.20 22:28:11 INFO  Progress (1): 22/44 kB
2022.12.20 22:28:11 INFO  Progress (1): 25/44 kB
2022.12.20 22:28:11 INFO  Progress (1): 27/44 kB
2022.12.20 22:28:11 INFO  Progress (1): 30/44 kB
2022.12.20 22:28:11 INFO  Progress (1): 33/44 kB
2022.12.20 22:28:11 INFO  Progress (1): 36/44 kB
2022.12.20 22:28:11 INFO  Progress (1): 38/44 kB
2022.12.20 22:28:12 INFO  Progress (1): 41/44 kB
2022.12.20 22:28:12 INFO  Progress (1): 44/44 kB
2022.12.20 22:28:12 INFO  Progress (1): 44 kB   
2022.12.20 22:28:12 INFO                     
2022.12.20 22:28:12 INFO  Downloaded from central: https://repo.maven.apache.org/maven2/ch/epfl/scala/maven-bloop_2.13/1.5.4/maven-bloop_2.13-1.5.4.jar (44 kB at 103 kB/s)
2022.12.20 22:28:12 INFO  [INFO] 
2022.12.20 22:28:12 INFO  [INFO] -----------------< System-Testing:struture-automation >-----------------
2022.12.20 22:28:12 INFO  [INFO] Building struture-automation 1.0-SNAPSHOT
2022.12.20 22:28:12 INFO  [INFO] --------------------------------[ jar ]---------------------------------
2022.12.20 22:28:12 INFO  [INFO] 
2022.12.20 22:28:12 INFO  [INFO] --- maven-bloop_2.13:1.5.4:bloopInstall (default-cli) @ struture-automation ---
2022.12.20 22:28:12 INFO  Downloading from central: https://repo.maven.apache.org/maven2/org/scala-lang/scala-library/2.13.8/scala-library-2.13.8.pom
2022.12.20 22:28:12 INFO  Progress (1): 1.6 kB
2022.12.20 22:28:13 INFO                      
2022.12.20 22:28:13 INFO  Downloaded from central: https://repo.maven.apache.org/maven2/org/scala-lang/scala-library/2.13.8/scala-library-2.13.8.pom (1.6 kB at 5.7 kB/s)
2022.12.20 22:28:13 INFO  Downloading from central: https://repo.maven.apache.org/maven2/ch/epfl/scala/bloop-config_2.13/1.5.4/bloop-config_2.13-1.5.4.pom
2022.12.20 22:28:13 INFO  Progress (1): 2.7 kB
2022.12.20 22:28:13 INFO                      
2022.12.20 22:28:13 INFO  Downloaded from central: https://repo.maven.apache.org/maven2/ch/epfl/scala/bloop-config_2.13/1.5.4/bloop-config_2.13-1.5.4.pom (2.7 kB at 9.5 kB/s)
2022.12.20 22:28:13 INFO  Downloading from central: https://repo.maven.apache.org/maven2/com/github/plokhotnyuk/jsoniter-scala/jsoniter-scala-core_2.13/2.4.0/jsoniter-scala-core_2.13-2.4.0.pom
2022.12.20 22:28:13 INFO  Progress (1): 2.3 kB
2022.12.20 22:28:13 INFO                      
2022.12.20 22:28:13 INFO  Downloaded from central: https://repo.maven.apache.org/maven2/com/github/plokhotnyuk/jsoniter-scala/jsoniter-scala-core_2.13/2.4.0/jsoniter-scala-core_2.13-2.4.0.pom (2.3 kB at 7.8 kB/s)
2022.12.20 22:28:13 INFO  Downloading from central: https://repo.maven.apache.org/maven2/org/scala-lang/scala-library/2.13.2/scala-library-2.13.2.pom
2022.12.20 22:28:13 INFO  Progress (1): 1.6 kB
2022.12.20 22:28:13 INFO                      
2022.12.20 22:28:13 INFO  Downloaded from central: https://repo.maven.apache.org/maven2/org/scala-lang/scala-library/2.13.2/scala-library-2.13.2.pom (1.6 kB at 5.3 kB/s)
2022.12.20 22:28:13 INFO  Downloading from central: https://repo.maven.apache.org/maven2/org/apache/maven/maven-plugin-api/3.6.1/maven-plugin-api-3.6.1.pom
2022.12.20 22:28:14 INFO  Progress (1): 2.7/2.9 kB
2022.12.20 22:28:14 INFO  Progress (1): 2.9 kB    
2022.12.20 22:28:14 INFO                      
2022.12.20 22:28:14 INFO  Downloaded from central: https://repo.maven.apache.org/maven2/org/apache/maven/maven-plugin-api/3.6.1/maven-plugin-api-3.6.1.pom (2.9 kB at 9.9 kB/s)
2022.12.20 22:28:14 INFO  Downloading from central: https://repo.maven.apache.org/maven2/org/apache/maven/maven/3.6.1/maven-3.6.1.pom
2022.12.20 22:28:14 INFO  Progress (1): 4.1/24 kB
2022.12.20 22:28:14 INFO  Progress (1): 8.2/24 kB
2022.12.20 22:28:14 INFO  Progress (1): 12/24 kB 
2022.12.20 22:28:14 INFO  Progress (1): 16/24 kB
2022.12.20 22:28:14 INFO  Progress (1): 20/24 kB
2022.12.20 22:28:14 INFO  Progress (1): 24 kB   
2022.12.20 22:28:14 INFO                     
2022.12.20 22:28:14 INFO  Downloaded from central: https://repo.maven.apache.org/maven2/org/apache/maven/maven/3.6.1/maven-3.6.1.pom (24 kB at 81 kB/s)
2022.12.20 22:28:14 INFO  Downloading from central: https://repo.maven.apache.org/maven2/org/apache/maven/maven-parent/33/maven-parent-33.pom
2022.12.20 22:28:14 INFO  Progress (1): 4.1/44 kB
2022.12.20 22:28:14 INFO  Progress (1): 8.2/44 kB
2022.12.20 22:28:14 INFO  Progress (1): 12/44 kB 
2022.12.20 22:28:14 INFO  Progress (1): 16/44 kB
2022.12.20 22:28:14 INFO  Progress (1): 20/44 kB
2022.12.20 22:28:14 INFO  Progress (1): 25/44 kB
2022.12.20 22:28:14 INFO  Progress (1): 29/44 kB
2022.12.20 22:28:14 INFO  Progress (1): 33/44 kB
2022.12.20 22:28:14 INFO  Progress (1): 37/44 kB
2022.12.20 22:28:14 INFO  Progress (1): 41/44 kB
2022.12.20 22:28:14 INFO  Progress (1): 44 kB   
2022.12.20 22:28:14 INFO                     
2022.12.20 22:28:14 INFO  Downloaded from central: https://repo.maven.apache.org/maven2/org/apache/maven/maven-parent/33/maven-parent-33.pom (44 kB at 136 kB/s)
2022.12.20 22:28:14 INFO  Downloading from central: https://repo.maven.apache.org/maven2/org/apache/maven/maven-model/3.6.1/maven-model-3.6.1.pom
2022.12.20 22:28:14 INFO  Progress (1): 4.0 kB
2022.12.20 22:28:15 INFO                      
2022.12.20 22:28:15 INFO  Downloaded from central: https://repo.maven.apache.org/maven2/org/apache/maven/maven-model/3.6.1/maven-model-3.6.1.pom (4.0 kB at 14 kB/s)
2022.12.20 22:28:15 INFO  Downloading from central: https://repo.maven.apache.org/maven2/org/codehaus/plexus/plexus-utils/3.2.0/plexus-utils-3.2.0.pom
2022.12.20 22:28:15 INFO  Progress (1): 4.1/4.8 kB
2022.12.20 22:28:15 INFO  Progress (1): 4.8 kB    
2022.12.20 22:28:15 INFO                      
2022.12.20 22:28:15 INFO  Downloaded from central: https://repo.maven.apache.org/maven2/org/codehaus/plexus/plexus-utils/3.2.0/plexus-utils-3.2.0.pom (4.8 kB at 17 kB/s)
2022.12.20 22:28:15 INFO  Downloading from central: https://repo.maven.apache.org/maven2/org/codehaus/plexus/plexus/5.1/plexus-5.1.pom
2022.12.20 22:28:15 INFO  Progress (1): 4.1/23 kB
2022.12.20 22:28:15 INFO  Progress (1): 8.2/23 kB
2022.12.20 22:28:15 INFO  Progress (1): 12/23 kB 
2022.12.20 22:28:15 INFO  Progress (1): 16/23 kB
2022.12.20 22:28:15 INFO  Progress (1): 20/23 kB
2022.12.20 22:28:15 INFO  Progress (1): 23 kB   
2022.12.20 22:28:15 INFO                     
2022.12.20 22:28:15 INFO  Downloaded from central: https://repo.maven.apache.org/maven2/org/codehaus/plexus/plexus/5.1/plexus-5.1.pom (23 kB at 77 kB/s)
2022.12.20 22:28:15 INFO  Downloading from central: https://repo.maven.apache.org/maven2/org/apache/maven/maven-artifact/3.6.1/maven-artifact-3.6.1.pom
2022.12.20 22:28:15 INFO  Progress (1): 2.1 kB
2022.12.20 22:28:15 INFO                      
2022.12.20 22:28:15 INFO  Downloaded from central: https://repo.maven.apache.org/maven2/org/apache/maven/maven-artifact/3.6.1/maven-artifact-3.6.1.pom (2.1 kB at 7.4 kB/s)
2022.12.20 22:28:15 INFO  Downloading from central: https://repo.maven.apache.org/maven2/org/eclipse/sisu/org.eclipse.sisu.plexus/0.3.3/org.eclipse.sisu.plexus-0.3.3.pom
2022.12.20 22:28:16 INFO  Progress (1): 4.1/4.2 kB
2022.12.20 22:28:16 INFO  Progress (1): 4.2 kB    
2022.12.20 22:28:16 INFO                      
2022.12.20 22:28:16 INFO  Downloaded from central: https://repo.maven.apache.org/maven2/org/eclipse/sisu/org.eclipse.sisu.plexus/0.3.3/org.eclipse.sisu.plexus-0.3.3.pom (4.2 kB at 14 kB/s)
2022.12.20 22:28:16 INFO  Downloading from central: https://repo.maven.apache.org/maven2/org/eclipse/sisu/sisu-plexus/0.3.3/sisu-plexus-0.3.3.pom
2022.12.20 22:28:16 INFO  Progress (1): 4.1/14 kB
2022.12.20 22:28:16 INFO  Progress (1): 8.2/14 kB
2022.12.20 22:28:16 INFO  Progress (1): 12/14 kB 
2022.12.20 22:28:16 INFO  Progress (1): 14 kB   
2022.12.20 22:28:16 INFO                     
2022.12.20 22:28:16 INFO  Downloaded from central: https://repo.maven.apache.org/maven2/org/eclipse/sisu/sisu-plexus/0.3.3/sisu-plexus-0.3.3.pom (14 kB at 47 kB/s)
2022.12.20 22:28:16 INFO  Downloading from central: https://repo.maven.apache.org/maven2/javax/enterprise/cdi-api/1.0/cdi-api-1.0.pom
2022.12.20 22:28:16 INFO  Progress (1): 1.4 kB
2022.12.20 22:28:16 INFO                      
2022.12.20 22:28:16 INFO  Downloaded from central: https://repo.maven.apache.org/maven2/javax/enterprise/cdi-api/1.0/cdi-api-1.0.pom (1.4 kB at 5.1 kB/s)
2022.12.20 22:28:16 INFO  Downloading from central: https://repo.maven.apache.org/maven2/org/jboss/weld/weld-api-parent/1.0/weld-api-parent-1.0.pom
2022.12.20 22:28:16 INFO  Progress (1): 2.4 kB
2022.12.20 22:28:17 INFO                      
2022.12.20 22:28:17 INFO  Downloaded from central: https://repo.maven.apache.org/maven2/org/jboss/weld/weld-api-parent/1.0/weld-api-parent-1.0.pom (2.4 kB at 7.5 kB/s)
2022.12.20 22:28:17 INFO  Downloading from central: https://repo.maven.apache.org/maven2/org/jboss/weld/weld-api-bom/1.0/weld-api-bom-1.0.pom
2022.12.20 22:28:17 INFO  Progress (1): 4.1/7.9 kB
2022.12.20 22:28:17 INFO  Progress (1): 7.9 kB    
2022.12.20 22:28:17 INFO                      
2022.12.20 22:28:17 INFO  Downloaded from central: https://repo.maven.apache.org/maven2/org/jboss/weld/weld-api-bom/1.0/weld-api-bom-1.0.pom (7.9 kB at 27 kB/s)
2022.12.20 22:28:17 INFO  Downloading from central: https://repo.maven.apache.org/maven2/org/jboss/weld/weld-parent/6/weld-parent-6.pom
2022.12.20 22:28:17 INFO  Progress (1): 4.1/21 kB
2022.12.20 22:28:17 INFO  Progress (1): 8.2/21 kB
2022.12.20 22:28:17 INFO  Progress (1): 12/21 kB 
2022.12.20 22:28:17 INFO  Progress (1): 16/21 kB
2022.12.20 22:28:17 INFO  Progress (1): 20/21 kB
2022.12.20 22:28:17 INFO  Progress (1): 21 kB   
2022.12.20 22:28:17 INFO                     
2022.12.20 22:28:17 INFO  Downloaded from central: https://repo.maven.apache.org/maven2/org/jboss/weld/weld-parent/6/weld-parent-6.pom (21 kB at 69 kB/s)
2022.12.20 22:28:17 INFO  Downloading from central: https://repo.maven.apache.org/maven2/javax/annotation/jsr250-api/1.0/jsr250-api-1.0.pom
2022.12.20 22:28:17 INFO  Progress (1): 1.0 kB
2022.12.20 22:28:17 INFO                      
2022.12.20 22:28:17 INFO  Downloaded from central: https://repo.maven.apache.org/maven2/javax/annotation/jsr250-api/1.0/jsr250-api-1.0.pom (1.0 kB at 3.6 kB/s)
2022.12.20 22:28:17 INFO  Downloading from central: https://repo.maven.apache.org/maven2/javax/inject/javax.inject/1/javax.inject-1.pom
2022.12.20 22:28:18 INFO  Progress (1): 612 B
2022.12.20 22:28:18 INFO                     
2022.12.20 22:28:18 INFO  Downloaded from central: https://repo.maven.apache.org/maven2/javax/inject/javax.inject/1/javax.inject-1.pom (612 B at 2.2 kB/s)
2022.12.20 22:28:18 INFO  Downloading from central: https://repo.maven.apache.org/maven2/org/eclipse/sisu/org.eclipse.sisu.inject/0.3.3/org.eclipse.sisu.inject-0.3.3.pom
2022.12.20 22:28:18 INFO  Progress (1): 2.6 kB
2022.12.20 22:28:18 INFO                      
2022.12.20 22:28:18 INFO  Downloaded from central: https://repo.maven.apache.org/maven2/org/eclipse/sisu/org.eclipse.sisu.inject/0.3.3/org.eclipse.sisu.inject-0.3.3.pom (2.6 kB at 9.3 kB/s)
2022.12.20 22:28:18 INFO  Downloading from central: https://repo.maven.apache.org/maven2/org/eclipse/sisu/sisu-inject/0.3.3/sisu-inject-0.3.3.pom
2022.12.20 22:28:18 INFO  Progress (1): 4.1/14 kB
2022.12.20 22:28:18 INFO  Progress (1): 8.2/14 kB
2022.12.20 22:28:18 INFO  Progress (1): 12/14 kB 
2022.12.20 22:28:18 INFO  Progress (1): 14 kB   
2022.12.20 22:28:18 INFO                     
2022.12.20 22:28:18 INFO  Downloaded from central: https://repo.maven.apache.org/maven2/org/eclipse/sisu/sisu-inject/0.3.3/sisu-inject-0.3.3.pom (14 kB at 50 kB/s)
2022.12.20 22:28:18 INFO  Downloading from central: https://repo.maven.apache.org/maven2/org/codehaus/plexus/plexus-classworlds/2.5.2/plexus-classworlds-2.5.2.pom
2022.12.20 22:28:18 INFO  Progress (1): 4.1/7.3 kB
2022.12.20 22:28:18 INFO  Progress (1): 7.3 kB    
2022.12.20 22:28:19 INFO                      
2022.12.20 22:28:19 INFO  Downloaded from central: https://repo.maven.apache.org/maven2/org/codehaus/plexus/plexus-classworlds/2.5.2/plexus-classworlds-2.5.2.pom (7.3 kB at 26 kB/s)
2022.12.20 22:28:19 INFO  Downloading from central: https://repo.maven.apache.org/maven2/org/codehaus/plexus/plexus-utils/3.0.17/plexus-utils-3.0.17.pom
2022.12.20 22:28:19 INFO  Progress (1): 3.4 kB
2022.12.20 22:28:19 INFO                      
2022.12.20 22:28:19 INFO  Downloaded from central: https://repo.maven.apache.org/maven2/org/codehaus/plexus/plexus-utils/3.0.17/plexus-utils-3.0.17.pom (3.4 kB at 12 kB/s)
2022.12.20 22:28:19 INFO  Downloading from central: https://repo.maven.apache.org/maven2/org/codehaus/plexus/plexus-classworlds/2.6.0/plexus-classworlds-2.6.0.pom
2022.12.20 22:28:19 INFO  Progress (1): 4.1/7.9 kB
2022.12.20 22:28:19 INFO  Progress (1): 7.9 kB    
2022.12.20 22:28:19 INFO                      
2022.12.20 22:28:19 INFO  Downloaded from central: https://repo.maven.apache.org/maven2/org/codehaus/plexus/plexus-classworlds/2.6.0/plexus-classworlds-2.6.0.pom (7.9 kB at 28 kB/s)
2022.12.20 22:28:19 INFO  Downloading from central: https://repo.maven.apache.org/maven2/net/alchim31/maven/scala-maven-plugin/4.5.3/scala-maven-plugin-4.5.3.pom
2022.12.20 22:28:19 INFO  Progress (1): 4.1/24 kB
2022.12.20 22:28:19 INFO  Progress (1): 8.2/24 kB
2022.12.20 22:28:19 INFO  Progress (1): 12/24 kB 
2022.12.20 22:28:19 INFO  Progress (1): 16/24 kB
2022.12.20 22:28:19 INFO  Progress (1): 20/24 kB
2022.12.20 22:28:19 INFO  Progress (1): 24 kB   
2022.12.20 22:28:19 INFO                     
2022.12.20 22:28:19 INFO  Downloaded from central: https://repo.maven.apache.org/maven2/net/alchim31/maven/scala-maven-plugin/4.5.3/scala-maven-plugin-4.5.3.pom (24 kB at 80 kB/s)
2022.12.20 22:28:19 INFO  Downloading from central: https://repo.maven.apache.org/maven2/org/apache/maven/maven-compat/3.3.9/maven-compat-3.3.9.pom
2022.12.20 22:28:20 INFO  Progress (1): 3.8 kB
2022.12.20 22:28:20 INFO                      
2022.12.20 22:28:20 INFO  Downloaded from central: https://repo.maven.apache.org/maven2/org/apache/maven/maven-compat/3.3.9/maven-compat-3.3.9.pom (3.8 kB at 14 kB/s)
2022.12.20 22:28:20 INFO  Downloading from central: https://repo.maven.apache.org/maven2/org/apache/maven/maven/3.3.9/maven-3.3.9.pom
2022.12.20 22:28:20 INFO  Progress (1): 4.1/24 kB
2022.12.20 22:28:20 INFO  Progress (1): 8.2/24 kB
2022.12.20 22:28:20 INFO  Progress (1): 12/24 kB 
2022.12.20 22:28:20 INFO  Progress (1): 16/24 kB
2022.12.20 22:28:20 INFO  Progress (1): 20/24 kB
2022.12.20 22:28:20 INFO  Progress (1): 24 kB   
2022.12.20 22:28:20 INFO                     
2022.12.20 22:28:20 INFO  Downloaded from central: https://repo.maven.apache.org/maven2/org/apache/maven/maven/3.3.9/maven-3.3.9.pom (24 kB at 80 kB/s)
2022.12.20 22:28:20 INFO  Downloading from central: https://repo.maven.apache.org/maven2/org/apache/maven/maven-model/3.3.9/maven-model-3.3.9.pom
2022.12.20 22:28:20 INFO  Progress (1): 4.0 kB
2022.12.20 22:28:20 INFO                      
2022.12.20 22:28:20 INFO  Downloaded from central: https://repo.maven.apache.org/maven2/org/apache/maven/maven-model/3.3.9/maven-model-3.3.9.pom (4.0 kB at 15 kB/s)
2022.12.20 22:28:20 INFO  Downloading from central: https://repo.maven.apache.org/maven2/org/apache/maven/maven-model-builder/3.3.9/maven-model-builder-3.3.9.pom
2022.12.20 22:28:20 INFO  Progress (1): 3.1 kB
2022.12.20 22:28:21 INFO                      
2022.12.20 22:28:21 INFO  Downloaded from central: https://repo.maven.apache.org/maven2/org/apache/maven/maven-model-builder/3.3.9/maven-model-builder-3.3.9.pom (3.1 kB at 11 kB/s)
2022.12.20 22:28:21 INFO  Downloading from central: https://repo.maven.apache.org/maven2/org/codehaus/plexus/plexus-interpolation/1.21/plexus-interpolation-1.21.pom
2022.12.20 22:28:21 INFO  Progress (1): 1.5 kB
2022.12.20 22:28:21 INFO                      
2022.12.20 22:28:21 INFO  Downloaded from central: https://repo.maven.apache.org/maven2/org/codehaus/plexus/plexus-interpolation/1.21/plexus-interpolation-1.21.pom (1.5 kB at 5.3 kB/s)
2022.12.20 22:28:21 INFO  Downloading from central: https://repo.maven.apache.org/maven2/org/codehaus/plexus/plexus-component-annotations/1.6/plexus-component-annotations-1.6.pom
2022.12.20 22:28:21 INFO  Progress (1): 748 B
2022.12.20 22:28:21 INFO                     
2022.12.20 22:28:21 INFO  Downloaded from central: https://repo.maven.apache.org/maven2/org/codehaus/plexus/plexus-component-annotations/1.6/plexus-component-annotations-1.6.pom (748 B at 2.7 kB/s)
2022.12.20 22:28:21 INFO  Downloading from central: https://repo.maven.apache.org/maven2/org/codehaus/plexus/plexus-containers/1.6/plexus-containers-1.6.pom
2022.12.20 22:28:21 INFO  Progress (1): 3.8 kB
2022.12.20 22:28:21 INFO                      
2022.12.20 22:28:21 INFO  Downloaded from central: https://repo.maven.apache.org/maven2/org/codehaus/plexus/plexus-containers/1.6/plexus-containers-1.6.pom (3.8 kB at 12 kB/s)
2022.12.20 22:28:21 INFO  Downloading from central: https://repo.maven.apache.org/maven2/org/codehaus/plexus/plexus/3.3.2/plexus-3.3.2.pom
2022.12.20 22:28:22 INFO  Progress (1): 4.1/22 kB
2022.12.20 22:28:22 INFO  Progress (1): 8.2/22 kB
2022.12.20 22:28:22 INFO  Progress (1): 12/22 kB 
2022.12.20 22:28:22 INFO  Progress (1): 16/22 kB
2022.12.20 22:28:22 INFO  Progress (1): 20/22 kB
2022.12.20 22:28:22 INFO  Progress (1): 22 kB   
2022.12.20 22:28:22 INFO                     
2022.12.20 22:28:22 INFO  Downloaded from central: https://repo.maven.apache.org/maven2/org/codehaus/plexus/plexus/3.3.2/plexus-3.3.2.pom (22 kB at 73 kB/s)
2022.12.20 22:28:22 INFO  Downloading from central: https://repo.maven.apache.org/maven2/org/apache/maven/maven-artifact/3.3.9/maven-artifact-3.3.9.pom
2022.12.20 22:28:22 INFO  Progress (1): 2.1 kB
2022.12.20 22:28:22 INFO                      
2022.12.20 22:28:22 INFO  Downloaded from central: https://repo.maven.apache.org/maven2/org/apache/maven/maven-artifact/3.3.9/maven-artifact-3.3.9.pom (2.1 kB at 7.1 kB/s)
2022.12.20 22:28:22 INFO  Downloading from central: https://repo.maven.apache.org/maven2/org/apache/maven/maven-builder-support/3.3.9/maven-builder-support-3.3.9.pom
2022.12.20 22:28:22 INFO  Progress (1): 1.7 kB
2022.12.20 22:28:22 INFO                      
2022.12.20 22:28:22 INFO  Downloaded from central: https://repo.maven.apache.org/maven2/org/apache/maven/maven-builder-support/3.3.9/maven-builder-support-3.3.9.pom (1.7 kB at 5.5 kB/s)
2022.12.20 22:28:22 INFO  Downloading from central: https://repo.maven.apache.org/maven2/com/google/guava/guava/18.0/guava-18.0.pom
2022.12.20 22:28:22 INFO  Progress (1): 4.1/5.7 kB
2022.12.20 22:28:22 INFO  Progress (1): 5.7 kB    
2022.12.20 22:28:24 INFO                      
2022.12.20 22:28:24 INFO  Downloaded from central: https://repo.maven.apache.org/maven2/com/google/guava/guava/18.0/guava-18.0.pom (5.7 kB at 20 kB/s)
2022.12.20 22:28:24 INFO  Downloading from central: https://repo.maven.apache.org/maven2/com/google/guava/guava-parent/18.0/guava-parent-18.0.pom
2022.12.20 22:28:24 INFO  Progress (1): 4.1/7.7 kB
2022.12.20 22:28:24 INFO  Progress (1): 7.7 kB    
2022.12.20 22:28:24 INFO                      
2022.12.20 22:28:24 INFO  Downloaded from central: https://repo.maven.apache.org/maven2/com/google/guava/guava-parent/18.0/guava-parent-18.0.pom (7.7 kB at 26 kB/s)
2022.12.20 22:28:24 INFO  Downloading from central: https://repo.maven.apache.org/maven2/org/apache/maven/maven-settings/3.3.9/maven-settings-3.3.9.pom
2022.12.20 22:28:24 INFO  Progress (1): 1.8 kB
2022.12.20 22:28:24 INFO                      
2022.12.20 22:28:24 INFO  Downloaded from central: https://repo.maven.apache.org/maven2/org/apache/maven/maven-settings/3.3.9/maven-settings-3.3.9.pom (1.8 kB at 6.0 kB/s)
2022.12.20 22:28:24 INFO  Downloading from central: https://repo.maven.apache.org/maven2/org/apache/maven/maven-core/3.3.9/maven-core-3.3.9.pom
2022.12.20 22:28:24 INFO  Progress (1): 4.1/8.3 kB
2022.12.20 22:28:24 INFO  Progress (1): 8.2/8.3 kB
2022.12.20 22:28:24 INFO  Progress (1): 8.3 kB    
2022.12.20 22:28:24 INFO                      
2022.12.20 22:28:24 INFO  Downloaded from central: https://repo.maven.apache.org/maven2/org/apache/maven/maven-core/3.3.9/maven-core-3.3.9.pom (8.3 kB at 26 kB/s)
2022.12.20 22:28:24 INFO  Downloading from central: https://repo.maven.apache.org/maven2/org/apache/maven/maven-settings-builder/3.3.9/maven-settings-builder-3.3.9.pom
2022.12.20 22:28:25 INFO  Progress (1): 2.6 kB
2022.12.20 22:28:25 INFO                      
2022.12.20 22:28:25 INFO  Downloaded from central: https://repo.maven.apache.org/maven2/org/apache/maven/maven-settings-builder/3.3.9/maven-settings-builder-3.3.9.pom (2.6 kB at 9.2 kB/s)
2022.12.20 22:28:25 INFO  Downloading from central: https://repo.maven.apache.org/maven2/org/apache/maven/maven-repository-metadata/3.3.9/maven-repository-metadata-3.3.9.pom
2022.12.20 22:28:25 INFO  Progress (1): 1.9 kB
2022.12.20 22:28:25 INFO                      
2022.12.20 22:28:25 INFO  Downloaded from central: https://repo.maven.apache.org/maven2/org/apache/maven/maven-repository-metadata/3.3.9/maven-repository-metadata-3.3.9.pom (1.9 kB at 6.2 kB/s)
2022.12.20 22:28:25 INFO  Downloading from central: https://repo.maven.apache.org/maven2/org/apache/maven/maven-plugin-api/3.3.9/maven-plugin-api-3.3.9.pom
2022.12.20 22:28:25 INFO  Progress (1): 2.7 kB
2022.12.20 22:28:25 INFO                      
2022.12.20 22:28:25 INFO  Downloaded from central: https://repo.maven.apache.org/maven2/org/apache/maven/maven-plugin-api/3.3.9/maven-plugin-api-3.3.9.pom (2.7 kB at 9.5 kB/s)
2022.12.20 22:28:25 INFO  Downloading from central: https://repo.maven.apache.org/maven2/org/eclipse/sisu/org.eclipse.sisu.plexus/0.3.2/org.eclipse.sisu.plexus-0.3.2.pom
2022.12.20 22:28:25 INFO  Progress (1): 4.1/4.2 kB
2022.12.20 22:28:25 INFO  Progress (1): 4.2 kB    
2022.12.20 22:28:26 INFO                      
2022.12.20 22:28:26 INFO  Downloaded from central: https://repo.maven.apache.org/maven2/org/eclipse/sisu/org.eclipse.sisu.plexus/0.3.2/org.eclipse.sisu.plexus-0.3.2.pom (4.2 kB at 15 kB/s)
2022.12.20 22:28:26 INFO  Downloading from central: https://repo.maven.apache.org/maven2/org/eclipse/sisu/sisu-plexus/0.3.2/sisu-plexus-0.3.2.pom
2022.12.20 22:28:26 INFO  Progress (1): 4.1/14 kB
2022.12.20 22:28:26 INFO  Progress (1): 8.2/14 kB
2022.12.20 22:28:26 INFO  Progress (1): 12/14 kB 
2022.12.20 22:28:26 INFO  Progress (1): 14 kB   
2022.12.20 22:28:26 INFO                     
2022.12.20 22:28:26 INFO  Downloaded from central: https://repo.maven.apache.org/maven2/org/eclipse/sisu/sisu-plexus/0.3.2/sisu-plexus-0.3.2.pom (14 kB at 47 kB/s)
2022.12.20 22:28:26 INFO  Downloading from central: https://repo.maven.apache.org/maven2/org/eclipse/sisu/org.eclipse.sisu.inject/0.3.2/org.eclipse.sisu.inject-0.3.2.pom
2022.12.20 22:28:26 INFO  Progress (1): 2.6 kB
2022.12.20 22:28:26 INFO                      
2022.12.20 22:28:26 INFO  Downloaded from central: https://repo.maven.apache.org/maven2/org/eclipse/sisu/org.eclipse.sisu.inject/0.3.2/org.eclipse.sisu.inject-0.3.2.pom (2.6 kB at 9.0 kB/s)
2022.12.20 22:28:26 INFO  Downloading from central: https://repo.maven.apache.org/maven2/org/eclipse/sisu/sisu-inject/0.3.2/sisu-inject-0.3.2.pom
2022.12.20 22:28:26 INFO  Progress (1): 4.1/14 kB
2022.12.20 22:28:26 INFO  Progress (1): 8.2/14 kB
2022.12.20 22:28:26 INFO  Progress (1): 12/14 kB 
2022.12.20 22:28:26 INFO  Progress (1): 14 kB   
2022.12.20 22:28:26 INFO                     
2022.12.20 22:28:26 INFO  Downloaded from central: https://repo.maven.apache.org/maven2/org/eclipse/sisu/sisu-inject/0.3.2/sisu-inject-0.3.2.pom (14 kB at 50 kB/s)
2022.12.20 22:28:26 INFO  Downloading from central: https://repo.maven.apache.org/maven2/org/apache/maven/maven-aether-provider/3.3.9/maven-aether-provider-3.3.9.pom
2022.12.20 22:28:27 INFO  Progress (1): 4.0 kB
2022.12.20 22:28:27 INFO                      
2022.12.20 22:28:27 INFO  Downloaded from central: https://repo.maven.apache.org/maven2/org/apache/maven/maven-aether-provider/3.3.9/maven-aether-provider-3.3.9.pom (4.0 kB at 14 kB/s)
2022.12.20 22:28:27 INFO  Downloading from central: https://repo.maven.apache.org/maven2/org/eclipse/aether/aether-api/1.0.2.v20150114/aether-api-1.0.2.v20150114.pom
2022.12.20 22:28:27 INFO  Progress (1): 1.8 kB
2022.12.20 22:28:27 INFO                      
2022.12.20 22:28:27 INFO  Downloaded from central: https://repo.maven.apache.org/maven2/org/eclipse/aether/aether-api/1.0.2.v20150114/aether-api-1.0.2.v20150114.pom (1.8 kB at 6.2 kB/s)
2022.12.20 22:28:27 INFO  Downloading from central: https://repo.maven.apache.org/maven2/org/eclipse/aether/aether/1.0.2.v20150114/aether-1.0.2.v20150114.pom
2022.12.20 22:28:27 INFO  Progress (1): 4.1/29 kB
2022.12.20 22:28:27 INFO  Progress (1): 8.2/29 kB
2022.12.20 22:28:27 INFO  Progress (1): 12/29 kB 
2022.12.20 22:28:27 INFO  Progress (1): 16/29 kB
2022.12.20 22:28:27 INFO  Progress (1): 20/29 kB
2022.12.20 22:28:27 INFO  Progress (1): 24/29 kB
2022.12.20 22:28:27 INFO  Progress (1): 28/29 kB
2022.12.20 22:28:27 INFO  Progress (1): 29 kB   
2022.12.20 22:28:27 INFO                     
2022.12.20 22:28:27 INFO  Downloaded from central: https://repo.maven.apache.org/maven2/org/eclipse/aether/aether/1.0.2.v20150114/aether-1.0.2.v20150114.pom (29 kB at 95 kB/s)
2022.12.20 22:28:27 INFO  Downloading from central: https://repo.maven.apache.org/maven2/org/eclipse/aether/aether-spi/1.0.2.v20150114/aether-spi-1.0.2.v20150114.pom
2022.12.20 22:28:27 INFO  Progress (1): 2.0 kB
2022.12.20 22:28:28 INFO                      
2022.12.20 22:28:28 INFO  Downloaded from central: https://repo.maven.apache.org/maven2/org/eclipse/aether/aether-spi/1.0.2.v20150114/aether-spi-1.0.2.v20150114.pom (2.0 kB at 7.0 kB/s)
2022.12.20 22:28:28 INFO  Downloading from central: https://repo.maven.apache.org/maven2/org/eclipse/aether/aether-util/1.0.2.v20150114/aether-util-1.0.2.v20150114.pom
2022.12.20 22:28:28 INFO  Progress (1): 2.1 kB
2022.12.20 22:28:28 INFO                      
2022.12.20 22:28:28 INFO  Downloaded from central: https://repo.maven.apache.org/maven2/org/eclipse/aether/aether-util/1.0.2.v20150114/aether-util-1.0.2.v20150114.pom (2.1 kB at 7.6 kB/s)
2022.12.20 22:28:28 INFO  Downloading from central: https://repo.maven.apache.org/maven2/org/eclipse/aether/aether-impl/1.0.2.v20150114/aether-impl-1.0.2.v20150114.pom
2022.12.20 22:28:28 INFO  Progress (1): 3.4 kB
2022.12.20 22:28:28 INFO                      
2022.12.20 22:28:28 INFO  Downloaded from central: https://repo.maven.apache.org/maven2/org/eclipse/aether/aether-impl/1.0.2.v20150114/aether-impl-1.0.2.v20150114.pom (3.4 kB at 11 kB/s)
2022.12.20 22:28:28 INFO  Downloading from central: https://repo.maven.apache.org/maven2/com/google/inject/guice/4.0/guice-4.0.pom
2022.12.20 22:28:28 INFO  Progress (1): 4.1/11 kB
2022.12.20 22:28:28 INFO  Progress (1): 8.2/11 kB
2022.12.20 22:28:28 INFO  Progress (1): 11 kB    
2022.12.20 22:28:28 INFO                     
2022.12.20 22:28:28 INFO  Downloaded from central: https://repo.maven.apache.org/maven2/com/google/inject/guice/4.0/guice-4.0.pom (11 kB at 33 kB/s)
2022.12.20 22:28:28 INFO  Downloading from central: https://repo.maven.apache.org/maven2/com/google/inject/guice-parent/4.0/guice-parent-4.0.pom
2022.12.20 22:28:29 INFO  Progress (1): 4.1/15 kB
2022.12.20 22:28:29 INFO  Progress (1): 8.2/15 kB
2022.12.20 22:28:29 INFO  Progress (1): 12/15 kB 
2022.12.20 22:28:29 INFO  Progress (1): 15 kB   
2022.12.20 22:28:29 INFO                     
2022.12.20 22:28:29 INFO  Downloaded from central: https://repo.maven.apache.org/maven2/com/google/inject/guice-parent/4.0/guice-parent-4.0.pom (15 kB at 53 kB/s)
2022.12.20 22:28:29 INFO  Downloading from central: https://repo.maven.apache.org/maven2/com/google/google/5/google-5.pom
2022.12.20 22:28:29 INFO  Progress (1): 2.5 kB
2022.12.20 22:28:29 INFO                      
2022.12.20 22:28:29 INFO  Downloaded from central: https://repo.maven.apache.org/maven2/com/google/google/5/google-5.pom (2.5 kB at 8.5 kB/s)
2022.12.20 22:28:29 INFO  Downloading from central: https://repo.maven.apache.org/maven2/aopalliance/aopalliance/1.0/aopalliance-1.0.pom
2022.12.20 22:28:29 INFO  Progress (1): 363 B
2022.12.20 22:28:29 INFO                     
2022.12.20 22:28:29 INFO  Downloaded from central: https://repo.maven.apache.org/maven2/aopalliance/aopalliance/1.0/aopalliance-1.0.pom (363 B at 1.2 kB/s)
2022.12.20 22:28:29 INFO  Downloading from central: https://repo.maven.apache.org/maven2/org/apache/maven/wagon/wagon-provider-api/2.10/wagon-provider-api-2.10.pom
2022.12.20 22:28:29 INFO  Progress (1): 1.7 kB
2022.12.20 22:28:30 INFO                      
2022.12.20 22:28:30 INFO  Downloaded from central: https://repo.maven.apache.org/maven2/org/apache/maven/wagon/wagon-provider-api/2.10/wagon-provider-api-2.10.pom (1.7 kB at 6.0 kB/s)
2022.12.20 22:28:30 INFO  Downloading from central: https://repo.maven.apache.org/maven2/org/apache/maven/wagon/wagon/2.10/wagon-2.10.pom
2022.12.20 22:28:30 INFO  Progress (1): 4.1/21 kB
2022.12.20 22:28:30 INFO  Progress (1): 8.2/21 kB
2022.12.20 22:28:30 INFO  Progress (1): 12/21 kB 
2022.12.20 22:28:30 INFO  Progress (1): 16/21 kB
2022.12.20 22:28:30 INFO  Progress (1): 20/21 kB
2022.12.20 22:28:30 INFO  Progress (1): 21 kB   
2022.12.20 22:28:30 INFO                     
2022.12.20 22:28:30 INFO  Downloaded from central: https://repo.maven.apache.org/maven2/org/apache/maven/wagon/wagon/2.10/wagon-2.10.pom (21 kB at 70 kB/s)
2022.12.20 22:28:30 INFO  Downloading from central: https://repo.maven.apache.org/maven2/org/apache/maven/maven-parent/26/maven-parent-26.pom
2022.12.20 22:28:30 INFO  Progress (1): 4.1/40 kB
2022.12.20 22:28:30 INFO  Progress (1): 8.2/40 kB
2022.12.20 22:28:30 INFO  Progress (1): 12/40 kB 
2022.12.20 22:28:30 INFO  Progress (1): 16/40 kB
2022.12.20 22:28:30 INFO  Progress (1): 20/40 kB
2022.12.20 22:28:30 INFO  Progress (1): 25/40 kB
2022.12.20 22:28:30 INFO  Progress (1): 29/40 kB
2022.12.20 22:28:30 INFO  Progress (1): 33/40 kB
2022.12.20 22:28:30 INFO  Progress (1): 37/40 kB
2022.12.20 22:28:30 INFO  Progress (1): 40 kB   
2022.12.20 22:28:30 INFO                     
2022.12.20 22:28:30 INFO  Downloaded from central: https://repo.maven.apache.org/maven2/org/apache/maven/maven-parent/26/maven-parent-26.pom (40 kB at 125 kB/s)
2022.12.20 22:28:30 INFO  Downloading from central: https://repo.maven.apache.org/maven2/org/codehaus/plexus/plexus-utils/3.0.15/plexus-utils-3.0.15.pom
2022.12.20 22:28:30 INFO  Progress (1): 3.1 kB
2022.12.20 22:28:30 INFO                      
2022.12.20 22:28:30 INFO  Downloaded from central: https://repo.maven.apache.org/maven2/org/codehaus/plexus/plexus-utils/3.0.15/plexus-utils-3.0.15.pom (3.1 kB at 11 kB/s)
2022.12.20 22:28:30 INFO  Downloading from central: https://repo.maven.apache.org/maven2/org/apache/maven/shared/maven-dependency-tree/3.0.1/maven-dependency-tree-3.0.1.pom
2022.12.20 22:28:31 INFO  Progress (1): 4.1/7.5 kB
2022.12.20 22:28:31 INFO  Progress (1): 7.5 kB    
2022.12.20 22:28:31 INFO                      
2022.12.20 22:28:31 INFO  Downloaded from central: https://repo.maven.apache.org/maven2/org/apache/maven/shared/maven-dependency-tree/3.0.1/maven-dependency-tree-3.0.1.pom (7.5 kB at 27 kB/s)
2022.12.20 22:28:31 INFO  Downloading from central: https://repo.maven.apache.org/maven2/org/apache/maven/shared/maven-shared-components/30/maven-shared-components-30.pom
2022.12.20 22:28:31 INFO  Progress (1): 4.1/4.6 kB
2022.12.20 22:28:31 INFO  Progress (1): 4.6 kB    
2022.12.20 22:28:31 INFO                      
2022.12.20 22:28:31 INFO  Downloaded from central: https://repo.maven.apache.org/maven2/org/apache/maven/shared/maven-shared-components/30/maven-shared-components-30.pom (4.6 kB at 16 kB/s)
2022.12.20 22:28:31 INFO  Downloading from central: https://repo.maven.apache.org/maven2/org/apache/maven/maven-parent/30/maven-parent-30.pom
2022.12.20 22:28:31 INFO  Progress (1): 4.1/41 kB
2022.12.20 22:28:31 INFO  Progress (1): 8.2/41 kB
2022.12.20 22:28:31 INFO  Progress (1): 12/41 kB 
2022.12.20 22:28:31 INFO  Progress (1): 16/41 kB
2022.12.20 22:28:31 INFO  Progress (1): 20/41 kB
2022.12.20 22:28:31 INFO  Progress (1): 24/41 kB
2022.12.20 22:28:31 INFO  Progress (1): 28/41 kB
2022.12.20 22:28:31 INFO  Progress (1): 32/41 kB
2022.12.20 22:28:31 INFO  Progress (1): 36/41 kB
2022.12.20 22:28:31 INFO  Progress (1): 40/41 kB
2022.12.20 22:28:31 INFO  Progress (1): 41 kB   
2022.12.20 22:28:31 INFO                     
2022.12.20 22:28:31 INFO  Downloaded from central: https://repo.maven.apache.org/maven2/org/apache/maven/maven-parent/30/maven-parent-30.pom (41 kB at 124 kB/s)
2022.12.20 22:28:31 INFO  Downloading from central: https://repo.maven.apache.org/maven2/org/codehaus/plexus/plexus-utils/3.3.0/plexus-utils-3.3.0.pom
2022.12.20 22:28:31 INFO  Progress (1): 4.1/5.2 kB
2022.12.20 22:28:31 INFO  Progress (1): 5.2 kB    
2022.12.20 22:28:32 INFO                      
2022.12.20 22:28:32 INFO  Downloaded from central: https://repo.maven.apache.org/maven2/org/codehaus/plexus/plexus-utils/3.3.0/plexus-utils-3.3.0.pom (5.2 kB at 19 kB/s)
2022.12.20 22:28:32 INFO  Downloading from central: https://repo.maven.apache.org/maven2/org/codehaus/plexus/plexus-archiver/4.2.5/plexus-archiver-4.2.5.pom
2022.12.20 22:28:32 INFO  Progress (1): 4.1/4.8 kB
2022.12.20 22:28:32 INFO  Progress (1): 4.8 kB    
2022.12.20 22:28:32 INFO                      
2022.12.20 22:28:32 INFO  Downloaded from central: https://repo.maven.apache.org/maven2/org/codehaus/plexus/plexus-archiver/4.2.5/plexus-archiver-4.2.5.pom (4.8 kB at 16 kB/s)
2022.12.20 22:28:32 INFO  Downloading from central: https://repo.maven.apache.org/maven2/org/codehaus/plexus/plexus/7/plexus-7.pom
2022.12.20 22:28:32 INFO  Progress (1): 4.1/26 kB
2022.12.20 22:28:32 INFO  Progress (1): 8.2/26 kB
2022.12.20 22:28:32 INFO  Progress (1): 12/26 kB 
2022.12.20 22:28:32 INFO  Progress (1): 16/26 kB
2022.12.20 22:28:32 INFO  Progress (1): 20/26 kB
2022.12.20 22:28:32 INFO  Progress (1): 24/26 kB
2022.12.20 22:28:32 INFO  Progress (1): 26 kB   
2022.12.20 22:28:32 INFO                     
2022.12.20 22:28:32 INFO  Downloaded from central: https://repo.maven.apache.org/maven2/org/codehaus/plexus/plexus/7/plexus-7.pom (26 kB at 87 kB/s)
2022.12.20 22:28:32 INFO  Downloading from central: https://repo.maven.apache.org/maven2/org/codehaus/plexus/plexus-io/3.2.0/plexus-io-3.2.0.pom
2022.12.20 22:28:32 INFO  Progress (1): 4.1/4.5 kB
2022.12.20 22:28:32 INFO  Progress (1): 4.5 kB    
2022.12.20 22:28:32 INFO                      
2022.12.20 22:28:32 INFO  Downloaded from central: https://repo.maven.apache.org/maven2/org/codehaus/plexus/plexus-io/3.2.0/plexus-io-3.2.0.pom (4.5 kB at 16 kB/s)
2022.12.20 22:28:32 INFO  Downloading from central: https://repo.maven.apache.org/maven2/org/apache/commons/commons-compress/1.20/commons-compress-1.20.pom
2022.12.20 22:28:33 INFO  Progress (1): 4.1/18 kB
2022.12.20 22:28:33 INFO  Progress (1): 8.2/18 kB
2022.12.20 22:28:33 INFO  Progress (1): 12/18 kB 
2022.12.20 22:28:33 INFO  Progress (1): 16/18 kB
2022.12.20 22:28:33 INFO  Progress (1): 18 kB   
2022.12.20 22:28:33 INFO                     
2022.12.20 22:28:33 INFO  Downloaded from central: https://repo.maven.apache.org/maven2/org/apache/commons/commons-compress/1.20/commons-compress-1.20.pom (18 kB at 64 kB/s)
2022.12.20 22:28:33 INFO  Downloading from central: https://repo.maven.apache.org/maven2/org/iq80/snappy/snappy/0.4/snappy-0.4.pom
2022.12.20 22:28:33 INFO  Progress (1): 4.1/15 kB
2022.12.20 22:28:33 INFO  Progress (1): 8.2/15 kB
2022.12.20 22:28:33 INFO  Progress (1): 12/15 kB 
2022.12.20 22:28:33 INFO  Progress (1): 15 kB   
2022.12.20 22:28:33 INFO                     
2022.12.20 22:28:33 INFO  Downloaded from central: https://repo.maven.apache.org/maven2/org/iq80/snappy/snappy/0.4/snappy-0.4.pom (15 kB at 50 kB/s)
2022.12.20 22:28:33 INFO  Downloading from central: https://repo.maven.apache.org/maven2/org/tukaani/xz/1.9/xz-1.9.pom
2022.12.20 22:28:33 INFO  Progress (1): 2.0 kB
2022.12.20 22:28:33 INFO                      
2022.12.20 22:28:33 INFO  Downloaded from central: https://repo.maven.apache.org/maven2/org/tukaani/xz/1.9/xz-1.9.pom (2.0 kB at 7.2 kB/s)
2022.12.20 22:28:33 INFO  Downloading from central: https://repo.maven.apache.org/maven2/org/apache/maven/maven-archiver/3.5.1/maven-archiver-3.5.1.pom
2022.12.20 22:28:33 INFO  Progress (1): 4.1/5.4 kB
2022.12.20 22:28:33 INFO  Progress (1): 5.4 kB    
2022.12.20 22:28:34 INFO                      
2022.12.20 22:28:34 INFO  Downloaded from central: https://repo.maven.apache.org/maven2/org/apache/maven/maven-archiver/3.5.1/maven-archiver-3.5.1.pom (5.4 kB at 18 kB/s)
2022.12.20 22:28:34 INFO  Downloading from central: https://repo.maven.apache.org/maven2/org/apache/maven/shared/maven-shared-components/34/maven-shared-components-34.pom
2022.12.20 22:28:34 INFO  Progress (1): 4.1/5.1 kB
2022.12.20 22:28:34 INFO  Progress (1): 5.1 kB    
2022.12.20 22:28:34 INFO                      
2022.12.20 22:28:34 INFO  Downloaded from central: https://repo.maven.apache.org/maven2/org/apache/maven/shared/maven-shared-components/34/maven-shared-components-34.pom (5.1 kB at 17 kB/s)
2022.12.20 22:28:34 INFO  Downloading from central: https://repo.maven.apache.org/maven2/org/apache/maven/maven-parent/34/maven-parent-34.pom
2022.12.20 22:28:34 INFO  Progress (1): 4.1/43 kB
2022.12.20 22:28:34 INFO  Progress (1): 8.2/43 kB
2022.12.20 22:28:34 INFO  Progress (1): 12/43 kB 
2022.12.20 22:28:34 INFO  Progress (1): 16/43 kB
2022.12.20 22:28:34 INFO  Progress (1): 20/43 kB
2022.12.20 22:28:34 INFO  Progress (1): 25/43 kB
2022.12.20 22:28:34 INFO  Progress (1): 29/43 kB
2022.12.20 22:28:34 INFO  Progress (1): 33/43 kB
2022.12.20 22:28:34 INFO  Progress (1): 37/43 kB
2022.12.20 22:28:34 INFO  Progress (1): 41/43 kB
2022.12.20 22:28:34 INFO  Progress (1): 43 kB   
2022.12.20 22:28:34 INFO                     
2022.12.20 22:28:34 INFO  Downloaded from central: https://repo.maven.apache.org/maven2/org/apache/maven/maven-parent/34/maven-parent-34.pom (43 kB at 138 kB/s)
2022.12.20 22:28:34 INFO  Downloading from central: https://repo.maven.apache.org/maven2/org/apache/apache/23/apache-23.pom
2022.12.20 22:28:34 INFO  Progress (1): 4.1/18 kB
2022.12.20 22:28:34 INFO  Progress (1): 8.2/18 kB
2022.12.20 22:28:34 INFO  Progress (1): 12/18 kB 
2022.12.20 22:28:34 INFO  Progress (1): 16/18 kB
2022.12.20 22:28:34 INFO  Progress (1): 18 kB   
2022.12.20 22:28:34 INFO                     
2022.12.20 22:28:34 INFO  Downloaded from central: https://repo.maven.apache.org/maven2/org/apache/apache/23/apache-23.pom (18 kB at 60 kB/s)
2022.12.20 22:28:34 INFO  Downloading from central: https://repo.maven.apache.org/maven2/org/apache/maven/maven-artifact/3.1.1/maven-artifact-3.1.1.pom
2022.12.20 22:28:35 INFO  Progress (1): 2.0 kB
2022.12.20 22:28:35 INFO                      
2022.12.20 22:28:35 INFO  Downloaded from central: https://repo.maven.apache.org/maven2/org/apache/maven/maven-artifact/3.1.1/maven-artifact-3.1.1.pom (2.0 kB at 6.7 kB/s)
2022.12.20 22:28:35 INFO  Downloading from central: https://repo.maven.apache.org/maven2/org/apache/maven/maven/3.1.1/maven-3.1.1.pom
2022.12.20 22:28:35 INFO  Progress (1): 4.1/22 kB
2022.12.20 22:28:35 INFO  Progress (1): 8.2/22 kB
2022.12.20 22:28:35 INFO  Progress (1): 12/22 kB 
2022.12.20 22:28:35 INFO  Progress (1): 16/22 kB
2022.12.20 22:28:35 INFO  Progress (1): 20/22 kB
2022.12.20 22:28:35 INFO  Progress (1): 22 kB   
2022.12.20 22:28:35 INFO                     
2022.12.20 22:28:35 INFO  Downloaded from central: https://repo.maven.apache.org/maven2/org/apache/maven/maven/3.1.1/maven-3.1.1.pom (22 kB at 76 kB/s)
2022.12.20 22:28:35 INFO  Downloading from central: https://repo.maven.apache.org/maven2/org/apache/maven/maven-model/3.1.1/maven-model-3.1.1.pom
2022.12.20 22:28:35 INFO  Progress (1): 4.1/4.1 kB
2022.12.20 22:28:35 INFO  Progress (1): 4.1 kB    
2022.12.20 22:28:35 INFO                      
2022.12.20 22:28:35 INFO  Downloaded from central: https://repo.maven.apache.org/maven2/org/apache/maven/maven-model/3.1.1/maven-model-3.1.1.pom (4.1 kB at 15 kB/s)
2022.12.20 22:28:35 INFO  Downloading from central: https://repo.maven.apache.org/maven2/org/apache/maven/maven-core/3.1.1/maven-core-3.1.1.pom
2022.12.20 22:28:35 INFO  Progress (1): 4.1/7.3 kB
2022.12.20 22:28:35 INFO  Progress (1): 7.3 kB    
2022.12.20 22:28:36 INFO                      
2022.12.20 22:28:36 INFO  Downloaded from central: https://repo.maven.apache.org/maven2/org/apache/maven/maven-core/3.1.1/maven-core-3.1.1.pom (7.3 kB at 24 kB/s)
2022.12.20 22:28:36 INFO  Downloading from central: https://repo.maven.apache.org/maven2/org/apache/maven/maven-settings/3.1.1/maven-settings-3.1.1.pom
2022.12.20 22:28:36 INFO  Progress (1): 2.2 kB
2022.12.20 22:28:36 INFO                      
2022.12.20 22:28:36 INFO  Downloaded from central: https://repo.maven.apache.org/maven2/org/apache/maven/maven-settings/3.1.1/maven-settings-3.1.1.pom (2.2 kB at 7.2 kB/s)
2022.12.20 22:28:36 INFO  Downloading from central: https://repo.maven.apache.org/maven2/org/apache/maven/maven-settings-builder/3.1.1/maven-settings-builder-3.1.1.pom
2022.12.20 22:28:36 INFO  Progress (1): 2.6 kB
2022.12.20 22:28:36 INFO                      
2022.12.20 22:28:36 INFO  Downloaded from central: https://repo.maven.apache.org/maven2/org/apache/maven/maven-settings-builder/3.1.1/maven-settings-builder-3.1.1.pom (2.6 kB at 9.1 kB/s)
2022.12.20 22:28:36 INFO  Downloading from central: https://repo.maven.apache.org/maven2/org/codehaus/plexus/plexus-interpolation/1.19/plexus-interpolation-1.19.pom
2022.12.20 22:28:36 INFO  Progress (1): 1.0 kB
2022.12.20 22:28:36 INFO                      
2022.12.20 22:28:36 INFO  Downloaded from central: https://repo.maven.apache.org/maven2/org/codehaus/plexus/plexus-interpolation/1.19/plexus-interpolation-1.19.pom (1.0 kB at 3.6 kB/s)
2022.12.20 22:28:36 INFO  Downloading from central: https://repo.maven.apache.org/maven2/org/apache/maven/maven-repository-metadata/3.1.1/maven-repository-metadata-3.1.1.pom
2022.12.20 22:28:37 INFO  Progress (1): 2.2 kB
2022.12.20 22:28:37 INFO                      
2022.12.20 22:28:37 INFO  Downloaded from central: https://repo.maven.apache.org/maven2/org/apache/maven/maven-repository-metadata/3.1.1/maven-repository-metadata-3.1.1.pom (2.2 kB at 8.0 kB/s)
2022.12.20 22:28:37 INFO  Downloading from central: https://repo.maven.apache.org/maven2/org/apache/maven/maven-plugin-api/3.1.1/maven-plugin-api-3.1.1.pom
2022.12.20 22:28:37 INFO  Progress (1): 3.4 kB
2022.12.20 22:28:37 INFO                      
2022.12.20 22:28:37 INFO  Downloaded from central: https://repo.maven.apache.org/maven2/org/apache/maven/maven-plugin-api/3.1.1/maven-plugin-api-3.1.1.pom (3.4 kB at 12 kB/s)
2022.12.20 22:28:37 INFO  Downloading from central: https://repo.maven.apache.org/maven2/org/eclipse/sisu/org.eclipse.sisu.plexus/0.0.0.M5/org.eclipse.sisu.plexus-0.0.0.M5.pom
2022.12.20 22:28:37 INFO  Progress (1): 4.1/4.8 kB
2022.12.20 22:28:37 INFO  Progress (1): 4.8 kB    
2022.12.20 22:28:37 INFO                      
2022.12.20 22:28:37 INFO  Downloaded from central: https://repo.maven.apache.org/maven2/org/eclipse/sisu/org.eclipse.sisu.plexus/0.0.0.M5/org.eclipse.sisu.plexus-0.0.0.M5.pom (4.8 kB at 17 kB/s)
2022.12.20 22:28:37 INFO  Downloading from central: https://repo.maven.apache.org/maven2/org/eclipse/sisu/sisu-plexus/0.0.0.M5/sisu-plexus-0.0.0.M5.pom
2022.12.20 22:28:37 INFO  Progress (1): 4.1/13 kB
2022.12.20 22:28:37 INFO  Progress (1): 8.2/13 kB
2022.12.20 22:28:37 INFO  Progress (1): 12/13 kB 
2022.12.20 22:28:37 INFO  Progress (1): 13 kB   
2022.12.20 22:28:38 INFO                     
2022.12.20 22:28:38 INFO  Downloaded from central: https://repo.maven.apache.org/maven2/org/eclipse/sisu/sisu-plexus/0.0.0.M5/sisu-plexus-0.0.0.M5.pom (13 kB at 46 kB/s)
2022.12.20 22:28:38 INFO  Downloading from central: https://repo.maven.apache.org/maven2/com/google/guava/guava/10.0.1/guava-10.0.1.pom
2022.12.20 22:28:38 INFO  Progress (1): 4.1/5.4 kB
2022.12.20 22:28:38 INFO  Progress (1): 5.4 kB    
2022.12.20 22:28:38 INFO                      
2022.12.20 22:28:38 INFO  Downloaded from central: https://repo.maven.apache.org/maven2/com/google/guava/guava/10.0.1/guava-10.0.1.pom (5.4 kB at 19 kB/s)
2022.12.20 22:28:38 INFO  Downloading from central: https://repo.maven.apache.org/maven2/com/google/guava/guava-parent/10.0.1/guava-parent-10.0.1.pom
2022.12.20 22:28:38 INFO  Progress (1): 2.0 kB
2022.12.20 22:28:38 INFO                      
2022.12.20 22:28:38 INFO  Downloaded from central: https://repo.maven.apache.org/maven2/com/google/guava/guava-parent/10.0.1/guava-parent-10.0.1.pom (2.0 kB at 6.8 kB/s)
2022.12.20 22:28:38 INFO  Downloading from central: https://repo.maven.apache.org/maven2/org/sonatype/sisu/sisu-guice/3.1.0/sisu-guice-3.1.0.pom
2022.12.20 22:28:38 INFO  Progress (1): 4.1/10 kB
2022.12.20 22:28:38 INFO  Progress (1): 8.2/10 kB
2022.12.20 22:28:38 INFO  Progress (1): 10 kB    
2022.12.20 22:28:38 INFO                     
2022.12.20 22:28:38 INFO  Downloaded from central: https://repo.maven.apache.org/maven2/org/sonatype/sisu/sisu-guice/3.1.0/sisu-guice-3.1.0.pom (10 kB at 36 kB/s)
2022.12.20 22:28:38 INFO  Downloading from central: https://repo.maven.apache.org/maven2/org/sonatype/sisu/inject/guice-parent/3.1.0/guice-parent-3.1.0.pom
2022.12.20 22:28:39 INFO  Progress (1): 4.1/11 kB
2022.12.20 22:28:39 INFO  Progress (1): 8.2/11 kB
2022.12.20 22:28:39 INFO  Progress (1): 11 kB    
2022.12.20 22:28:39 INFO                     
2022.12.20 22:28:39 INFO  Downloaded from central: https://repo.maven.apache.org/maven2/org/sonatype/sisu/inject/guice-parent/3.1.0/guice-parent-3.1.0.pom (11 kB at 37 kB/s)
2022.12.20 22:28:39 INFO  Downloading from central: https://repo.maven.apache.org/maven2/org/eclipse/sisu/org.eclipse.sisu.inject/0.0.0.M5/org.eclipse.sisu.inject-0.0.0.M5.pom
2022.12.20 22:28:39 INFO  Progress (1): 2.5 kB
2022.12.20 22:28:39 INFO                      
2022.12.20 22:28:39 INFO  Downloaded from central: https://repo.maven.apache.org/maven2/org/eclipse/sisu/org.eclipse.sisu.inject/0.0.0.M5/org.eclipse.sisu.inject-0.0.0.M5.pom (2.5 kB at 8.8 kB/s)
2022.12.20 22:28:39 INFO  Downloading from central: https://repo.maven.apache.org/maven2/org/eclipse/sisu/sisu-inject/0.0.0.M5/sisu-inject-0.0.0.M5.pom
2022.12.20 22:28:39 INFO  Progress (1): 4.1/14 kB
2022.12.20 22:28:39 INFO  Progress (1): 8.2/14 kB
2022.12.20 22:28:39 INFO  Progress (1): 12/14 kB 
2022.12.20 22:28:39 INFO  Progress (1): 14 kB   
2022.12.20 22:28:39 INFO                     
2022.12.20 22:28:39 INFO  Downloaded from central: https://repo.maven.apache.org/maven2/org/eclipse/sisu/sisu-inject/0.0.0.M5/sisu-inject-0.0.0.M5.pom (14 kB at 48 kB/s)
2022.12.20 22:28:39 INFO  Downloading from central: https://repo.maven.apache.org/maven2/org/codehaus/plexus/plexus-classworlds/2.4/plexus-classworlds-2.4.pom
2022.12.20 22:28:39 INFO  Progress (1): 3.9 kB
2022.12.20 22:28:40 INFO                      
2022.12.20 22:28:40 INFO  Downloaded from central: https://repo.maven.apache.org/maven2/org/codehaus/plexus/plexus-classworlds/2.4/plexus-classworlds-2.4.pom (3.9 kB at 13 kB/s)
2022.12.20 22:28:40 INFO  Downloading from central: https://repo.maven.apache.org/maven2/org/codehaus/plexus/plexus-utils/2.1/plexus-utils-2.1.pom
2022.12.20 22:28:40 INFO  Progress (1): 4.0 kB
2022.12.20 22:28:40 INFO                      
2022.12.20 22:28:40 INFO  Downloaded from central: https://repo.maven.apache.org/maven2/org/codehaus/plexus/plexus-utils/2.1/plexus-utils-2.1.pom (4.0 kB at 14 kB/s)
2022.12.20 22:28:40 INFO  Downloading from central: https://repo.maven.apache.org/maven2/org/apache/maven/maven-model-builder/3.1.1/maven-model-builder-3.1.1.pom
2022.12.20 22:28:40 INFO  Progress (1): 2.8 kB
2022.12.20 22:28:40 INFO                      
2022.12.20 22:28:40 INFO  Downloaded from central: https://repo.maven.apache.org/maven2/org/apache/maven/maven-model-builder/3.1.1/maven-model-builder-3.1.1.pom (2.8 kB at 9.9 kB/s)
2022.12.20 22:28:40 INFO  Downloading from central: https://repo.maven.apache.org/maven2/org/apache/maven/maven-aether-provider/3.1.1/maven-aether-provider-3.1.1.pom
2022.12.20 22:28:40 INFO  Progress (1): 4.1 kB
2022.12.20 22:28:40 INFO                      
2022.12.20 22:28:40 INFO  Downloaded from central: https://repo.maven.apache.org/maven2/org/apache/maven/maven-aether-provider/3.1.1/maven-aether-provider-3.1.1.pom (4.1 kB at 14 kB/s)
2022.12.20 22:28:40 INFO  Downloading from central: https://repo.maven.apache.org/maven2/org/eclipse/aether/aether-api/0.9.0.M2/aether-api-0.9.0.M2.pom
2022.12.20 22:28:41 INFO  Progress (1): 1.7 kB
2022.12.20 22:28:41 INFO                      
2022.12.20 22:28:41 INFO  Downloaded from central: https://repo.maven.apache.org/maven2/org/eclipse/aether/aether-api/0.9.0.M2/aether-api-0.9.0.M2.pom (1.7 kB at 5.9 kB/s)
2022.12.20 22:28:41 INFO  Downloading from central: https://repo.maven.apache.org/maven2/org/eclipse/aether/aether-spi/0.9.0.M2/aether-spi-0.9.0.M2.pom
2022.12.20 22:28:41 INFO  Progress (1): 1.8 kB
2022.12.20 22:28:41 INFO                      
2022.12.20 22:28:41 INFO  Downloaded from central: https://repo.maven.apache.org/maven2/org/eclipse/aether/aether-spi/0.9.0.M2/aether-spi-0.9.0.M2.pom (1.8 kB at 6.3 kB/s)
2022.12.20 22:28:41 INFO  Downloading from central: https://repo.maven.apache.org/maven2/org/eclipse/aether/aether-impl/0.9.0.M2/aether-impl-0.9.0.M2.pom
2022.12.20 22:28:41 INFO  Progress (1): 3.3 kB
2022.12.20 22:28:41 INFO                      
2022.12.20 22:28:41 INFO  Downloaded from central: https://repo.maven.apache.org/maven2/org/eclipse/aether/aether-impl/0.9.0.M2/aether-impl-0.9.0.M2.pom (3.3 kB at 12 kB/s)
2022.12.20 22:28:41 INFO  Downloading from central: https://repo.maven.apache.org/maven2/org/codehaus/plexus/plexus-classworlds/2.5.1/plexus-classworlds-2.5.1.pom
2022.12.20 22:28:41 INFO  Progress (1): 4.1/5.0 kB
2022.12.20 22:28:41 INFO  Progress (1): 5.0 kB    
2022.12.20 22:28:41 INFO                      
2022.12.20 22:28:41 INFO  Downloaded from central: https://repo.maven.apache.org/maven2/org/codehaus/plexus/plexus-classworlds/2.5.1/plexus-classworlds-2.5.1.pom (5.0 kB at 18 kB/s)
2022.12.20 22:28:42 INFO  Downloading from central: https://repo.maven.apache.org/maven2/org/apache/maven/shared/maven-shared-utils/3.3.3/maven-shared-utils-3.3.3.pom
2022.12.20 22:28:42 INFO  Progress (1): 4.1/5.8 kB
2022.12.20 22:28:42 INFO  Progress (1): 5.8 kB    
2022.12.20 22:28:42 INFO                      
2022.12.20 22:28:42 INFO  Downloaded from central: https://repo.maven.apache.org/maven2/org/apache/maven/shared/maven-shared-utils/3.3.3/maven-shared-utils-3.3.3.pom (5.8 kB at 20 kB/s)
2022.12.20 22:28:42 INFO  Downloading from central: https://repo.maven.apache.org/maven2/org/codehaus/plexus/plexus-archiver/4.2.3/plexus-archiver-4.2.3.pom
2022.12.20 22:28:42 INFO  Progress (1): 4.1/4.9 kB
2022.12.20 22:28:42 INFO  Progress (1): 4.9 kB    
2022.12.20 22:28:42 INFO                      
2022.12.20 22:28:42 INFO  Downloaded from central: https://repo.maven.apache.org/maven2/org/codehaus/plexus/plexus-archiver/4.2.3/plexus-archiver-4.2.3.pom (4.9 kB at 18 kB/s)
2022.12.20 22:28:42 INFO  Downloading from central: https://repo.maven.apache.org/maven2/org/codehaus/plexus/plexus/6.4/plexus-6.4.pom
2022.12.20 22:28:42 INFO  Progress (1): 4.1/26 kB
2022.12.20 22:28:42 INFO  Progress (1): 8.2/26 kB
2022.12.20 22:28:42 INFO  Progress (1): 12/26 kB 
2022.12.20 22:28:42 INFO  Progress (1): 16/26 kB
2022.12.20 22:28:42 INFO  Progress (1): 20/26 kB
2022.12.20 22:28:42 INFO  Progress (1): 25/26 kB
2022.12.20 22:28:42 INFO  Progress (1): 26 kB   
2022.12.20 22:28:42 INFO                     
2022.12.20 22:28:42 INFO  Downloaded from central: https://repo.maven.apache.org/maven2/org/codehaus/plexus/plexus/6.4/plexus-6.4.pom (26 kB at 85 kB/s)
2022.12.20 22:28:42 INFO  Downloading from central: https://repo.maven.apache.org/maven2/org/tukaani/xz/1.8/xz-1.8.pom
2022.12.20 22:28:43 INFO  Progress (1): 1.9 kB
2022.12.20 22:28:43 INFO                      
2022.12.20 22:28:43 INFO  Downloaded from central: https://repo.maven.apache.org/maven2/org/tukaani/xz/1.8/xz-1.8.pom (1.9 kB at 6.8 kB/s)
2022.12.20 22:28:43 INFO  Downloading from central: https://repo.maven.apache.org/maven2/org/codehaus/plexus/plexus-interpolation/1.26/plexus-interpolation-1.26.pom
2022.12.20 22:28:43 INFO  Progress (1): 2.7 kB
2022.12.20 22:28:43 INFO                      
2022.12.20 22:28:43 INFO  Downloaded from central: https://repo.maven.apache.org/maven2/org/codehaus/plexus/plexus-interpolation/1.26/plexus-interpolation-1.26.pom (2.7 kB at 9.2 kB/s)
2022.12.20 22:28:43 INFO  Downloading from central: https://repo.maven.apache.org/maven2/org/apache/maven/doxia/doxia-sink-api/1.9.1/doxia-sink-api-1.9.1.pom
2022.12.20 22:28:43 INFO  Progress (1): 1.5 kB
2022.12.20 22:28:43 INFO                      
2022.12.20 22:28:43 INFO  Downloaded from central: https://repo.maven.apache.org/maven2/org/apache/maven/doxia/doxia-sink-api/1.9.1/doxia-sink-api-1.9.1.pom (1.5 kB at 5.3 kB/s)
2022.12.20 22:28:43 INFO  Downloading from central: https://repo.maven.apache.org/maven2/org/apache/maven/doxia/doxia/1.9.1/doxia-1.9.1.pom
2022.12.20 22:28:43 INFO  Progress (1): 4.1/18 kB
2022.12.20 22:28:43 INFO  Progress (1): 8.2/18 kB
2022.12.20 22:28:43 INFO  Progress (1): 12/18 kB 
2022.12.20 22:28:43 INFO  Progress (1): 16/18 kB
2022.12.20 22:28:43 INFO  Progress (1): 18 kB   
2022.12.20 22:28:44 INFO                     
2022.12.20 22:28:44 INFO  Downloaded from central: https://repo.maven.apache.org/maven2/org/apache/maven/doxia/doxia/1.9.1/doxia-1.9.1.pom (18 kB at 61 kB/s)
2022.12.20 22:28:44 INFO  Downloading from central: https://repo.maven.apache.org/maven2/org/apache/maven/doxia/doxia-logging-api/1.9.1/doxia-logging-api-1.9.1.pom
2022.12.20 22:28:44 INFO  Progress (1): 1.5 kB
2022.12.20 22:28:44 INFO                      
2022.12.20 22:28:44 INFO  Downloaded from central: https://repo.maven.apache.org/maven2/org/apache/maven/doxia/doxia-logging-api/1.9.1/doxia-logging-api-1.9.1.pom (1.5 kB at 5.3 kB/s)
2022.12.20 22:28:44 INFO  Downloading from central: https://repo.maven.apache.org/maven2/org/codehaus/plexus/plexus-container-default/1.7.1/plexus-container-default-1.7.1.pom
2022.12.20 22:28:44 INFO  Progress (1): 2.8 kB
2022.12.20 22:28:44 INFO                      
2022.12.20 22:28:44 INFO  Downloaded from central: https://repo.maven.apache.org/maven2/org/codehaus/plexus/plexus-container-default/1.7.1/plexus-container-default-1.7.1.pom (2.8 kB at 8.9 kB/s)
2022.12.20 22:28:44 INFO  Downloading from central: https://repo.maven.apache.org/maven2/org/codehaus/plexus/plexus-containers/1.7.1/plexus-containers-1.7.1.pom
2022.12.20 22:28:44 INFO  Progress (1): 4.1/5.0 kB
2022.12.20 22:28:44 INFO  Progress (1): 5.0 kB    
2022.12.20 22:28:44 INFO                      
2022.12.20 22:28:44 INFO  Downloaded from central: https://repo.maven.apache.org/maven2/org/codehaus/plexus/plexus-containers/1.7.1/plexus-containers-1.7.1.pom (5.0 kB at 17 kB/s)
2022.12.20 22:28:44 INFO  Downloading from central: https://repo.maven.apache.org/maven2/org/codehaus/plexus/plexus-utils/3.0.20/plexus-utils-3.0.20.pom
2022.12.20 22:28:45 INFO  Progress (1): 3.8 kB
2022.12.20 22:28:45 INFO                      
2022.12.20 22:28:45 INFO  Downloaded from central: https://repo.maven.apache.org/maven2/org/codehaus/plexus/plexus-utils/3.0.20/plexus-utils-3.0.20.pom (3.8 kB at 13 kB/s)
2022.12.20 22:28:45 INFO  Downloading from central: https://repo.maven.apache.org/maven2/org/apache/xbean/xbean-reflect/3.7/xbean-reflect-3.7.pom
2022.12.20 22:28:45 INFO  Progress (1): 4.1/5.1 kB
2022.12.20 22:28:45 INFO  Progress (1): 5.1 kB    
2022.12.20 22:28:45 INFO                      
2022.12.20 22:28:45 INFO  Downloaded from central: https://repo.maven.apache.org/maven2/org/apache/xbean/xbean-reflect/3.7/xbean-reflect-3.7.pom (5.1 kB at 18 kB/s)
2022.12.20 22:28:45 INFO  Downloading from central: https://repo.maven.apache.org/maven2/org/apache/xbean/xbean/3.7/xbean-3.7.pom
2022.12.20 22:28:45 INFO  Progress (1): 4.1/15 kB
2022.12.20 22:28:45 INFO  Progress (1): 8.2/15 kB
2022.12.20 22:28:45 INFO  Progress (1): 12/15 kB 
2022.12.20 22:28:45 INFO  Progress (1): 15 kB   
2022.12.20 22:28:45 INFO                     
2022.12.20 22:28:45 INFO  Downloaded from central: https://repo.maven.apache.org/maven2/org/apache/xbean/xbean/3.7/xbean-3.7.pom (15 kB at 54 kB/s)
2022.12.20 22:28:45 INFO  Downloading from central: https://repo.maven.apache.org/maven2/org/apache/geronimo/genesis/genesis-java5-flava/2.0/genesis-java5-flava-2.0.pom
2022.12.20 22:28:45 INFO  Progress (1): 4.1/5.5 kB
2022.12.20 22:28:45 INFO  Progress (1): 5.5 kB    
2022.12.20 22:28:46 INFO                      
2022.12.20 22:28:46 INFO  Downloaded from central: https://repo.maven.apache.org/maven2/org/apache/geronimo/genesis/genesis-java5-flava/2.0/genesis-java5-flava-2.0.pom (5.5 kB at 19 kB/s)
2022.12.20 22:28:46 INFO  Downloading from central: https://repo.maven.apache.org/maven2/org/apache/geronimo/genesis/genesis-default-flava/2.0/genesis-default-flava-2.0.pom
2022.12.20 22:28:46 INFO  Progress (1): 4.1/18 kB
2022.12.20 22:28:46 INFO  Progress (1): 8.2/18 kB
2022.12.20 22:28:46 INFO  Progress (1): 12/18 kB 
2022.12.20 22:28:46 INFO  Progress (1): 16/18 kB
2022.12.20 22:28:46 INFO  Progress (1): 18 kB   
2022.12.20 22:28:46 INFO                     
2022.12.20 22:28:46 INFO  Downloaded from central: https://repo.maven.apache.org/maven2/org/apache/geronimo/genesis/genesis-default-flava/2.0/genesis-default-flava-2.0.pom (18 kB at 61 kB/s)
2022.12.20 22:28:46 INFO  Downloading from central: https://repo.maven.apache.org/maven2/org/apache/geronimo/genesis/genesis/2.0/genesis-2.0.pom
2022.12.20 22:28:46 INFO  Progress (1): 4.1/18 kB
2022.12.20 22:28:46 INFO  Progress (1): 8.2/18 kB
2022.12.20 22:28:46 INFO  Progress (1): 12/18 kB 
2022.12.20 22:28:46 INFO  Progress (1): 16/18 kB
2022.12.20 22:28:46 INFO  Progress (1): 18 kB   
2022.12.20 22:28:46 INFO                     
2022.12.20 22:28:46 INFO  Downloaded from central: https://repo.maven.apache.org/maven2/org/apache/geronimo/genesis/genesis/2.0/genesis-2.0.pom (18 kB at 64 kB/s)
2022.12.20 22:28:46 INFO  Downloading from central: https://repo.maven.apache.org/maven2/org/apache/maven/shared/maven-invoker/3.1.0/maven-invoker-3.1.0.pom
2022.12.20 22:28:46 INFO  Progress (1): 4.1/6.9 kB
2022.12.20 22:28:46 INFO  Progress (1): 6.9 kB    
2022.12.20 22:28:46 INFO                      
2022.12.20 22:28:46 INFO  Downloaded from central: https://repo.maven.apache.org/maven2/org/apache/maven/shared/maven-invoker/3.1.0/maven-invoker-3.1.0.pom (6.9 kB at 22 kB/s)
2022.12.20 22:28:46 INFO  Downloading from central: https://repo.maven.apache.org/maven2/org/scala-sbt/zinc_2.13/1.5.5/zinc_2.13-1.5.5.pom
2022.12.20 22:28:47 INFO  Progress (1): 4.1/4.3 kB
2022.12.20 22:28:47 INFO  Progress (1): 4.3 kB    
2022.12.20 22:28:47 INFO                      
2022.12.20 22:28:47 INFO  Downloaded from central: https://repo.maven.apache.org/maven2/org/scala-sbt/zinc_2.13/1.5.5/zinc_2.13-1.5.5.pom (4.3 kB at 15 kB/s)
2022.12.20 22:28:47 INFO  Downloading from central: https://repo.maven.apache.org/maven2/org/scala-lang/scala-library/2.13.6/scala-library-2.13.6.pom
2022.12.20 22:28:47 INFO  Progress (1): 1.6 kB
2022.12.20 22:28:47 INFO                      
2022.12.20 22:28:47 INFO  Downloaded from central: https://repo.maven.apache.org/maven2/org/scala-lang/scala-library/2.13.6/scala-library-2.13.6.pom (1.6 kB at 5.7 kB/s)
2022.12.20 22:28:47 INFO  Downloading from central: https://repo.maven.apache.org/maven2/org/scala-sbt/zinc-core_2.13/1.5.5/zinc-core_2.13-1.5.5.pom
2022.12.20 22:28:47 INFO  Progress (1): 4.1/5.5 kB
2022.12.20 22:28:47 INFO  Progress (1): 5.5 kB    
2022.12.20 22:28:47 INFO                      
2022.12.20 22:28:47 INFO  Downloaded from central: https://repo.maven.apache.org/maven2/org/scala-sbt/zinc-core_2.13/1.5.5/zinc-core_2.13-1.5.5.pom (5.5 kB at 19 kB/s)
2022.12.20 22:28:47 INFO  Downloading from central: https://repo.maven.apache.org/maven2/org/scala-sbt/zinc-compile-core_2.13/1.5.5/zinc-compile-core_2.13-1.5.5.pom
2022.12.20 22:28:47 INFO  Progress (1): 4.1/5.7 kB
2022.12.20 22:28:47 INFO  Progress (1): 5.7 kB    
2022.12.20 22:28:48 INFO                      
2022.12.20 22:28:48 INFO  Downloaded from central: https://repo.maven.apache.org/maven2/org/scala-sbt/zinc-compile-core_2.13/1.5.5/zinc-compile-core_2.13-1.5.5.pom (5.7 kB at 19 kB/s)
2022.12.20 22:28:48 INFO  Downloading from central: https://repo.maven.apache.org/maven2/org/scala-sbt/compiler-interface/1.5.5/compiler-interface-1.5.5.pom
2022.12.20 22:28:48 INFO  Progress (1): 3.0 kB
2022.12.20 22:28:48 INFO                      
2022.12.20 22:28:48 INFO  Downloaded from central: https://repo.maven.apache.org/maven2/org/scala-sbt/compiler-interface/1.5.5/compiler-interface-1.5.5.pom (3.0 kB at 10 kB/s)
2022.12.20 22:28:48 INFO  Downloading from central: https://repo.maven.apache.org/maven2/org/scala-sbt/util-interface/1.5.0/util-interface-1.5.0.pom
2022.12.20 22:28:48 INFO  Progress (1): 2.6 kB
2022.12.20 22:28:48 INFO                      
2022.12.20 22:28:48 INFO  Downloaded from central: https://repo.maven.apache.org/maven2/org/scala-sbt/util-interface/1.5.0/util-interface-1.5.0.pom (2.6 kB at 9.1 kB/s)
2022.12.20 22:28:48 INFO  Downloading from central: https://repo.maven.apache.org/maven2/org/scala-sbt/zinc-classpath_2.13/1.5.5/zinc-classpath_2.13-1.5.5.pom
2022.12.20 22:28:48 INFO  Progress (1): 4.1/4.1 kB
2022.12.20 22:28:48 INFO  Progress (1): 4.1 kB    
2022.12.20 22:28:48 INFO                      
2022.12.20 22:28:48 INFO  Downloaded from central: https://repo.maven.apache.org/maven2/org/scala-sbt/zinc-classpath_2.13/1.5.5/zinc-classpath_2.13-1.5.5.pom (4.1 kB at 14 kB/s)
2022.12.20 22:28:48 INFO  Downloading from central: https://repo.maven.apache.org/maven2/org/scala-lang/scala-compiler/2.13.6/scala-compiler-2.13.6.pom
2022.12.20 22:28:49 INFO  Progress (1): 2.3 kB
2022.12.20 22:28:49 INFO                      
2022.12.20 22:28:49 INFO  Downloaded from central: https://repo.maven.apache.org/maven2/org/scala-lang/scala-compiler/2.13.6/scala-compiler-2.13.6.pom (2.3 kB at 8.3 kB/s)
2022.12.20 22:28:49 INFO  Downloading from central: https://repo.maven.apache.org/maven2/org/scala-lang/scala-reflect/2.13.6/scala-reflect-2.13.6.pom
2022.12.20 22:28:49 INFO  Progress (1): 1.8 kB
2022.12.20 22:28:49 INFO                      
2022.12.20 22:28:49 INFO  Downloaded from central: https://repo.maven.apache.org/maven2/org/scala-lang/scala-reflect/2.13.6/scala-reflect-2.13.6.pom (1.8 kB at 6.5 kB/s)
2022.12.20 22:28:49 INFO  Downloading from central: https://repo.maven.apache.org/maven2/org/jline/jline/3.19.0/jline-3.19.0.pom
2022.12.20 22:28:49 INFO  Progress (1): 4.1/18 kB
2022.12.20 22:28:49 INFO  Progress (1): 8.2/18 kB
2022.12.20 22:28:49 INFO  Progress (1): 12/18 kB 
2022.12.20 22:28:49 INFO  Progress (1): 16/18 kB
2022.12.20 22:28:49 INFO  Progress (1): 18 kB   
2022.12.20 22:28:49 INFO                     
2022.12.20 22:28:49 INFO  Downloaded from central: https://repo.maven.apache.org/maven2/org/jline/jline/3.19.0/jline-3.19.0.pom (18 kB at 57 kB/s)
2022.12.20 22:28:49 INFO  Downloading from central: https://repo.maven.apache.org/maven2/org/jline/jline-parent/3.19.0/jline-parent-3.19.0.pom
2022.12.20 22:28:49 INFO  Progress (1): 4.1/24 kB
2022.12.20 22:28:49 INFO  Progress (1): 8.2/24 kB
2022.12.20 22:28:49 INFO  Progress (1): 12/24 kB 
2022.12.20 22:28:49 INFO  Progress (1): 16/24 kB
2022.12.20 22:28:49 INFO  Progress (1): 20/24 kB
2022.12.20 22:28:49 INFO  Progress (1): 24 kB   
2022.12.20 22:28:51 INFO                     
2022.12.20 22:28:51 INFO  Downloaded from central: https://repo.maven.apache.org/maven2/org/jline/jline-parent/3.19.0/jline-parent-3.19.0.pom (24 kB at 74 kB/s)
2022.12.20 22:28:51 INFO  Downloading from central: https://repo.maven.apache.org/maven2/net/java/dev/jna/jna/5.3.1/jna-5.3.1.pom
2022.12.20 22:28:51 INFO  Progress (1): 1.6 kB
2022.12.20 22:28:51 INFO                      
2022.12.20 22:28:51 INFO  Downloaded from central: https://repo.maven.apache.org/maven2/net/java/dev/jna/jna/5.3.1/jna-5.3.1.pom (1.6 kB at 5.4 kB/s)
2022.12.20 22:28:51 INFO  Downloading from central: https://repo.maven.apache.org/maven2/org/scala-sbt/launcher-interface/1.1.3/launcher-interface-1.1.3.pom
2022.12.20 22:28:51 INFO  Progress (1): 1.9 kB
2022.12.20 22:28:51 INFO                      
2022.12.20 22:28:51 INFO  Downloaded from central: https://repo.maven.apache.org/maven2/org/scala-sbt/launcher-interface/1.1.3/launcher-interface-1.1.3.pom (1.9 kB at 6.5 kB/s)
2022.12.20 22:28:51 INFO  Downloading from central: https://repo.maven.apache.org/maven2/org/scala-sbt/io_2.13/1.5.0/io_2.13-1.5.0.pom
2022.12.20 22:28:51 INFO  Progress (1): 3.3 kB
2022.12.20 22:28:51 INFO                      
2022.12.20 22:28:51 INFO  Downloaded from central: https://repo.maven.apache.org/maven2/org/scala-sbt/io_2.13/1.5.0/io_2.13-1.5.0.pom (3.3 kB at 12 kB/s)
2022.12.20 22:28:51 INFO  Downloading from central: https://repo.maven.apache.org/maven2/org/scala-lang/scala-library/2.13.5/scala-library-2.13.5.pom
2022.12.20 22:28:52 INFO  Progress (1): 1.6 kB
2022.12.20 22:28:52 INFO                      
2022.12.20 22:28:52 INFO  Downloaded from central: https://repo.maven.apache.org/maven2/org/scala-lang/scala-library/2.13.5/scala-library-2.13.5.pom (1.6 kB at 5.3 kB/s)
2022.12.20 22:28:52 INFO  Downloading from central: https://repo.maven.apache.org/maven2/com/swoval/file-tree-views/2.1.6/file-tree-views-2.1.6.pom
2022.12.20 22:28:52 INFO  Progress (1): 1.7 kB
2022.12.20 22:28:52 INFO                      
2022.12.20 22:28:52 INFO  Downloaded from central: https://repo.maven.apache.org/maven2/com/swoval/file-tree-views/2.1.6/file-tree-views-2.1.6.pom (1.7 kB at 5.5 kB/s)
2022.12.20 22:28:52 INFO  Downloading from central: https://repo.maven.apache.org/maven2/net/java/dev/jna/jna/5.5.0/jna-5.5.0.pom
2022.12.20 22:28:52 INFO  Progress (1): 1.6 kB
2022.12.20 22:28:52 INFO                      
2022.12.20 22:28:52 INFO  Downloaded from central: https://repo.maven.apache.org/maven2/net/java/dev/jna/jna/5.5.0/jna-5.5.0.pom (1.6 kB at 5.7 kB/s)
2022.12.20 22:28:52 INFO  Downloading from central: https://repo.maven.apache.org/maven2/net/java/dev/jna/jna-platform/5.5.0/jna-platform-5.5.0.pom
2022.12.20 22:28:52 INFO  Progress (1): 1.8 kB
2022.12.20 22:28:53 INFO                      
2022.12.20 22:28:53 INFO  Downloaded from central: https://repo.maven.apache.org/maven2/net/java/dev/jna/jna-platform/5.5.0/jna-platform-5.5.0.pom (1.8 kB at 6.4 kB/s)
2022.12.20 22:28:53 INFO  Downloading from central: https://repo.maven.apache.org/maven2/org/scala-sbt/zinc-apiinfo_2.13/1.5.5/zinc-apiinfo_2.13-1.5.5.pom
2022.12.20 22:28:53 INFO  Progress (1): 3.9 kB
2022.12.20 22:28:53 INFO                      
2022.12.20 22:28:53 INFO  Downloaded from central: https://repo.maven.apache.org/maven2/org/scala-sbt/zinc-apiinfo_2.13/1.5.5/zinc-apiinfo_2.13-1.5.5.pom (3.9 kB at 14 kB/s)
2022.12.20 22:28:53 INFO  Downloading from central: https://repo.maven.apache.org/maven2/org/scala-sbt/compiler-bridge_2.13/1.5.5/compiler-bridge_2.13-1.5.5.pom
2022.12.20 22:28:53 INFO  Progress (1): 2.8 kB
2022.12.20 22:28:53 INFO                      
2022.12.20 22:28:53 INFO  Downloaded from central: https://repo.maven.apache.org/maven2/org/scala-sbt/compiler-bridge_2.13/1.5.5/compiler-bridge_2.13-1.5.5.pom (2.8 kB at 9.3 kB/s)
2022.12.20 22:28:53 INFO  Downloading from central: https://repo.maven.apache.org/maven2/org/scala-sbt/zinc-classfile_2.13/1.5.5/zinc-classfile_2.13-1.5.5.pom
2022.12.20 22:28:53 INFO  Progress (1): 4.1/4.1 kB
2022.12.20 22:28:53 INFO  Progress (1): 4.1 kB    
2022.12.20 22:28:53 INFO                      
2022.12.20 22:28:53 INFO  Downloaded from central: https://repo.maven.apache.org/maven2/org/scala-sbt/zinc-classfile_2.13/1.5.5/zinc-classfile_2.13-1.5.5.pom (4.1 kB at 15 kB/s)
2022.12.20 22:28:53 INFO  Downloading from central: https://repo.maven.apache.org/maven2/org/scala-sbt/util-logging_2.13/1.5.0/util-logging_2.13-1.5.0.pom
2022.12.20 22:28:54 INFO  Progress (1): 4.1/5.7 kB
2022.12.20 22:28:54 INFO  Progress (1): 5.7 kB    
2022.12.20 22:28:54 INFO                      
2022.12.20 22:28:54 INFO  Downloaded from central: https://repo.maven.apache.org/maven2/org/scala-sbt/util-logging_2.13/1.5.0/util-logging_2.13-1.5.0.pom (5.7 kB at 20 kB/s)
2022.12.20 22:28:54 INFO  Downloading from central: https://repo.maven.apache.org/maven2/org/scala-sbt/collections_2.13/1.5.0/collections_2.13-1.5.0.pom
2022.12.20 22:28:54 INFO  Progress (1): 4.1/4.4 kB
2022.12.20 22:28:54 INFO  Progress (1): 4.4 kB    
2022.12.20 22:28:54 INFO                      
2022.12.20 22:28:54 INFO  Downloaded from central: https://repo.maven.apache.org/maven2/org/scala-sbt/collections_2.13/1.5.0/collections_2.13-1.5.0.pom (4.4 kB at 16 kB/s)
2022.12.20 22:28:54 INFO  Downloading from central: https://repo.maven.apache.org/maven2/org/scala-sbt/util-position_2.13/1.5.0/util-position_2.13-1.5.0.pom
2022.12.20 22:28:54 INFO  Progress (1): 3.2 kB
2022.12.20 22:28:54 INFO                      
2022.12.20 22:28:54 INFO  Downloaded from central: https://repo.maven.apache.org/maven2/org/scala-sbt/util-position_2.13/1.5.0/util-position_2.13-1.5.0.pom (3.2 kB at 11 kB/s)
2022.12.20 22:28:54 INFO  Downloading from central: https://repo.maven.apache.org/maven2/org/scala-lang/scala-reflect/2.13.5/scala-reflect-2.13.5.pom
2022.12.20 22:28:54 INFO  Progress (1): 1.8 kB
2022.12.20 22:28:55 INFO                      
2022.12.20 22:28:55 INFO  Downloaded from central: https://repo.maven.apache.org/maven2/org/scala-lang/scala-reflect/2.13.5/scala-reflect-2.13.5.pom (1.8 kB at 6.5 kB/s)
2022.12.20 22:28:55 INFO  Downloading from central: https://repo.maven.apache.org/maven2/com/eed3si9n/sjson-new-scalajson_2.13/0.9.1/sjson-new-scalajson_2.13-0.9.1.pom
2022.12.20 22:28:55 INFO  Progress (1): 2.9 kB
2022.12.20 22:28:55 INFO                      
2022.12.20 22:28:55 INFO  Downloaded from central: https://repo.maven.apache.org/maven2/com/eed3si9n/sjson-new-scalajson_2.13/0.9.1/sjson-new-scalajson_2.13-0.9.1.pom (2.9 kB at 9.5 kB/s)
2022.12.20 22:28:55 INFO  Downloading from central: https://repo.maven.apache.org/maven2/org/scala-lang/scala-library/2.13.3/scala-library-2.13.3.pom
2022.12.20 22:28:55 INFO  Progress (1): 1.6 kB
2022.12.20 22:28:55 INFO                      
2022.12.20 22:28:55 INFO  Downloaded from central: https://repo.maven.apache.org/maven2/org/scala-lang/scala-library/2.13.3/scala-library-2.13.3.pom (1.6 kB at 5.3 kB/s)
2022.12.20 22:28:55 INFO  Downloading from central: https://repo.maven.apache.org/maven2/com/eed3si9n/sjson-new-core_2.13/0.9.1/sjson-new-core_2.13-0.9.1.pom
2022.12.20 22:28:55 INFO  Progress (1): 2.4 kB
2022.12.20 22:28:55 INFO                      
2022.12.20 22:28:55 INFO  Downloaded from central: https://repo.maven.apache.org/maven2/com/eed3si9n/sjson-new-core_2.13/0.9.1/sjson-new-core_2.13-0.9.1.pom (2.4 kB at 8.2 kB/s)
2022.12.20 22:28:55 INFO  Downloading from central: https://repo.maven.apache.org/maven2/com/eed3si9n/shaded-jawn-parser_2.13/0.9.1/shaded-jawn-parser_2.13-0.9.1.pom
2022.12.20 22:28:56 INFO  Progress (1): 1.8 kB
2022.12.20 22:28:56 INFO                      
2022.12.20 22:28:56 INFO  Downloaded from central: https://repo.maven.apache.org/maven2/com/eed3si9n/shaded-jawn-parser_2.13/0.9.1/shaded-jawn-parser_2.13-0.9.1.pom (1.8 kB at 6.1 kB/s)
2022.12.20 22:28:56 INFO  Downloading from central: https://repo.maven.apache.org/maven2/com/eed3si9n/shaded-scalajson_2.13/1.0.0-M4/shaded-scalajson_2.13-1.0.0-M4.pom
2022.12.20 22:28:56 INFO  Progress (1): 2.2 kB
2022.12.20 22:28:56 INFO                      
2022.12.20 22:28:56 INFO  Downloaded from central: https://repo.maven.apache.org/maven2/com/eed3si9n/shaded-scalajson_2.13/1.0.0-M4/shaded-scalajson_2.13-1.0.0-M4.pom (2.2 kB at 7.3 kB/s)
2022.12.20 22:28:56 INFO  Downloading from central: https://repo.maven.apache.org/maven2/org/scala-lang/scala-library/2.13.0/scala-library-2.13.0.pom
2022.12.20 22:28:56 INFO  Progress (1): 1.6 kB
2022.12.20 22:28:56 INFO                      
2022.12.20 22:28:56 INFO  Downloaded from central: https://repo.maven.apache.org/maven2/org/scala-lang/scala-library/2.13.0/scala-library-2.13.0.pom (1.6 kB at 5.6 kB/s)
2022.12.20 22:28:56 INFO  Downloading from central: https://repo.maven.apache.org/maven2/org/scala-lang/modules/scala-parallel-collections_2.13/0.2.0/scala-parallel-collections_2.13-0.2.0.pom
2022.12.20 22:28:56 INFO  Progress (1): 1.8 kB
2022.12.20 22:28:57 INFO                      
2022.12.20 22:28:57 INFO  Downloaded from central: https://repo.maven.apache.org/maven2/org/scala-lang/modules/scala-parallel-collections_2.13/0.2.0/scala-parallel-collections_2.13-0.2.0.pom (1.8 kB at 6.0 kB/s)
2022.12.20 22:28:57 INFO  Downloading from central: https://repo.maven.apache.org/maven2/org/scala-sbt/core-macros_2.13/1.5.0/core-macros_2.13-1.5.0.pom
2022.12.20 22:28:57 INFO  Progress (1): 3.1 kB
2022.12.20 22:28:57 INFO                      
2022.12.20 22:28:57 INFO  Downloaded from central: https://repo.maven.apache.org/maven2/org/scala-sbt/core-macros_2.13/1.5.0/core-macros_2.13-1.5.0.pom (3.1 kB at 11 kB/s)
2022.12.20 22:28:57 INFO  Downloading from central: https://repo.maven.apache.org/maven2/org/scala-lang/scala-compiler/2.13.5/scala-compiler-2.13.5.pom
2022.12.20 22:28:57 INFO  Progress (1): 2.3 kB
2022.12.20 22:28:57 INFO                      
2022.12.20 22:28:57 INFO  Downloaded from central: https://repo.maven.apache.org/maven2/org/scala-lang/scala-compiler/2.13.5/scala-compiler-2.13.5.pom (2.3 kB at 8.0 kB/s)
2022.12.20 22:28:57 INFO  Downloading from central: https://repo.maven.apache.org/maven2/com/eed3si9n/sjson-new-core_2.13/0.9.0/sjson-new-core_2.13-0.9.0.pom
2022.12.20 22:28:57 INFO  Progress (1): 2.4 kB
2022.12.20 22:28:57 INFO                      
2022.12.20 22:28:57 INFO  Downloaded from central: https://repo.maven.apache.org/maven2/com/eed3si9n/sjson-new-core_2.13/0.9.0/sjson-new-core_2.13-0.9.0.pom (2.4 kB at 7.8 kB/s)
2022.12.20 22:28:57 INFO  Downloading from central: https://repo.maven.apache.org/maven2/org/scala-lang/scala-library/2.13.1/scala-library-2.13.1.pom
2022.12.20 22:28:58 INFO  Progress (1): 1.6 kB
2022.12.20 22:28:58 INFO                      
2022.12.20 22:28:58 INFO  Downloaded from central: https://repo.maven.apache.org/maven2/org/scala-lang/scala-library/2.13.1/scala-library-2.13.1.pom (1.6 kB at 5.1 kB/s)
2022.12.20 22:28:58 INFO  Downloading from central: https://repo.maven.apache.org/maven2/org/scala-sbt/jline/jline/2.14.7-sbt-a1b0ffbb8f64bb820f4f84a0c07a0c0964507493/jline-2.14.7-sbt-a1b0ffbb8f64bb820f4f84a0c07a0c0964507493.pom
2022.12.20 22:28:58 INFO  Progress (1): 2.6 kB
2022.12.20 22:28:58 INFO                      
2022.12.20 22:28:58 INFO  Downloaded from central: https://repo.maven.apache.org/maven2/org/scala-sbt/jline/jline/2.14.7-sbt-a1b0ffbb8f64bb820f4f84a0c07a0c0964507493/jline-2.14.7-sbt-a1b0ffbb8f64bb820f4f84a0c07a0c0964507493.pom (2.6 kB at 7.6 kB/s)
2022.12.20 22:28:58 INFO  Downloading from central: https://repo.maven.apache.org/maven2/org/fusesource/jansi/jansi/2.1.0/jansi-2.1.0.pom
2022.12.20 22:28:58 INFO  Progress (1): 4.1/13 kB
2022.12.20 22:28:58 INFO  Progress (1): 8.2/13 kB
2022.12.20 22:28:58 INFO  Progress (1): 12/13 kB 
2022.12.20 22:28:58 INFO  Progress (1): 13 kB   
2022.12.20 22:28:58 INFO                     
2022.12.20 22:28:58 INFO  Downloaded from central: https://repo.maven.apache.org/maven2/org/fusesource/jansi/jansi/2.1.0/jansi-2.1.0.pom (13 kB at 45 kB/s)
2022.12.20 22:28:58 INFO  Downloading from central: https://repo.maven.apache.org/maven2/org/fusesource/fusesource-pom/1.12/fusesource-pom-1.12.pom
2022.12.20 22:28:58 INFO  Progress (1): 4.1/15 kB
2022.12.20 22:28:58 INFO  Progress (1): 8.2/15 kB
2022.12.20 22:28:58 INFO  Progress (1): 12/15 kB 
2022.12.20 22:28:58 INFO  Progress (1): 15 kB   
2022.12.20 22:28:59 INFO                     
2022.12.20 22:28:59 INFO  Downloaded from central: https://repo.maven.apache.org/maven2/org/fusesource/fusesource-pom/1.12/fusesource-pom-1.12.pom (15 kB at 51 kB/s)
2022.12.20 22:28:59 INFO  Downloading from central: https://repo.maven.apache.org/maven2/org/jline/jline-terminal/3.19.0/jline-terminal-3.19.0.pom
2022.12.20 22:28:59 INFO  Progress (1): 1.3 kB
2022.12.20 22:28:59 INFO                      
2022.12.20 22:28:59 INFO  Downloaded from central: https://repo.maven.apache.org/maven2/org/jline/jline-terminal/3.19.0/jline-terminal-3.19.0.pom (1.3 kB at 4.2 kB/s)
2022.12.20 22:28:59 INFO  Downloading from central: https://repo.maven.apache.org/maven2/org/jline/jline-terminal-jna/3.19.0/jline-terminal-jna-3.19.0.pom
2022.12.20 22:28:59 INFO  Progress (1): 1.9 kB
2022.12.20 22:28:59 INFO                      
2022.12.20 22:28:59 INFO  Downloaded from central: https://repo.maven.apache.org/maven2/org/jline/jline-terminal-jna/3.19.0/jline-terminal-jna-3.19.0.pom (1.9 kB at 6.5 kB/s)
2022.12.20 22:28:59 INFO  Downloading from central: https://repo.maven.apache.org/maven2/org/jline/jline-terminal-jansi/3.19.0/jline-terminal-jansi-3.19.0.pom
2022.12.20 22:28:59 INFO  Progress (1): 2.1 kB
2022.12.20 22:28:59 INFO                      
2022.12.20 22:28:59 INFO  Downloaded from central: https://repo.maven.apache.org/maven2/org/jline/jline-terminal-jansi/3.19.0/jline-terminal-jansi-3.19.0.pom (2.1 kB at 7.4 kB/s)
2022.12.20 22:28:59 INFO  Downloading from central: https://repo.maven.apache.org/maven2/org/apache/logging/log4j/log4j-api/2.11.2/log4j-api-2.11.2.pom
2022.12.20 22:29:00 INFO  Progress (1): 4.1/13 kB
2022.12.20 22:29:00 INFO  Progress (1): 8.2/13 kB
2022.12.20 22:29:00 INFO  Progress (1): 12/13 kB 
2022.12.20 22:29:00 INFO  Progress (1): 13 kB   
2022.12.20 22:29:00 INFO                     
2022.12.20 22:29:00 INFO  Downloaded from central: https://repo.maven.apache.org/maven2/org/apache/logging/log4j/log4j-api/2.11.2/log4j-api-2.11.2.pom (13 kB at 42 kB/s)
2022.12.20 22:29:00 INFO  Downloading from central: https://repo.maven.apache.org/maven2/org/apache/logging/log4j/log4j/2.11.2/log4j-2.11.2.pom
2022.12.20 22:29:00 INFO  Progress (1): 4.1/62 kB
2022.12.20 22:29:00 INFO  Progress (1): 8.2/62 kB
2022.12.20 22:29:00 INFO  Progress (1): 12/62 kB 
2022.12.20 22:29:00 INFO  Progress (1): 16/62 kB
2022.12.20 22:29:00 INFO  Progress (1): 20/62 kB
2022.12.20 22:29:00 INFO  Progress (1): 24/62 kB
2022.12.20 22:29:00 INFO  Progress (1): 28/62 kB
2022.12.20 22:29:00 INFO  Progress (1): 32/62 kB
2022.12.20 22:29:00 INFO  Progress (1): 36/62 kB
2022.12.20 22:29:00 INFO  Progress (1): 40/62 kB
2022.12.20 22:29:00 INFO  Progress (1): 45/62 kB
2022.12.20 22:29:00 INFO  Progress (1): 49/62 kB
2022.12.20 22:29:00 INFO  Progress (1): 53/62 kB
2022.12.20 22:29:00 INFO  Progress (1): 57/62 kB
2022.12.20 22:29:00 INFO  Progress (1): 61/62 kB
2022.12.20 22:29:00 INFO  Progress (1): 62 kB   
2022.12.20 22:29:00 INFO                     
2022.12.20 22:29:00 INFO  Downloaded from central: https://repo.maven.apache.org/maven2/org/apache/logging/log4j/log4j/2.11.2/log4j-2.11.2.pom (62 kB at 189 kB/s)
2022.12.20 22:29:00 INFO  Downloading from central: https://repo.maven.apache.org/maven2/org/apache/logging/log4j/log4j-core/2.11.2/log4j-core-2.11.2.pom
2022.12.20 22:29:00 INFO  Progress (1): 4.1/23 kB
2022.12.20 22:29:00 INFO  Progress (1): 8.2/23 kB
2022.12.20 22:29:00 INFO  Progress (1): 12/23 kB 
2022.12.20 22:29:00 INFO  Progress (1): 16/23 kB
2022.12.20 22:29:00 INFO  Progress (1): 20/23 kB
2022.12.20 22:29:00 INFO  Progress (1): 23 kB   
2022.12.20 22:29:00 INFO                     
2022.12.20 22:29:00 INFO  Downloaded from central: https://repo.maven.apache.org/maven2/org/apache/logging/log4j/log4j-core/2.11.2/log4j-core-2.11.2.pom (23 kB at 72 kB/s)
2022.12.20 22:29:00 INFO  Downloading from central: https://repo.maven.apache.org/maven2/com/lmax/disruptor/3.4.2/disruptor-3.4.2.pom
2022.12.20 22:29:00 INFO  Progress (1): 1.3 kB
2022.12.20 22:29:01 INFO                      
2022.12.20 22:29:01 INFO  Downloaded from central: https://repo.maven.apache.org/maven2/com/lmax/disruptor/3.4.2/disruptor-3.4.2.pom (1.3 kB at 4.4 kB/s)
2022.12.20 22:29:01 INFO  Downloading from central: https://repo.maven.apache.org/maven2/org/scala-lang/modules/scala-parser-combinators_2.13/1.1.2/scala-parser-combinators_2.13-1.1.2.pom
2022.12.20 22:29:01 INFO  Progress (1): 2.2 kB
2022.12.20 22:29:01 INFO                      
2022.12.20 22:29:01 INFO  Downloaded from central: https://repo.maven.apache.org/maven2/org/scala-lang/modules/scala-parser-combinators_2.13/1.1.2/scala-parser-combinators_2.13-1.1.2.pom (2.2 kB at 7.4 kB/s)
2022.12.20 22:29:01 INFO  Downloading from central: https://repo.maven.apache.org/maven2/net/openhft/zero-allocation-hashing/0.10.1/zero-allocation-hashing-0.10.1.pom
2022.12.20 22:29:01 INFO  Progress (1): 4.1/8.1 kB
2022.12.20 22:29:01 INFO  Progress (1): 8.1 kB    
2022.12.20 22:29:01 INFO                      
2022.12.20 22:29:01 INFO  Downloaded from central: https://repo.maven.apache.org/maven2/net/openhft/zero-allocation-hashing/0.10.1/zero-allocation-hashing-0.10.1.pom (8.1 kB at 29 kB/s)
2022.12.20 22:29:01 INFO  Downloading from central: https://repo.maven.apache.org/maven2/net/openhft/root-parent-pom/1.1.13/root-parent-pom-1.1.13.pom
2022.12.20 22:29:01 INFO  Progress (1): 4.1/9.8 kB
2022.12.20 22:29:01 INFO  Progress (1): 8.2/9.8 kB
2022.12.20 22:29:01 INFO  Progress (1): 9.8 kB    
2022.12.20 22:29:01 INFO                      
2022.12.20 22:29:01 INFO  Downloaded from central: https://repo.maven.apache.org/maven2/net/openhft/root-parent-pom/1.1.13/root-parent-pom-1.1.13.pom (9.8 kB at 33 kB/s)
2022.12.20 22:29:01 INFO  Downloading from central: https://repo.maven.apache.org/maven2/org/scala-sbt/util-control_2.13/1.5.0/util-control_2.13-1.5.0.pom
2022.12.20 22:29:02 INFO  Progress (1): 2.8 kB
2022.12.20 22:29:02 INFO                      
2022.12.20 22:29:02 INFO  Downloaded from central: https://repo.maven.apache.org/maven2/org/scala-sbt/util-control_2.13/1.5.0/util-control_2.13-1.5.0.pom (2.8 kB at 9.9 kB/s)
2022.12.20 22:29:02 INFO  Downloading from central: https://repo.maven.apache.org/maven2/org/scala-sbt/zinc-persist-core-assembly/1.5.5/zinc-persist-core-assembly-1.5.5.pom
2022.12.20 22:29:02 INFO  Progress (1): 2.4 kB
2022.12.20 22:29:02 INFO                      
2022.12.20 22:29:02 INFO  Downloaded from central: https://repo.maven.apache.org/maven2/org/scala-sbt/zinc-persist-core-assembly/1.5.5/zinc-persist-core-assembly-1.5.5.pom (2.4 kB at 8.5 kB/s)
2022.12.20 22:29:02 INFO  Downloading from central: https://repo.maven.apache.org/maven2/org/scala-sbt/util-relation_2.13/1.5.0/util-relation_2.13-1.5.0.pom
2022.12.20 22:29:02 INFO  Progress (1): 3.0 kB
2022.12.20 22:29:02 INFO                      
2022.12.20 22:29:02 INFO  Downloaded from central: https://repo.maven.apache.org/maven2/org/scala-sbt/util-relation_2.13/1.5.0/util-relation_2.13-1.5.0.pom (3.0 kB at 10 kB/s)
2022.12.20 22:29:02 INFO  Downloading from central: https://repo.maven.apache.org/maven2/org/scala-sbt/zinc-persist_2.13/1.5.5/zinc-persist_2.13-1.5.5.pom
2022.12.20 22:29:02 INFO  Progress (1): 4.1/4.3 kB
2022.12.20 22:29:02 INFO  Progress (1): 4.3 kB    
2022.12.20 22:29:03 INFO                      
2022.12.20 22:29:03 INFO  Downloaded from central: https://repo.maven.apache.org/maven2/org/scala-sbt/zinc-persist_2.13/1.5.5/zinc-persist_2.13-1.5.5.pom (4.3 kB at 15 kB/s)
2022.12.20 22:29:03 INFO  Downloading from central: https://repo.maven.apache.org/maven2/org/scala-sbt/sbinary_2.13/0.5.1/sbinary_2.13-0.5.1.pom
2022.12.20 22:29:03 INFO  Progress (1): 2.6 kB
2022.12.20 22:29:03 INFO                      
2022.12.20 22:29:03 INFO  Downloaded from central: https://repo.maven.apache.org/maven2/org/scala-sbt/sbinary_2.13/0.5.1/sbinary_2.13-0.5.1.pom (2.6 kB at 9.2 kB/s)
2022.12.20 22:29:03 INFO  Downloading from central: https://repo.maven.apache.org/maven2/org/scala-lang/modules/scala-xml_2.13/1.2.0/scala-xml_2.13-1.2.0.pom
2022.12.20 22:29:03 INFO  Progress (1): 2.8 kB
2022.12.20 22:29:03 INFO                      
2022.12.20 22:29:03 INFO  Downloaded from central: https://repo.maven.apache.org/maven2/org/scala-lang/modules/scala-xml_2.13/1.2.0/scala-xml_2.13-1.2.0.pom (2.8 kB at 9.9 kB/s)
2022.12.20 22:29:03 INFO  Downloading from central: https://repo.maven.apache.org/maven2/org/scala-lang/scala-library/2.13.8/scala-library-2.13.8.jar
2022.12.20 22:29:03 INFO  Downloading from central: https://repo.maven.apache.org/maven2/ch/epfl/scala/bloop-config_2.13/1.5.4/bloop-config_2.13-1.5.4.jar
2022.12.20 22:29:03 INFO  Downloading from central: https://repo.maven.apache.org/maven2/com/github/plokhotnyuk/jsoniter-scala/jsoniter-scala-core_2.13/2.4.0/jsoniter-scala-core_2.13-2.4.0.jar
2022.12.20 22:29:03 INFO  Downloading from central: https://repo.maven.apache.org/maven2/org/apache/maven/maven-model/3.6.1/maven-model-3.6.1.jar
2022.12.20 22:29:03 INFO  Downloading from central: https://repo.maven.apache.org/maven2/org/apache/maven/maven-plugin-api/3.6.1/maven-plugin-api-3.6.1.jar
2022.12.20 22:29:03 INFO  Progress (1): 0/6.0 MB
2022.12.20 22:29:03 INFO  Progress (1): 0.1/6.0 MB
2022.12.20 22:29:03 INFO  Progress (1): 0.1/6.0 MB
2022.12.20 22:29:03 INFO  Progress (1): 0.1/6.0 MB
2022.12.20 22:29:03 INFO  Progress (1): 0.2/6.0 MB
2022.12.20 22:29:03 INFO  Progress (1): 0.2/6.0 MB
2022.12.20 22:29:03 INFO  Progress (1): 0.2/6.0 MB
2022.12.20 22:29:03 INFO  Progress (1): 0.3/6.0 MB
2022.12.20 22:29:03 INFO  Progress (1): 0.3/6.0 MB
2022.12.20 22:29:03 INFO  Progress (1): 0.3/6.0 MB
2022.12.20 22:29:03 INFO  Progress (1): 0.4/6.0 MB
2022.12.20 22:29:03 INFO  Progress (1): 0.4/6.0 MB
2022.12.20 22:29:04 INFO  Progress (1): 0.4/6.0 MB
2022.12.20 22:29:04 INFO  Progress (2): 0.4/6.0 MB | 2.7/48 kB
2022.12.20 22:29:04 INFO  Progress (3): 0.4/6.0 MB | 2.7/48 kB | 2.7/204 kB
2022.12.20 22:29:04 INFO  Progress (3): 0.4/6.0 MB | 5.5/48 kB | 2.7/204 kB
2022.12.20 22:29:04 INFO  Progress (3): 0.4/6.0 MB | 5.5/48 kB | 5.5/204 kB
2022.12.20 22:29:04 INFO  Progress (3): 0.4/6.0 MB | 8.2/48 kB | 5.5/204 kB
2022.12.20 22:29:04 INFO  Progress (3): 0.4/6.0 MB | 8.2/48 kB | 8.2/204 kB
2022.12.20 22:29:04 INFO  Progress (3): 0.4/6.0 MB | 8.2/48 kB | 11/204 kB 
2022.12.20 22:29:04 INFO  Progress (3): 0.5/6.0 MB | 8.2/48 kB | 11/204 kB
2022.12.20 22:29:04 INFO  Progress (3): 0.5/6.0 MB | 11/48 kB | 11/204 kB 
2022.12.20 22:29:04 INFO  Progress (3): 0.5/6.0 MB | 11/48 kB | 14/204 kB
2022.12.20 22:29:04 INFO  Progress (4): 0.5/6.0 MB | 11/48 kB | 14/204 kB | 4.1/186 kB
2022.12.20 22:29:04 INFO  Progress (4): 0.5/6.0 MB | 11/48 kB | 14/204 kB | 8.2/186 kB
2022.12.20 22:29:04 INFO  Progress (4): 0.5/6.0 MB | 11/48 kB | 14/204 kB | 12/186 kB 
2022.12.20 22:29:04 INFO  Progress (4): 0.5/6.0 MB | 11/48 kB | 14/204 kB | 16/186 kB
2022.12.20 22:29:04 INFO  Progress (4): 0.5/6.0 MB | 14/48 kB | 14/204 kB | 16/186 kB
2022.12.20 22:29:04 INFO  Progress (5): 0.5/6.0 MB | 14/48 kB | 14/204 kB | 16/186 kB | 4.1/168 kB
2022.12.20 22:29:04 INFO  Progress (5): 0.5/6.0 MB | 14/48 kB | 16/204 kB | 16/186 kB | 4.1/168 kB
2022.12.20 22:29:04 INFO  Progress (5): 0.5/6.0 MB | 14/48 kB | 16/204 kB | 16/186 kB | 8.2/168 kB
2022.12.20 22:29:04 INFO  Progress (5): 0.5/6.0 MB | 14/48 kB | 16/204 kB | 16/186 kB | 12/168 kB 
2022.12.20 22:29:04 INFO  Progress (5): 0.5/6.0 MB | 14/48 kB | 16/204 kB | 16/186 kB | 16/168 kB
2022.12.20 22:29:04 INFO  Progress (5): 0.5/6.0 MB | 14/48 kB | 16/204 kB | 16/186 kB | 16/168 kB
2022.12.20 22:29:04 INFO  Progress (5): 0.5/6.0 MB | 16/48 kB | 16/204 kB | 16/186 kB | 16/168 kB
2022.12.20 22:29:04 INFO  Progress (5): 0.5/6.0 MB | 19/48 kB | 16/204 kB | 16/186 kB | 16/168 kB
2022.12.20 22:29:04 INFO  Progress (5): 0.5/6.0 MB | 19/48 kB | 16/204 kB | 16/186 kB | 16/168 kB
2022.12.20 22:29:04 INFO  Progress (5): 0.5/6.0 MB | 22/48 kB | 16/204 kB | 16/186 kB | 16/168 kB
2022.12.20 22:29:04 INFO  Progress (5): 0.5/6.0 MB | 25/48 kB | 16/204 kB | 16/186 kB | 16/168 kB
2022.12.20 22:29:04 INFO  Progress (5): 0.5/6.0 MB | 27/48 kB | 16/204 kB | 16/186 kB | 16/168 kB
2022.12.20 22:29:04 INFO  Progress (5): 0.6/6.0 MB | 27/48 kB | 16/204 kB | 16/186 kB | 16/168 kB
2022.12.20 22:29:04 INFO  Progress (5): 0.6/6.0 MB | 27/48 kB | 20/204 kB | 16/186 kB | 16/168 kB
2022.12.20 22:29:04 INFO  Progress (5): 0.6/6.0 MB | 27/48 kB | 20/204 kB | 20/186 kB | 16/168 kB
2022.12.20 22:29:04 INFO  Progress (5): 0.6/6.0 MB | 27/48 kB | 24/204 kB | 20/186 kB | 16/168 kB
2022.12.20 22:29:04 INFO  Progress (5): 0.6/6.0 MB | 27/48 kB | 24/204 kB | 25/186 kB | 16/168 kB
2022.12.20 22:29:04 INFO  Progress (5): 0.6/6.0 MB | 27/48 kB | 28/204 kB | 25/186 kB | 16/168 kB
2022.12.20 22:29:04 INFO  Progress (5): 0.6/6.0 MB | 27/48 kB | 28/204 kB | 29/186 kB | 16/168 kB
2022.12.20 22:29:04 INFO  Progress (5): 0.6/6.0 MB | 27/48 kB | 32/204 kB | 29/186 kB | 16/168 kB
2022.12.20 22:29:04 INFO  Progress (5): 0.6/6.0 MB | 27/48 kB | 32/204 kB | 33/186 kB | 16/168 kB
2022.12.20 22:29:04 INFO  Progress (5): 0.6/6.0 MB | 27/48 kB | 32/204 kB | 33/186 kB | 20/168 kB
2022.12.20 22:29:04 INFO  Progress (5): 0.6/6.0 MB | 30/48 kB | 32/204 kB | 33/186 kB | 20/168 kB
2022.12.20 22:29:04 INFO  Progress (5): 0.6/6.0 MB | 30/48 kB | 32/204 kB | 33/186 kB | 25/168 kB
2022.12.20 22:29:04 INFO  Progress (5): 0.6/6.0 MB | 30/48 kB | 32/204 kB | 33/186 kB | 29/168 kB
2022.12.20 22:29:04 INFO  Progress (5): 0.6/6.0 MB | 30/48 kB | 32/204 kB | 33/186 kB | 33/168 kB
2022.12.20 22:29:04 INFO  Progress (5): 0.6/6.0 MB | 33/48 kB | 32/204 kB | 33/186 kB | 33/168 kB
2022.12.20 22:29:04 INFO  Progress (5): 0.6/6.0 MB | 33/48 kB | 32/204 kB | 33/186 kB | 33/168 kB
2022.12.20 22:29:04 INFO  Progress (5): 0.6/6.0 MB | 36/48 kB | 32/204 kB | 33/186 kB | 33/168 kB
2022.12.20 22:29:04 INFO  Progress (5): 0.6/6.0 MB | 36/48 kB | 32/204 kB | 33/186 kB | 33/168 kB
2022.12.20 22:29:04 INFO  Progress (5): 0.7/6.0 MB | 36/48 kB | 32/204 kB | 33/186 kB | 33/168 kB
2022.12.20 22:29:04 INFO  Progress (5): 0.7/6.0 MB | 38/48 kB | 32/204 kB | 33/186 kB | 33/168 kB
2022.12.20 22:29:04 INFO  Progress (5): 0.7/6.0 MB | 38/48 kB | 32/204 kB | 33/186 kB | 33/168 kB
2022.12.20 22:29:04 INFO  Progress (5): 0.7/6.0 MB | 38/48 kB | 32/204 kB | 33/186 kB | 33/168 kB
2022.12.20 22:29:04 INFO  Progress (5): 0.8/6.0 MB | 38/48 kB | 32/204 kB | 33/186 kB | 33/168 kB
2022.12.20 22:29:04 INFO  Progress (5): 0.8/6.0 MB | 38/48 kB | 32/204 kB | 33/186 kB | 33/168 kB
2022.12.20 22:29:04 INFO  Progress (5): 0.8/6.0 MB | 38/48 kB | 32/204 kB | 33/186 kB | 33/168 kB
2022.12.20 22:29:04 INFO  Progress (5): 0.9/6.0 MB | 38/48 kB | 32/204 kB | 33/186 kB | 33/168 kB
2022.12.20 22:29:04 INFO  Progress (5): 0.9/6.0 MB | 38/48 kB | 32/204 kB | 33/186 kB | 33/168 kB
2022.12.20 22:29:04 INFO  Progress (5): 0.9/6.0 MB | 38/48 kB | 32/204 kB | 33/186 kB | 33/168 kB
2022.12.20 22:29:04 INFO  Progress (5): 1.0/6.0 MB | 38/48 kB | 32/204 kB | 33/186 kB | 33/168 kB
2022.12.20 22:29:04 INFO  Progress (5): 1.0/6.0 MB | 41/48 kB | 32/204 kB | 33/186 kB | 33/168 kB
2022.12.20 22:29:04 INFO  Progress (5): 1.0/6.0 MB | 44/48 kB | 32/204 kB | 33/186 kB | 33/168 kB
2022.12.20 22:29:04 INFO  Progress (5): 1.0/6.0 MB | 44/48 kB | 32/204 kB | 33/186 kB | 33/168 kB
2022.12.20 22:29:04 INFO  Progress (5): 1.0/6.0 MB | 47/48 kB | 32/204 kB | 33/186 kB | 33/168 kB
2022.12.20 22:29:04 INFO  Progress (5): 1.0/6.0 MB | 47/48 kB | 36/204 kB | 33/186 kB | 33/168 kB
2022.12.20 22:29:04 INFO  Progress (5): 1.0/6.0 MB | 48 kB | 36/204 kB | 33/186 kB | 33/168 kB   
2022.12.20 22:29:04 INFO  Progress (5): 1.0/6.0 MB | 48 kB | 40/204 kB | 33/186 kB | 33/168 kB
2022.12.20 22:29:04 INFO  Progress (5): 1.0/6.0 MB | 48 kB | 45/204 kB | 33/186 kB | 33/168 kB
2022.12.20 22:29:04 INFO  Progress (5): 1.0/6.0 MB | 48 kB | 49/204 kB | 33/186 kB | 33/168 kB
2022.12.20 22:29:04 INFO  Progress (5): 1.0/6.0 MB | 48 kB | 49/204 kB | 37/186 kB | 33/168 kB
2022.12.20 22:29:04 INFO  Progress (5): 1.0/6.0 MB | 48 kB | 49/204 kB | 41/186 kB | 33/168 kB
2022.12.20 22:29:04 INFO  Progress (5): 1.0/6.0 MB | 48 kB | 49/204 kB | 45/186 kB | 33/168 kB
2022.12.20 22:29:04 INFO  Progress (5): 1.0/6.0 MB | 48 kB | 49/204 kB | 49/186 kB | 33/168 kB
2022.12.20 22:29:04 INFO  Progress (5): 1.0/6.0 MB | 48 kB | 49/204 kB | 49/186 kB | 33/168 kB
2022.12.20 22:29:04 INFO  Progress (5): 1.0/6.0 MB | 48 kB | 49/204 kB | 49/186 kB | 37/168 kB
2022.12.20 22:29:04 INFO  Progress (5): 1.0/6.0 MB | 48 kB | 49/204 kB | 49/186 kB | 41/168 kB
2022.12.20 22:29:04 INFO  Progress (5): 1.0/6.0 MB | 48 kB | 49/204 kB | 49/186 kB | 45/168 kB
2022.12.20 22:29:04 INFO  Progress (5): 1.0/6.0 MB | 48 kB | 49/204 kB | 49/186 kB | 49/168 kB
2022.12.20 22:29:04 INFO  Progress (5): 1.0/6.0 MB | 48 kB | 53/204 kB | 49/186 kB | 49/168 kB
2022.12.20 22:29:04 INFO  Progress (5): 1.0/6.0 MB | 48 kB | 57/204 kB | 49/186 kB | 49/168 kB
2022.12.20 22:29:04 INFO  Progress (5): 1.0/6.0 MB | 48 kB | 61/204 kB | 49/186 kB | 49/168 kB
2022.12.20 22:29:04 INFO  Progress (5): 1.0/6.0 MB | 48 kB | 65/204 kB | 49/186 kB | 49/168 kB
2022.12.20 22:29:04 INFO  Progress (5): 1.0/6.0 MB | 48 kB | 65/204 kB | 53/186 kB | 49/168 kB
2022.12.20 22:29:04 INFO  Progress (5): 1.0/6.0 MB | 48 kB | 65/204 kB | 57/186 kB | 49/168 kB
2022.12.20 22:29:04 INFO  Progress (5): 1.0/6.0 MB | 48 kB | 65/204 kB | 61/186 kB | 49/168 kB
2022.12.20 22:29:04 INFO  Progress (5): 1.0/6.0 MB | 48 kB | 65/204 kB | 66/186 kB | 49/168 kB
2022.12.20 22:29:04 INFO  Progress (5): 1.0/6.0 MB | 48 kB | 65/204 kB | 66/186 kB | 49/168 kB
2022.12.20 22:29:04 INFO  Progress (5): 1.0/6.0 MB | 48 kB | 65/204 kB | 66/186 kB | 53/168 kB
2022.12.20 22:29:04 INFO  Progress (5): 1.0/6.0 MB | 48 kB | 65/204 kB | 66/186 kB | 57/168 kB
2022.12.20 22:29:04 INFO  Progress (5): 1.0/6.0 MB | 48 kB | 65/204 kB | 66/186 kB | 61/168 kB
2022.12.20 22:29:04 INFO  Progress (5): 1.0/6.0 MB | 48 kB | 65/204 kB | 66/186 kB | 66/168 kB
2022.12.20 22:29:04 INFO  Progress (5): 1.1/6.0 MB | 48 kB | 65/204 kB | 66/186 kB | 66/168 kB
2022.12.20 22:29:04 INFO  Progress (5): 1.1/6.0 MB | 48 kB | 65/204 kB | 66/186 kB | 66/168 kB
2022.12.20 22:29:04 INFO  Progress (5): 1.1/6.0 MB | 48 kB | 65/204 kB | 70/186 kB | 66/168 kB
2022.12.20 22:29:04 INFO  Progress (5): 1.1/6.0 MB | 48 kB | 69/204 kB | 70/186 kB | 66/168 kB
2022.12.20 22:29:04 INFO  Progress (5): 1.1/6.0 MB | 48 kB | 69/204 kB | 74/186 kB | 66/168 kB
2022.12.20 22:29:04 INFO  Progress (5): 1.1/6.0 MB | 48 kB | 73/204 kB | 74/186 kB | 66/168 kB
2022.12.20 22:29:04 INFO  Progress (5): 1.1/6.0 MB | 48 kB | 73/204 kB | 78/186 kB | 66/168 kB
2022.12.20 22:29:04 INFO  Progress (5): 1.1/6.0 MB | 48 kB | 77/204 kB | 78/186 kB | 66/168 kB
2022.12.20 22:29:04 INFO  Progress (5): 1.1/6.0 MB | 48 kB | 77/204 kB | 82/186 kB | 66/168 kB
2022.12.20 22:29:04 INFO  Progress (5): 1.1/6.0 MB | 48 kB | 81/204 kB | 82/186 kB | 66/168 kB
2022.12.20 22:29:04 INFO  Progress (5): 1.1/6.0 MB | 48 kB | 81/204 kB | 82/186 kB | 70/168 kB
2022.12.20 22:29:04 INFO  Progress (5): 1.1/6.0 MB | 48 kB | 81/204 kB | 82/186 kB | 70/168 kB
2022.12.20 22:29:04 INFO  Progress (5): 1.1/6.0 MB | 48 kB | 81/204 kB | 82/186 kB | 74/168 kB
2022.12.20 22:29:04 INFO  Progress (5): 1.1/6.0 MB | 48 kB | 81/204 kB | 82/186 kB | 78/168 kB
2022.12.20 22:29:04 INFO  Progress (5): 1.1/6.0 MB | 48 kB | 81/204 kB | 82/186 kB | 82/168 kB
2022.12.20 22:29:04 INFO  Progress (5): 1.2/6.0 MB | 48 kB | 81/204 kB | 82/186 kB | 82/168 kB
2022.12.20 22:29:04 INFO  Progress (5): 1.2/6.0 MB | 48 kB | 81/204 kB | 82/186 kB | 82/168 kB
2022.12.20 22:29:04 INFO  Progress (5): 1.2/6.0 MB | 48 kB | 85/204 kB | 82/186 kB | 82/168 kB
2022.12.20 22:29:04 INFO  Progress (5): 1.2/6.0 MB | 48 kB | 90/204 kB | 82/186 kB | 82/168 kB
2022.12.20 22:29:04 INFO  Progress (5): 1.2/6.0 MB | 48 kB | 94/204 kB | 82/186 kB | 82/168 kB
2022.12.20 22:29:04 INFO  Progress (5): 1.2/6.0 MB | 48 kB | 94/204 kB | 86/186 kB | 82/168 kB
2022.12.20 22:29:04 INFO  Progress (5): 1.2/6.0 MB | 48 kB | 94/204 kB | 90/186 kB | 82/168 kB
2022.12.20 22:29:04 INFO  Progress (5): 1.2/6.0 MB | 48 kB | 94/204 kB | 94/186 kB | 82/168 kB
2022.12.20 22:29:04 INFO  Progress (5): 1.2/6.0 MB | 48 kB | 94/204 kB | 98/186 kB | 82/168 kB
2022.12.20 22:29:04 INFO  Progress (5): 1.2/6.0 MB | 48 kB | 98/204 kB | 98/186 kB | 82/168 kB
2022.12.20 22:29:04 INFO  Progress (5): 1.2/6.0 MB | 48 kB | 98/204 kB | 98/186 kB | 86/168 kB
2022.12.20 22:29:04 INFO  Progress (5): 1.2/6.0 MB | 48 kB | 98/204 kB | 98/186 kB | 90/168 kB
2022.12.20 22:29:04 INFO  Progress (5): 1.2/6.0 MB | 48 kB | 98/204 kB | 98/186 kB | 94/168 kB
2022.12.20 22:29:04 INFO  Progress (5): 1.2/6.0 MB | 48 kB | 98/204 kB | 98/186 kB | 98/168 kB
2022.12.20 22:29:04 INFO  Progress (5): 1.2/6.0 MB | 48 kB | 98/204 kB | 98/186 kB | 98/168 kB
2022.12.20 22:29:04 INFO  Progress (5): 1.3/6.0 MB | 48 kB | 98/204 kB | 98/186 kB | 98/168 kB
2022.12.20 22:29:04 INFO  Progress (5): 1.3/6.0 MB | 48 kB | 98/204 kB | 98/186 kB | 98/168 kB
2022.12.20 22:29:04 INFO  Progress (5): 1.3/6.0 MB | 48 kB | 102/204 kB | 98/186 kB | 98/168 kB
2022.12.20 22:29:04 INFO  Progress (5): 1.3/6.0 MB | 48 kB | 102/204 kB | 102/186 kB | 98/168 kB
2022.12.20 22:29:04 INFO  Progress (5): 1.3/6.0 MB | 48 kB | 102/204 kB | 106/186 kB | 98/168 kB
2022.12.20 22:29:04 INFO  Progress (5): 1.3/6.0 MB | 48 kB | 106/204 kB | 106/186 kB | 98/168 kB
2022.12.20 22:29:04 INFO  Progress (5): 1.3/6.0 MB | 48 kB | 106/204 kB | 111/186 kB | 98/168 kB
2022.12.20 22:29:04 INFO  Progress (5): 1.3/6.0 MB | 48 kB | 110/204 kB | 111/186 kB | 98/168 kB
2022.12.20 22:29:04 INFO  Progress (5): 1.3/6.0 MB | 48 kB | 110/204 kB | 115/186 kB | 98/168 kB
2022.12.20 22:29:04 INFO  Progress (5): 1.3/6.0 MB | 48 kB | 114/204 kB | 115/186 kB | 98/168 kB
2022.12.20 22:29:04 INFO  Progress (5): 1.3/6.0 MB | 48 kB | 114/204 kB | 115/186 kB | 102/168 kB
2022.12.20 22:29:04 INFO  Progress (5): 1.3/6.0 MB | 48 kB | 114/204 kB | 115/186 kB | 106/168 kB
2022.12.20 22:29:04 INFO  Progress (5): 1.3/6.0 MB | 48 kB | 114/204 kB | 115/186 kB | 111/168 kB
2022.12.20 22:29:04 INFO  Progress (5): 1.3/6.0 MB | 48 kB | 114/204 kB | 115/186 kB | 115/168 kB
2022.12.20 22:29:04 INFO  Progress (5): 1.3/6.0 MB | 48 kB | 114/204 kB | 115/186 kB | 115/168 kB
2022.12.20 22:29:04 INFO  Progress (5): 1.4/6.0 MB | 48 kB | 114/204 kB | 115/186 kB | 115/168 kB
2022.12.20 22:29:04 INFO  Progress (5): 1.4/6.0 MB | 48 kB | 114/204 kB | 115/186 kB | 115/168 kB
2022.12.20 22:29:04 INFO  Progress (5): 1.4/6.0 MB | 48 kB | 114/204 kB | 115/186 kB | 115/168 kB
2022.12.20 22:29:04 INFO  Progress (5): 1.5/6.0 MB | 48 kB | 114/204 kB | 115/186 kB | 115/168 kB
2022.12.20 22:29:04 INFO  Progress (5): 1.5/6.0 MB | 48 kB | 114/204 kB | 115/186 kB | 115/168 kB
2022.12.20 22:29:04 INFO  Progress (5): 1.5/6.0 MB | 48 kB | 114/204 kB | 115/186 kB | 115/168 kB
2022.12.20 22:29:04 INFO  Progress (5): 1.6/6.0 MB | 48 kB | 114/204 kB | 115/186 kB | 115/168 kB
2022.12.20 22:29:04 INFO  Progress (5): 1.6/6.0 MB | 48 kB | 114/204 kB | 115/186 kB | 115/168 kB
2022.12.20 22:29:04 INFO  Progress (5): 1.6/6.0 MB | 48 kB | 114/204 kB | 115/186 kB | 115/168 kB
2022.12.20 22:29:04 INFO  Progress (5): 1.7/6.0 MB | 48 kB | 114/204 kB | 115/186 kB | 115/168 kB
2022.12.20 22:29:04 INFO  Progress (5): 1.7/6.0 MB | 48 kB | 114/204 kB | 115/186 kB | 115/168 kB
2022.12.20 22:29:04 INFO  Progress (5): 1.7/6.0 MB | 48 kB | 114/204 kB | 115/186 kB | 115/168 kB
2022.12.20 22:29:04 INFO  Progress (5): 1.8/6.0 MB | 48 kB | 114/204 kB | 115/186 kB | 115/168 kB
2022.12.20 22:29:04 INFO  Progress (5): 1.8/6.0 MB | 48 kB | 114/204 kB | 115/186 kB | 115/168 kB
2022.12.20 22:29:04 INFO  Progress (5): 1.8/6.0 MB | 48 kB | 114/204 kB | 115/186 kB | 115/168 kB
2022.12.20 22:29:04 INFO  Progress (5): 1.9/6.0 MB | 48 kB | 114/204 kB | 115/186 kB | 115/168 kB
2022.12.20 22:29:04 INFO  Progress (5): 1.9/6.0 MB | 48 kB | 114/204 kB | 115/186 kB | 115/168 kB
2022.12.20 22:29:04 INFO  Progress (5): 1.9/6.0 MB | 48 kB | 114/204 kB | 115/186 kB | 115/168 kB
2022.12.20 22:29:04 INFO  Progress (5): 2.0/6.0 MB | 48 kB | 114/204 kB | 115/186 kB | 115/168 kB
2022.12.20 22:29:04 INFO  Progress (5): 2.0/6.0 MB | 48 kB | 114/204 kB | 115/186 kB | 115/168 kB
2022.12.20 22:29:04 INFO  Progress (5): 2.0/6.0 MB | 48 kB | 118/204 kB | 115/186 kB | 115/168 kB
2022.12.20 22:29:04 INFO  Progress (5): 2.0/6.0 MB | 48 kB | 122/204 kB | 115/186 kB | 115/168 kB
2022.12.20 22:29:04 INFO  Progress (5): 2.0/6.0 MB | 48 kB | 126/204 kB | 115/186 kB | 115/168 kB
2022.12.20 22:29:04 INFO  Progress (5): 2.0/6.0 MB | 48 kB | 131/204 kB | 115/186 kB | 115/168 kB
2022.12.20 22:29:04 INFO  Progress (5): 2.0/6.0 MB | 48 kB | 131/204 kB | 119/186 kB | 115/168 kB
2022.12.20 22:29:04 INFO  Progress (5): 2.0/6.0 MB | 48 kB | 131/204 kB | 123/186 kB | 115/168 kB
2022.12.20 22:29:04 INFO  Progress (5): 2.0/6.0 MB | 48 kB | 131/204 kB | 127/186 kB | 115/168 kB
2022.12.20 22:29:04 INFO  Progress (5): 2.0/6.0 MB | 48 kB | 131/204 kB | 131/186 kB | 115/168 kB
2022.12.20 22:29:04 INFO  Progress (5): 2.0/6.0 MB | 48 kB | 131/204 kB | 131/186 kB | 115/168 kB
2022.12.20 22:29:04 INFO  Progress (5): 2.0/6.0 MB | 48 kB | 131/204 kB | 131/186 kB | 119/168 kB
2022.12.20 22:29:04 INFO  Progress (5): 2.0/6.0 MB | 48 kB | 131/204 kB | 131/186 kB | 123/168 kB
2022.12.20 22:29:04 INFO  Progress (5): 2.0/6.0 MB | 48 kB | 131/204 kB | 131/186 kB | 127/168 kB
2022.12.20 22:29:04 INFO  Progress (5): 2.0/6.0 MB | 48 kB | 131/204 kB | 131/186 kB | 131/168 kB
2022.12.20 22:29:04 INFO                                                                         
2022.12.20 22:29:04 INFO  Downloaded from central: https://repo.maven.apache.org/maven2/org/apache/maven/maven-plugin-api/3.6.1/maven-plugin-api-3.6.1.jar (48 kB at 66 kB/s)
2022.12.20 22:29:04 INFO  Downloading from central: https://repo.maven.apache.org/maven2/org/apache/maven/maven-artifact/3.6.1/maven-artifact-3.6.1.jar
2022.12.20 22:29:04 INFO  Progress (4): 2.0/6.0 MB | 135/204 kB | 131/186 kB | 131/168 kB
2022.12.20 22:29:04 INFO  Progress (4): 2.1/6.0 MB | 135/204 kB | 131/186 kB | 131/168 kB
2022.12.20 22:29:04 INFO  Progress (4): 2.1/6.0 MB | 135/204 kB | 135/186 kB | 131/168 kB
2022.12.20 22:29:04 INFO  Progress (4): 2.1/6.0 MB | 139/204 kB | 135/186 kB | 131/168 kB
2022.12.20 22:29:04 INFO  Progress (4): 2.1/6.0 MB | 139/204 kB | 139/186 kB | 131/168 kB
2022.12.20 22:29:04 INFO  Progress (4): 2.1/6.0 MB | 143/204 kB | 139/186 kB | 131/168 kB
2022.12.20 22:29:04 INFO  Progress (4): 2.1/6.0 MB | 143/204 kB | 143/186 kB | 131/168 kB
2022.12.20 22:29:04 INFO  Progress (4): 2.1/6.0 MB | 147/204 kB | 143/186 kB | 131/168 kB
2022.12.20 22:29:04 INFO  Progress (4): 2.1/6.0 MB | 147/204 kB | 147/186 kB | 131/168 kB
2022.12.20 22:29:04 INFO  Progress (4): 2.1/6.0 MB | 147/204 kB | 152/186 kB | 131/168 kB
2022.12.20 22:29:04 INFO  Progress (4): 2.1/6.0 MB | 151/204 kB | 152/186 kB | 131/168 kB
2022.12.20 22:29:04 INFO  Progress (4): 2.1/6.0 MB | 155/204 kB | 152/186 kB | 131/168 kB
2022.12.20 22:29:04 INFO  Progress (4): 2.1/6.0 MB | 159/204 kB | 152/186 kB | 131/168 kB
2022.12.20 22:29:04 INFO  Progress (4): 2.1/6.0 MB | 163/204 kB | 152/186 kB | 131/168 kB
2022.12.20 22:29:04 INFO  Progress (4): 2.1/6.0 MB | 163/204 kB | 152/186 kB | 135/168 kB
2022.12.20 22:29:04 INFO  Progress (4): 2.1/6.0 MB | 163/204 kB | 156/186 kB | 135/168 kB
2022.12.20 22:29:04 INFO  Progress (4): 2.1/6.0 MB | 163/204 kB | 160/186 kB | 135/168 kB
2022.12.20 22:29:04 INFO  Progress (4): 2.1/6.0 MB | 163/204 kB | 160/186 kB | 139/168 kB
2022.12.20 22:29:04 INFO  Progress (4): 2.1/6.0 MB | 163/204 kB | 164/186 kB | 139/168 kB
2022.12.20 22:29:04 INFO  Progress (4): 2.1/6.0 MB | 163/204 kB | 164/186 kB | 143/168 kB
2022.12.20 22:29:04 INFO  Progress (4): 2.1/6.0 MB | 163/204 kB | 164/186 kB | 147/168 kB
2022.12.20 22:29:04 INFO  Progress (4): 2.1/6.0 MB | 163/204 kB | 164/186 kB | 152/168 kB
2022.12.20 22:29:04 INFO  Progress (4): 2.1/6.0 MB | 163/204 kB | 164/186 kB | 156/168 kB
2022.12.20 22:29:04 INFO  Progress (4): 2.1/6.0 MB | 163/204 kB | 164/186 kB | 160/168 kB
2022.12.20 22:29:04 INFO  Progress (4): 2.1/6.0 MB | 163/204 kB | 164/186 kB | 164/168 kB
2022.12.20 22:29:04 INFO  Progress (4): 2.1/6.0 MB | 163/204 kB | 164/186 kB | 164/168 kB
2022.12.20 22:29:04 INFO  Progress (4): 2.1/6.0 MB | 163/204 kB | 164/186 kB | 168/168 kB
2022.12.20 22:29:04 INFO  Progress (4): 2.1/6.0 MB | 167/204 kB | 164/186 kB | 168/168 kB
2022.12.20 22:29:04 INFO  Progress (4): 2.1/6.0 MB | 171/204 kB | 164/186 kB | 168/168 kB
2022.12.20 22:29:04 INFO  Progress (4): 2.1/6.0 MB | 176/204 kB | 164/186 kB | 168/168 kB
2022.12.20 22:29:04 INFO  Progress (4): 2.1/6.0 MB | 176/204 kB | 164/186 kB | 168 kB    
2022.12.20 22:29:04 INFO  Progress (4): 2.1/6.0 MB | 180/204 kB | 164/186 kB | 168 kB
2022.12.20 22:29:04 INFO  Progress (4): 2.1/6.0 MB | 180/204 kB | 168/186 kB | 168 kB
2022.12.20 22:29:04 INFO  Progress (4): 2.1/6.0 MB | 180/204 kB | 168/186 kB | 168 kB
2022.12.20 22:29:04 INFO  Progress (4): 2.1/6.0 MB | 180/204 kB | 172/186 kB | 168 kB
2022.12.20 22:29:04 INFO  Progress (4): 2.1/6.0 MB | 180/204 kB | 176/186 kB | 168 kB
2022.12.20 22:29:04 INFO  Progress (4): 2.1/6.0 MB | 180/204 kB | 180/186 kB | 168 kB
2022.12.20 22:29:04 INFO  Progress (4): 2.1/6.0 MB | 180/204 kB | 184/186 kB | 168 kB
2022.12.20 22:29:04 INFO  Progress (4): 2.1/6.0 MB | 180/204 kB | 186 kB | 168 kB    
2022.12.20 22:29:04 INFO  Progress (4): 2.1/6.0 MB | 184/204 kB | 186 kB | 168 kB
2022.12.20 22:29:04 INFO  Progress (4): 2.1/6.0 MB | 188/204 kB | 186 kB | 168 kB
2022.12.20 22:29:04 INFO  Progress (4): 2.1/6.0 MB | 192/204 kB | 186 kB | 168 kB
2022.12.20 22:29:04 INFO  Progress (4): 2.1/6.0 MB | 196/204 kB | 186 kB | 168 kB
2022.12.20 22:29:04 INFO  Progress (4): 2.2/6.0 MB | 196/204 kB | 186 kB | 168 kB
2022.12.20 22:29:04 INFO  Progress (4): 2.2/6.0 MB | 200/204 kB | 186 kB | 168 kB
2022.12.20 22:29:04 INFO  Progress (4): 2.2/6.0 MB | 200/204 kB | 186 kB | 168 kB
2022.12.20 22:29:04 INFO  Progress (4): 2.2/6.0 MB | 204 kB | 186 kB | 168 kB    
2022.12.20 22:29:04 INFO  Progress (4): 2.2/6.0 MB | 204 kB | 186 kB | 168 kB
2022.12.20 22:29:04 INFO  Progress (4): 2.3/6.0 MB | 204 kB | 186 kB | 168 kB
2022.12.20 22:29:04 INFO  Progress (4): 2.3/6.0 MB | 204 kB | 186 kB | 168 kB
2022.12.20 22:29:04 INFO  Progress (4): 2.3/6.0 MB | 204 kB | 186 kB | 168 kB
2022.12.20 22:29:04 INFO  Progress (4): 2.4/6.0 MB | 204 kB | 186 kB | 168 kB
2022.12.20 22:29:04 INFO  Progress (4): 2.4/6.0 MB | 204 kB | 186 kB | 168 kB
2022.12.20 22:29:04 INFO  Progress (4): 2.4/6.0 MB | 204 kB | 186 kB | 168 kB
2022.12.20 22:29:04 INFO  Progress (4): 2.5/6.0 MB | 204 kB | 186 kB | 168 kB
2022.12.20 22:29:04 INFO  Progress (4): 2.5/6.0 MB | 204 kB | 186 kB | 168 kB
2022.12.20 22:29:04 INFO  Progress (4): 2.5/6.0 MB | 204 kB | 186 kB | 168 kB
2022.12.20 22:29:04 INFO  Progress (4): 2.6/6.0 MB | 204 kB | 186 kB | 168 kB
2022.12.20 22:29:04 INFO  Progress (4): 2.6/6.0 MB | 204 kB | 186 kB | 168 kB
2022.12.20 22:29:04 INFO  Progress (4): 2.6/6.0 MB | 204 kB | 186 kB | 168 kB
2022.12.20 22:29:04 INFO  Progress (4): 2.7/6.0 MB | 204 kB | 186 kB | 168 kB
2022.12.20 22:29:04 INFO  Progress (4): 2.7/6.0 MB | 204 kB | 186 kB | 168 kB
2022.12.20 22:29:04 INFO  Progress (4): 2.7/6.0 MB | 204 kB | 186 kB | 168 kB
2022.12.20 22:29:04 INFO  Progress (4): 2.8/6.0 MB | 204 kB | 186 kB | 168 kB
2022.12.20 22:29:04 INFO  Progress (4): 2.8/6.0 MB | 204 kB | 186 kB | 168 kB
2022.12.20 22:29:04 INFO  Progress (4): 2.8/6.0 MB | 204 kB | 186 kB | 168 kB
2022.12.20 22:29:04 INFO  Progress (4): 2.9/6.0 MB | 204 kB | 186 kB | 168 kB
2022.12.20 22:29:04 INFO  Progress (4): 2.9/6.0 MB | 204 kB | 186 kB | 168 kB
2022.12.20 22:29:04 INFO  Progress (4): 2.9/6.0 MB | 204 kB | 186 kB | 168 kB
2022.12.20 22:29:04 INFO  Progress (4): 2.9/6.0 MB | 204 kB | 186 kB | 168 kB
2022.12.20 22:29:04 INFO  Progress (4): 3.0/6.0 MB | 204 kB | 186 kB | 168 kB
2022.12.20 22:29:04 INFO  Progress (4): 3.0/6.0 MB | 204 kB | 186 kB | 168 kB
2022.12.20 22:29:04 INFO  Progress (4): 3.0/6.0 MB | 204 kB | 186 kB | 168 kB
2022.12.20 22:29:04 INFO  Progress (4): 3.1/6.0 MB | 204 kB | 186 kB | 168 kB
2022.12.20 22:29:04 INFO  Progress (4): 3.1/6.0 MB | 204 kB | 186 kB | 168 kB
2022.12.20 22:29:04 INFO  Progress (4): 3.1/6.0 MB | 204 kB | 186 kB | 168 kB
2022.12.20 22:29:04 INFO  Progress (4): 3.2/6.0 MB | 204 kB | 186 kB | 168 kB
2022.12.20 22:29:04 INFO  Progress (4): 3.2/6.0 MB | 204 kB | 186 kB | 168 kB
2022.12.20 22:29:04 INFO  Progress (4): 3.2/6.0 MB | 204 kB | 186 kB | 168 kB
2022.12.20 22:29:04 INFO  Progress (4): 3.3/6.0 MB | 204 kB | 186 kB | 168 kB
2022.12.20 22:29:04 INFO  Progress (4): 3.3/6.0 MB | 204 kB | 186 kB | 168 kB
2022.12.20 22:29:04 INFO  Progress (4): 3.3/6.0 MB | 204 kB | 186 kB | 168 kB
2022.12.20 22:29:04 INFO  Progress (4): 3.4/6.0 MB | 204 kB | 186 kB | 168 kB
2022.12.20 22:29:04 INFO  Progress (4): 3.4/6.0 MB | 204 kB | 186 kB | 168 kB
2022.12.20 22:29:04 INFO  Progress (4): 3.4/6.0 MB | 204 kB | 186 kB | 168 kB
2022.12.20 22:29:04 INFO  Progress (4): 3.5/6.0 MB | 204 kB | 186 kB | 168 kB
2022.12.20 22:29:04 INFO  Progress (4): 3.5/6.0 MB | 204 kB | 186 kB | 168 kB
2022.12.20 22:29:04 INFO  Progress (4): 3.5/6.0 MB | 204 kB | 186 kB | 168 kB
2022.12.20 22:29:04 INFO  Progress (4): 3.6/6.0 MB | 204 kB | 186 kB | 168 kB
2022.12.20 22:29:04 INFO  Progress (4): 3.6/6.0 MB | 204 kB | 186 kB | 168 kB
2022.12.20 22:29:04 INFO  Progress (4): 3.6/6.0 MB | 204 kB | 186 kB | 168 kB
2022.12.20 22:29:04 INFO  Progress (4): 3.7/6.0 MB | 204 kB | 186 kB | 168 kB
2022.12.20 22:29:04 INFO  Progress (4): 3.7/6.0 MB | 204 kB | 186 kB | 168 kB
2022.12.20 22:29:04 INFO  Progress (4): 3.7/6.0 MB | 204 kB | 186 kB | 168 kB
2022.12.20 22:29:04 INFO  Progress (4): 3.8/6.0 MB | 204 kB | 186 kB | 168 kB
2022.12.20 22:29:04 INFO  Progress (4): 3.8/6.0 MB | 204 kB | 186 kB | 168 kB
2022.12.20 22:29:04 INFO  Progress (4): 3.8/6.0 MB | 204 kB | 186 kB | 168 kB
2022.12.20 22:29:04 INFO  Progress (4): 3.9/6.0 MB | 204 kB | 186 kB | 168 kB
2022.12.20 22:29:04 INFO  Progress (4): 3.9/6.0 MB | 204 kB | 186 kB | 168 kB
2022.12.20 22:29:04 INFO  Progress (4): 3.9/6.0 MB | 204 kB | 186 kB | 168 kB
2022.12.20 22:29:04 INFO  Progress (4): 4.0/6.0 MB | 204 kB | 186 kB | 168 kB
2022.12.20 22:29:04 INFO  Progress (4): 4.0/6.0 MB | 204 kB | 186 kB | 168 kB
2022.12.20 22:29:04 INFO  Progress (4): 4.0/6.0 MB | 204 kB | 186 kB | 168 kB
2022.12.20 22:29:04 INFO  Progress (4): 4.1/6.0 MB | 204 kB | 186 kB | 168 kB
2022.12.20 22:29:04 INFO  Progress (4): 4.1/6.0 MB | 204 kB | 186 kB | 168 kB
2022.12.20 22:29:04 INFO  Progress (4): 4.1/6.0 MB | 204 kB | 186 kB | 168 kB
2022.12.20 22:29:04 INFO  Progress (4): 4.2/6.0 MB | 204 kB | 186 kB | 168 kB
2022.12.20 22:29:04 INFO  Progress (5): 4.2/6.0 MB | 204 kB | 186 kB | 168 kB | 2.7/58 kB
2022.12.20 22:29:04 INFO  Progress (5): 4.2/6.0 MB | 204 kB | 186 kB | 168 kB | 5.5/58 kB
2022.12.20 22:29:04 INFO  Progress (5): 4.2/6.0 MB | 204 kB | 186 kB | 168 kB | 8.2/58 kB
2022.12.20 22:29:04 INFO  Progress (5): 4.2/6.0 MB | 204 kB | 186 kB | 168 kB | 11/58 kB 
2022.12.20 22:29:04 INFO  Progress (5): 4.2/6.0 MB | 204 kB | 186 kB | 168 kB | 14/58 kB
2022.12.20 22:29:04 INFO  Progress (5): 4.2/6.0 MB | 204 kB | 186 kB | 168 kB | 16/58 kB
2022.12.20 22:29:04 INFO  Progress (5): 4.2/6.0 MB | 204 kB | 186 kB | 168 kB | 16/58 kB
2022.12.20 22:29:04 INFO  Progress (5): 4.2/6.0 MB | 204 kB | 186 kB | 168 kB | 20/58 kB
2022.12.20 22:29:04 INFO  Progress (5): 4.2/6.0 MB | 204 kB | 186 kB | 168 kB | 20/58 kB
2022.12.20 22:29:04 INFO  Progress (5): 4.2/6.0 MB | 204 kB | 186 kB | 168 kB | 24/58 kB
2022.12.20 22:29:04 INFO  Progress (5): 4.2/6.0 MB | 204 kB | 186 kB | 168 kB | 28/58 kB
2022.12.20 22:29:04 INFO  Progress (5): 4.2/6.0 MB | 204 kB | 186 kB | 168 kB | 32/58 kB
2022.12.20 22:29:04 INFO                                                                
2022.12.20 22:29:04 INFO  Downloaded from central: https://repo.maven.apache.org/maven2/com/github/plokhotnyuk/jsoniter-scala/jsoniter-scala-core_2.13/2.4.0/jsoniter-scala-core_2.13-2.4.0.jar (168 kB at 171 kB/s)
2022.12.20 22:29:04 INFO  Downloading from central: https://repo.maven.apache.org/maven2/org/eclipse/sisu/org.eclipse.sisu.plexus/0.3.3/org.eclipse.sisu.plexus-0.3.3.jar
2022.12.20 22:29:04 INFO  Downloaded from central: https://repo.maven.apache.org/maven2/org/apache/maven/maven-model/3.6.1/maven-model-3.6.1.jar (186 kB at 188 kB/s)
2022.12.20 22:29:04 INFO  Downloading from central: https://repo.maven.apache.org/maven2/javax/enterprise/cdi-api/1.0/cdi-api-1.0.jar
2022.12.20 22:29:04 INFO  Progress (3): 4.3/6.0 MB | 204 kB | 32/58 kB
2022.12.20 22:29:04 INFO  Progress (3): 4.3/6.0 MB | 204 kB | 36/58 kB
2022.12.20 22:29:04 INFO  Progress (3): 4.3/6.0 MB | 204 kB | 36/58 kB
2022.12.20 22:29:04 INFO  Progress (3): 4.3/6.0 MB | 204 kB | 40/58 kB
2022.12.20 22:29:04 INFO  Progress (3): 4.3/6.0 MB | 204 kB | 45/58 kB
2022.12.20 22:29:04 INFO  Progress (3): 4.3/6.0 MB | 204 kB | 49/58 kB
2022.12.20 22:29:04 INFO  Progress (3): 4.3/6.0 MB | 204 kB | 53/58 kB
2022.12.20 22:29:04 INFO  Progress (3): 4.3/6.0 MB | 204 kB | 57/58 kB
2022.12.20 22:29:04 INFO  Progress (3): 4.3/6.0 MB | 204 kB | 58 kB   
2022.12.20 22:29:04 INFO                                           
2022.12.20 22:29:04 INFO  Downloaded from central: https://repo.maven.apache.org/maven2/ch/epfl/scala/bloop-config_2.13/1.5.4/bloop-config_2.13-1.5.4.jar (204 kB at 206 kB/s)
2022.12.20 22:29:04 INFO  Downloading from central: https://repo.maven.apache.org/maven2/javax/annotation/jsr250-api/1.0/jsr250-api-1.0.jar
2022.12.20 22:29:04 INFO  Progress (2): 4.3/6.0 MB | 58 kB
2022.12.20 22:29:04 INFO  Progress (2): 4.4/6.0 MB | 58 kB
2022.12.20 22:29:04 INFO  Progress (2): 4.4/6.0 MB | 58 kB
2022.12.20 22:29:04 INFO  Progress (2): 4.4/6.0 MB | 58 kB
2022.12.20 22:29:04 INFO  Progress (2): 4.5/6.0 MB | 58 kB
2022.12.20 22:29:04 INFO  Progress (2): 4.5/6.0 MB | 58 kB
2022.12.20 22:29:04 INFO  Progress (2): 4.5/6.0 MB | 58 kB
2022.12.20 22:29:04 INFO  Progress (2): 4.6/6.0 MB | 58 kB
2022.12.20 22:29:04 INFO  Progress (2): 4.6/6.0 MB | 58 kB
2022.12.20 22:29:04 INFO  Progress (2): 4.6/6.0 MB | 58 kB
2022.12.20 22:29:04 INFO  Progress (2): 4.7/6.0 MB | 58 kB
2022.12.20 22:29:04 INFO  Progress (2): 4.7/6.0 MB | 58 kB
2022.12.20 22:29:04 INFO  Progress (2): 4.7/6.0 MB | 58 kB
2022.12.20 22:29:04 INFO  Progress (2): 4.8/6.0 MB | 58 kB
2022.12.20 22:29:04 INFO  Progress (2): 4.8/6.0 MB | 58 kB
2022.12.20 22:29:04 INFO  Progress (2): 4.8/6.0 MB | 58 kB
2022.12.20 22:29:04 INFO  Progress (2): 4.8/6.0 MB | 58 kB
2022.12.20 22:29:04 INFO  Progress (2): 4.9/6.0 MB | 58 kB
2022.12.20 22:29:04 INFO  Progress (2): 4.9/6.0 MB | 58 kB
2022.12.20 22:29:04 INFO  Progress (2): 4.9/6.0 MB | 58 kB
2022.12.20 22:29:04 INFO  Progress (2): 5.0/6.0 MB | 58 kB
2022.12.20 22:29:04 INFO  Progress (2): 5.0/6.0 MB | 58 kB
2022.12.20 22:29:04 INFO  Progress (2): 5.0/6.0 MB | 58 kB
2022.12.20 22:29:04 INFO  Progress (2): 5.1/6.0 MB | 58 kB
2022.12.20 22:29:04 INFO  Progress (2): 5.1/6.0 MB | 58 kB
2022.12.20 22:29:04 INFO  Progress (2): 5.1/6.0 MB | 58 kB
2022.12.20 22:29:04 INFO  Progress (2): 5.2/6.0 MB | 58 kB
2022.12.20 22:29:04 INFO  Progress (2): 5.2/6.0 MB | 58 kB
2022.12.20 22:29:04 INFO  Progress (2): 5.2/6.0 MB | 58 kB
2022.12.20 22:29:04 INFO  Progress (2): 5.3/6.0 MB | 58 kB
2022.12.20 22:29:04 INFO  Progress (2): 5.3/6.0 MB | 58 kB
2022.12.20 22:29:04 INFO  Progress (2): 5.3/6.0 MB | 58 kB
2022.12.20 22:29:04 INFO  Progress (2): 5.4/6.0 MB | 58 kB
2022.12.20 22:29:04 INFO  Progress (2): 5.4/6.0 MB | 58 kB
2022.12.20 22:29:04 INFO  Progress (2): 5.4/6.0 MB | 58 kB
2022.12.20 22:29:04 INFO  Progress (2): 5.5/6.0 MB | 58 kB
2022.12.20 22:29:04 INFO  Progress (2): 5.5/6.0 MB | 58 kB
2022.12.20 22:29:04 INFO  Progress (2): 5.5/6.0 MB | 58 kB
2022.12.20 22:29:04 INFO  Progress (2): 5.6/6.0 MB | 58 kB
2022.12.20 22:29:04 INFO  Progress (2): 5.6/6.0 MB | 58 kB
2022.12.20 22:29:04 INFO  Progress (2): 5.6/6.0 MB | 58 kB
2022.12.20 22:29:04 INFO  Progress (2): 5.7/6.0 MB | 58 kB
2022.12.20 22:29:04 INFO  Progress (2): 5.7/6.0 MB | 58 kB
2022.12.20 22:29:04 INFO  Progress (2): 5.7/6.0 MB | 58 kB
2022.12.20 22:29:04 INFO  Progress (2): 5.8/6.0 MB | 58 kB
2022.12.20 22:29:04 INFO  Progress (2): 5.8/6.0 MB | 58 kB
2022.12.20 22:29:04 INFO  Progress (2): 5.8/6.0 MB | 58 kB
2022.12.20 22:29:04 INFO  Progress (2): 5.9/6.0 MB | 58 kB
2022.12.20 22:29:04 INFO  Progress (2): 5.9/6.0 MB | 58 kB
2022.12.20 22:29:04 INFO  Progress (2): 5.9/6.0 MB | 58 kB
2022.12.20 22:29:04 INFO  Progress (2): 6.0/6.0 MB | 58 kB
2022.12.20 22:29:04 INFO  Progress (2): 6.0/6.0 MB | 58 kB
2022.12.20 22:29:04 INFO  Progress (2): 6.0 MB | 58 kB    
2022.12.20 22:29:04 INFO  Progress (3): 6.0 MB | 58 kB | 4.1/45 kB
2022.12.20 22:29:04 INFO  Progress (3): 6.0 MB | 58 kB | 8.2/45 kB
2022.12.20 22:29:04 INFO  Progress (3): 6.0 MB | 58 kB | 12/45 kB 
2022.12.20 22:29:04 INFO  Progress (3): 6.0 MB | 58 kB | 16/45 kB
2022.12.20 22:29:04 INFO  Progress (3): 6.0 MB | 58 kB | 20/45 kB
2022.12.20 22:29:04 INFO  Progress (3): 6.0 MB | 58 kB | 25/45 kB
2022.12.20 22:29:04 INFO  Progress (3): 6.0 MB | 58 kB | 29/45 kB
2022.12.20 22:29:04 INFO  Progress (3): 6.0 MB | 58 kB | 33/45 kB
2022.12.20 22:29:04 INFO  Progress (3): 6.0 MB | 58 kB | 37/45 kB
2022.12.20 22:29:04 INFO  Progress (3): 6.0 MB | 58 kB | 41/45 kB
2022.12.20 22:29:04 INFO  Progress (3): 6.0 MB | 58 kB | 45 kB   
2022.12.20 22:29:04 INFO  Progress (4): 6.0 MB | 58 kB | 45 kB | 4.1/205 kB
2022.12.20 22:29:04 INFO  Progress (5): 6.0 MB | 58 kB | 45 kB | 4.1/205 kB | 4.1/5.8 kB
2022.12.20 22:29:04 INFO  Progress (5): 6.0 MB | 58 kB | 45 kB | 8.2/205 kB | 4.1/5.8 kB
2022.12.20 22:29:04 INFO  Progress (5): 6.0 MB | 58 kB | 45 kB | 12/205 kB | 4.1/5.8 kB 
2022.12.20 22:29:04 INFO  Progress (5): 6.0 MB | 58 kB | 45 kB | 12/205 kB | 5.8 kB    
2022.12.20 22:29:04 INFO  Progress (5): 6.0 MB | 58 kB | 45 kB | 16/205 kB | 5.8 kB
2022.12.20 22:29:04 INFO  Progress (5): 6.0 MB | 58 kB | 45 kB | 20/205 kB | 5.8 kB
2022.12.20 22:29:04 INFO  Progress (5): 6.0 MB | 58 kB | 45 kB | 25/205 kB | 5.8 kB
2022.12.20 22:29:04 INFO  Progress (5): 6.0 MB | 58 kB | 45 kB | 29/205 kB | 5.8 kB
2022.12.20 22:29:04 INFO  Progress (5): 6.0 MB | 58 kB | 45 kB | 33/205 kB | 5.8 kB
2022.12.20 22:29:04 INFO  Progress (5): 6.0 MB | 58 kB | 45 kB | 37/205 kB | 5.8 kB
2022.12.20 22:29:04 INFO  Progress (5): 6.0 MB | 58 kB | 45 kB | 41/205 kB | 5.8 kB
2022.12.20 22:29:04 INFO  Progress (5): 6.0 MB | 58 kB | 45 kB | 45/205 kB | 5.8 kB
2022.12.20 22:29:04 INFO  Progress (5): 6.0 MB | 58 kB | 45 kB | 49/205 kB | 5.8 kB
2022.12.20 22:29:04 INFO                                                           
2022.12.20 22:29:04 INFO  Downloaded from central: https://repo.maven.apache.org/maven2/org/apache/maven/maven-artifact/3.6.1/maven-artifact-3.6.1.jar (58 kB at 51 kB/s)
2022.12.20 22:29:04 INFO  Downloading from central: https://repo.maven.apache.org/maven2/org/eclipse/sisu/org.eclipse.sisu.inject/0.3.3/org.eclipse.sisu.inject-0.3.3.jar
2022.12.20 22:29:04 INFO  Progress (4): 6.0 MB | 45 kB | 53/205 kB | 5.8 kB
2022.12.20 22:29:04 INFO  Progress (4): 6.0 MB | 45 kB | 57/205 kB | 5.8 kB
2022.12.20 22:29:04 INFO  Progress (4): 6.0 MB | 45 kB | 61/205 kB | 5.8 kB
2022.12.20 22:29:04 INFO  Progress (4): 6.0 MB | 45 kB | 66/205 kB | 5.8 kB
2022.12.20 22:29:04 INFO  Progress (4): 6.0 MB | 45 kB | 70/205 kB | 5.8 kB
2022.12.20 22:29:04 INFO  Progress (4): 6.0 MB | 45 kB | 74/205 kB | 5.8 kB
2022.12.20 22:29:04 INFO  Progress (4): 6.0 MB | 45 kB | 78/205 kB | 5.8 kB
2022.12.20 22:29:04 INFO  Progress (4): 6.0 MB | 45 kB | 82/205 kB | 5.8 kB
2022.12.20 22:29:04 INFO  Progress (4): 6.0 MB | 45 kB | 86/205 kB | 5.8 kB
2022.12.20 22:29:04 INFO  Progress (4): 6.0 MB | 45 kB | 90/205 kB | 5.8 kB
2022.12.20 22:29:04 INFO  Progress (4): 6.0 MB | 45 kB | 94/205 kB | 5.8 kB
2022.12.20 22:29:04 INFO  Progress (4): 6.0 MB | 45 kB | 98/205 kB | 5.8 kB
2022.12.20 22:29:04 INFO  Progress (4): 6.0 MB | 45 kB | 102/205 kB | 5.8 kB
2022.12.20 22:29:04 INFO  Progress (4): 6.0 MB | 45 kB | 106/205 kB | 5.8 kB
2022.12.20 22:29:04 INFO  Progress (4): 6.0 MB | 45 kB | 111/205 kB | 5.8 kB
2022.12.20 22:29:04 INFO  Progress (4): 6.0 MB | 45 kB | 115/205 kB | 5.8 kB
2022.12.20 22:29:04 INFO  Progress (4): 6.0 MB | 45 kB | 119/205 kB | 5.8 kB
2022.12.20 22:29:04 INFO  Progress (4): 6.0 MB | 45 kB | 123/205 kB | 5.8 kB
2022.12.20 22:29:04 INFO  Progress (4): 6.0 MB | 45 kB | 127/205 kB | 5.8 kB
2022.12.20 22:29:04 INFO  Progress (4): 6.0 MB | 45 kB | 131/205 kB | 5.8 kB
2022.12.20 22:29:04 INFO  Progress (4): 6.0 MB | 45 kB | 135/205 kB | 5.8 kB
2022.12.20 22:29:04 INFO  Progress (4): 6.0 MB | 45 kB | 139/205 kB | 5.8 kB
2022.12.20 22:29:04 INFO  Progress (4): 6.0 MB | 45 kB | 143/205 kB | 5.8 kB
2022.12.20 22:29:04 INFO  Progress (4): 6.0 MB | 45 kB | 147/205 kB | 5.8 kB
2022.12.20 22:29:04 INFO  Progress (4): 6.0 MB | 45 kB | 152/205 kB | 5.8 kB
2022.12.20 22:29:04 INFO  Progress (4): 6.0 MB | 45 kB | 156/205 kB | 5.8 kB
2022.12.20 22:29:04 INFO  Progress (4): 6.0 MB | 45 kB | 160/205 kB | 5.8 kB
2022.12.20 22:29:04 INFO  Progress (4): 6.0 MB | 45 kB | 164/205 kB | 5.8 kB
2022.12.20 22:29:04 INFO  Progress (4): 6.0 MB | 45 kB | 168/205 kB | 5.8 kB
2022.12.20 22:29:04 INFO  Progress (4): 6.0 MB | 45 kB | 172/205 kB | 5.8 kB
2022.12.20 22:29:04 INFO  Progress (4): 6.0 MB | 45 kB | 176/205 kB | 5.8 kB
2022.12.20 22:29:04 INFO  Progress (4): 6.0 MB | 45 kB | 180/205 kB | 5.8 kB
2022.12.20 22:29:04 INFO  Progress (4): 6.0 MB | 45 kB | 184/205 kB | 5.8 kB
2022.12.20 22:29:04 INFO  Progress (4): 6.0 MB | 45 kB | 188/205 kB | 5.8 kB
2022.12.20 22:29:04 INFO  Progress (4): 6.0 MB | 45 kB | 193/205 kB | 5.8 kB
2022.12.20 22:29:04 INFO  Progress (4): 6.0 MB | 45 kB | 197/205 kB | 5.8 kB
2022.12.20 22:29:04 INFO  Progress (4): 6.0 MB | 45 kB | 201/205 kB | 5.8 kB
2022.12.20 22:29:04 INFO  Progress (4): 6.0 MB | 45 kB | 205/205 kB | 5.8 kB
2022.12.20 22:29:04 INFO  Progress (4): 6.0 MB | 45 kB | 205 kB | 5.8 kB    
2022.12.20 22:29:04 INFO  Progress (5): 6.0 MB | 45 kB | 205 kB | 5.8 kB | 4.1/379 kB
2022.12.20 22:29:04 INFO  Progress (5): 6.0 MB | 45 kB | 205 kB | 5.8 kB | 8.2/379 kB
2022.12.20 22:29:04 INFO  Progress (5): 6.0 MB | 45 kB | 205 kB | 5.8 kB | 12/379 kB 
2022.12.20 22:29:04 INFO  Progress (5): 6.0 MB | 45 kB | 205 kB | 5.8 kB | 16/379 kB
2022.12.20 22:29:04 INFO                                                            
2022.12.20 22:29:04 INFO  Downloaded from central: https://repo.maven.apache.org/maven2/javax/enterprise/cdi-api/1.0/cdi-api-1.0.jar (45 kB at 35 kB/s)
2022.12.20 22:29:04 INFO  Downloading from central: https://repo.maven.apache.org/maven2/org/codehaus/plexus/plexus-utils/3.2.0/plexus-utils-3.2.0.jar
2022.12.20 22:29:04 INFO  Downloaded from central: https://repo.maven.apache.org/maven2/javax/annotation/jsr250-api/1.0/jsr250-api-1.0.jar (5.8 kB at 4.5 kB/s)
2022.12.20 22:29:04 INFO  Downloaded from central: https://repo.maven.apache.org/maven2/org/scala-lang/scala-library/2.13.8/scala-library-2.13.8.jar (6.0 MB at 4.7 MB/s)
2022.12.20 22:29:04 INFO  Downloading from central: https://repo.maven.apache.org/maven2/org/codehaus/plexus/plexus-classworlds/2.6.0/plexus-classworlds-2.6.0.jar
2022.12.20 22:29:04 INFO  Downloading from central: https://repo.maven.apache.org/maven2/net/alchim31/maven/scala-maven-plugin/4.5.3/scala-maven-plugin-4.5.3.jar
2022.12.20 22:29:04 INFO  Progress (2): 205 kB | 20/379 kB
2022.12.20 22:29:04 INFO  Progress (2): 205 kB | 24/379 kB
2022.12.20 22:29:04 INFO  Progress (2): 205 kB | 28/379 kB
2022.12.20 22:29:04 INFO  Progress (2): 205 kB | 32/379 kB
2022.12.20 22:29:04 INFO  Progress (2): 205 kB | 36/379 kB
2022.12.20 22:29:04 INFO  Progress (2): 205 kB | 40/379 kB
2022.12.20 22:29:04 INFO  Progress (2): 205 kB | 45/379 kB
2022.12.20 22:29:04 INFO  Progress (2): 205 kB | 49/379 kB
2022.12.20 22:29:04 INFO  Progress (2): 205 kB | 53/379 kB
2022.12.20 22:29:04 INFO  Progress (2): 205 kB | 57/379 kB
2022.12.20 22:29:04 INFO  Progress (2): 205 kB | 61/379 kB
2022.12.20 22:29:04 INFO  Progress (2): 205 kB | 65/379 kB
2022.12.20 22:29:04 INFO  Progress (2): 205 kB | 69/379 kB
2022.12.20 22:29:04 INFO  Progress (2): 205 kB | 73/379 kB
2022.12.20 22:29:04 INFO  Progress (2): 205 kB | 77/379 kB
2022.12.20 22:29:04 INFO  Progress (2): 205 kB | 81/379 kB
2022.12.20 22:29:04 INFO  Progress (2): 205 kB | 85/379 kB
2022.12.20 22:29:04 INFO  Progress (2): 205 kB | 90/379 kB
2022.12.20 22:29:04 INFO  Progress (2): 205 kB | 94/379 kB
2022.12.20 22:29:04 INFO  Progress (2): 205 kB | 98/379 kB
2022.12.20 22:29:04 INFO  Progress (2): 205 kB | 102/379 kB
2022.12.20 22:29:04 INFO  Progress (2): 205 kB | 106/379 kB
2022.12.20 22:29:04 INFO  Progress (2): 205 kB | 110/379 kB
2022.12.20 22:29:04 INFO  Progress (2): 205 kB | 114/379 kB
2022.12.20 22:29:04 INFO  Progress (2): 205 kB | 118/379 kB
2022.12.20 22:29:04 INFO  Progress (2): 205 kB | 122/379 kB
2022.12.20 22:29:04 INFO  Progress (2): 205 kB | 126/379 kB
2022.12.20 22:29:04 INFO  Progress (2): 205 kB | 131/379 kB
2022.12.20 22:29:04 INFO  Progress (2): 205 kB | 135/379 kB
2022.12.20 22:29:04 INFO  Progress (2): 205 kB | 139/379 kB
2022.12.20 22:29:04 INFO  Progress (2): 205 kB | 143/379 kB
2022.12.20 22:29:04 INFO  Progress (2): 205 kB | 147/379 kB
2022.12.20 22:29:04 INFO  Progress (2): 205 kB | 151/379 kB
2022.12.20 22:29:04 INFO  Progress (2): 205 kB | 155/379 kB
2022.12.20 22:29:04 INFO  Progress (2): 205 kB | 159/379 kB
2022.12.20 22:29:04 INFO  Progress (2): 205 kB | 163/379 kB
2022.12.20 22:29:04 INFO                                   
2022.12.20 22:29:04 INFO  Downloaded from central: https://repo.maven.apache.org/maven2/org/eclipse/sisu/org.eclipse.sisu.plexus/0.3.3/org.eclipse.sisu.plexus-0.3.3.jar (205 kB at 154 kB/s)
2022.12.20 22:29:04 INFO  Downloading from central: https://repo.maven.apache.org/maven2/org/apache/maven/maven-compat/3.3.9/maven-compat-3.3.9.jar
2022.12.20 22:29:04 INFO  Progress (1): 167/379 kB
2022.12.20 22:29:04 INFO  Progress (1): 171/379 kB
2022.12.20 22:29:04 INFO  Progress (1): 176/379 kB
2022.12.20 22:29:04 INFO  Progress (1): 180/379 kB
2022.12.20 22:29:04 INFO  Progress (1): 184/379 kB
2022.12.20 22:29:04 INFO  Progress (1): 188/379 kB
2022.12.20 22:29:04 INFO  Progress (1): 192/379 kB
2022.12.20 22:29:04 INFO  Progress (1): 196/379 kB
2022.12.20 22:29:04 INFO  Progress (1): 200/379 kB
2022.12.20 22:29:04 INFO  Progress (1): 204/379 kB
2022.12.20 22:29:04 INFO  Progress (1): 208/379 kB
2022.12.20 22:29:04 INFO  Progress (1): 212/379 kB
2022.12.20 22:29:04 INFO  Progress (1): 217/379 kB
2022.12.20 22:29:04 INFO  Progress (1): 221/379 kB
2022.12.20 22:29:04 INFO  Progress (1): 225/379 kB
2022.12.20 22:29:04 INFO  Progress (1): 229/379 kB
2022.12.20 22:29:04 INFO  Progress (1): 233/379 kB
2022.12.20 22:29:04 INFO  Progress (1): 237/379 kB
2022.12.20 22:29:04 INFO  Progress (1): 241/379 kB
2022.12.20 22:29:04 INFO  Progress (1): 245/379 kB
2022.12.20 22:29:04 INFO  Progress (1): 249/379 kB
2022.12.20 22:29:04 INFO  Progress (1): 253/379 kB
2022.12.20 22:29:04 INFO  Progress (1): 257/379 kB
2022.12.20 22:29:04 INFO  Progress (1): 262/379 kB
2022.12.20 22:29:04 INFO  Progress (2): 262/379 kB | 4.1/263 kB
2022.12.20 22:29:04 INFO  Progress (2): 262/379 kB | 8.2/263 kB
2022.12.20 22:29:04 INFO  Progress (2): 262/379 kB | 12/263 kB 
2022.12.20 22:29:04 INFO  Progress (2): 262/379 kB | 16/263 kB
2022.12.20 22:29:04 INFO  Progress (2): 262/379 kB | 20/263 kB
2022.12.20 22:29:04 INFO  Progress (2): 262/379 kB | 24/263 kB
2022.12.20 22:29:04 INFO  Progress (2): 262/379 kB | 28/263 kB
2022.12.20 22:29:04 INFO  Progress (2): 262/379 kB | 32/263 kB
2022.12.20 22:29:04 INFO  Progress (2): 262/379 kB | 36/263 kB
2022.12.20 22:29:04 INFO  Progress (2): 262/379 kB | 40/263 kB
2022.12.20 22:29:04 INFO  Progress (2): 262/379 kB | 45/263 kB
2022.12.20 22:29:04 INFO  Progress (2): 262/379 kB | 49/263 kB
2022.12.20 22:29:04 INFO  Progress (2): 262/379 kB | 53/263 kB
2022.12.20 22:29:04 INFO  Progress (2): 262/379 kB | 57/263 kB
2022.12.20 22:29:04 INFO  Progress (2): 262/379 kB | 61/263 kB
2022.12.20 22:29:04 INFO  Progress (2): 262/379 kB | 65/263 kB
2022.12.20 22:29:05 INFO  Progress (2): 262/379 kB | 69/263 kB
2022.12.20 22:29:05 INFO  Progress (2): 262/379 kB | 73/263 kB
2022.12.20 22:29:05 INFO  Progress (2): 262/379 kB | 77/263 kB
2022.12.20 22:29:05 INFO  Progress (2): 262/379 kB | 81/263 kB
2022.12.20 22:29:05 INFO  Progress (2): 262/379 kB | 85/263 kB
2022.12.20 22:29:05 INFO  Progress (2): 262/379 kB | 90/263 kB
2022.12.20 22:29:05 INFO  Progress (2): 262/379 kB | 94/263 kB
2022.12.20 22:29:05 INFO  Progress (2): 262/379 kB | 98/263 kB
2022.12.20 22:29:05 INFO  Progress (2): 262/379 kB | 102/263 kB
2022.12.20 22:29:05 INFO  Progress (2): 262/379 kB | 106/263 kB
2022.12.20 22:29:05 INFO  Progress (2): 262/379 kB | 110/263 kB
2022.12.20 22:29:05 INFO  Progress (2): 262/379 kB | 114/263 kB
2022.12.20 22:29:05 INFO  Progress (2): 262/379 kB | 118/263 kB
2022.12.20 22:29:05 INFO  Progress (3): 262/379 kB | 118/263 kB | 4.1/136 kB
2022.12.20 22:29:05 INFO  Progress (3): 262/379 kB | 122/263 kB | 4.1/136 kB
2022.12.20 22:29:05 INFO  Progress (4): 262/379 kB | 122/263 kB | 4.1/136 kB | 4.1/53 kB
2022.12.20 22:29:05 INFO  Progress (4): 262/379 kB | 126/263 kB | 4.1/136 kB | 4.1/53 kB
2022.12.20 22:29:05 INFO  Progress (4): 266/379 kB | 126/263 kB | 4.1/136 kB | 4.1/53 kB
2022.12.20 22:29:05 INFO  Progress (4): 266/379 kB | 131/263 kB | 4.1/136 kB | 4.1/53 kB
2022.12.20 22:29:05 INFO  Progress (4): 266/379 kB | 131/263 kB | 4.1/136 kB | 8.2/53 kB
2022.12.20 22:29:05 INFO  Progress (4): 270/379 kB | 131/263 kB | 4.1/136 kB | 8.2/53 kB
2022.12.20 22:29:05 INFO  Progress (4): 270/379 kB | 131/263 kB | 4.1/136 kB | 12/53 kB 
2022.12.20 22:29:05 INFO  Progress (4): 270/379 kB | 131/263 kB | 8.2/136 kB | 12/53 kB
2022.12.20 22:29:05 INFO  Progress (4): 270/379 kB | 131/263 kB | 8.2/136 kB | 16/53 kB
2022.12.20 22:29:05 INFO  Progress (4): 274/379 kB | 131/263 kB | 8.2/136 kB | 16/53 kB
2022.12.20 22:29:05 INFO  Progress (4): 274/379 kB | 135/263 kB | 8.2/136 kB | 16/53 kB
2022.12.20 22:29:05 INFO  Progress (4): 274/379 kB | 135/263 kB | 12/136 kB | 16/53 kB 
2022.12.20 22:29:05 INFO  Progress (4): 278/379 kB | 135/263 kB | 12/136 kB | 16/53 kB
2022.12.20 22:29:05 INFO  Progress (4): 278/379 kB | 135/263 kB | 16/136 kB | 16/53 kB
2022.12.20 22:29:05 INFO  Progress (4): 278/379 kB | 139/263 kB | 16/136 kB | 16/53 kB
2022.12.20 22:29:05 INFO  Progress (4): 278/379 kB | 143/263 kB | 16/136 kB | 16/53 kB
2022.12.20 22:29:05 INFO  Progress (4): 278/379 kB | 147/263 kB | 16/136 kB | 16/53 kB
2022.12.20 22:29:05 INFO  Progress (4): 278/379 kB | 151/263 kB | 16/136 kB | 16/53 kB
2022.12.20 22:29:05 INFO  Progress (4): 278/379 kB | 155/263 kB | 16/136 kB | 16/53 kB
2022.12.20 22:29:05 INFO  Progress (4): 278/379 kB | 159/263 kB | 16/136 kB | 16/53 kB
2022.12.20 22:29:05 INFO  Progress (4): 278/379 kB | 163/263 kB | 16/136 kB | 16/53 kB
2022.12.20 22:29:05 INFO  Progress (4): 278/379 kB | 167/263 kB | 16/136 kB | 16/53 kB
2022.12.20 22:29:05 INFO  Progress (4): 278/379 kB | 171/263 kB | 16/136 kB | 16/53 kB
2022.12.20 22:29:05 INFO  Progress (4): 278/379 kB | 176/263 kB | 16/136 kB | 16/53 kB
2022.12.20 22:29:05 INFO  Progress (4): 278/379 kB | 180/263 kB | 16/136 kB | 16/53 kB
2022.12.20 22:29:05 INFO  Progress (4): 278/379 kB | 184/263 kB | 16/136 kB | 16/53 kB
2022.12.20 22:29:05 INFO  Progress (4): 278/379 kB | 188/263 kB | 16/136 kB | 16/53 kB
2022.12.20 22:29:05 INFO  Progress (4): 278/379 kB | 192/263 kB | 16/136 kB | 16/53 kB
2022.12.20 22:29:05 INFO  Progress (4): 278/379 kB | 196/263 kB | 16/136 kB | 16/53 kB
2022.12.20 22:29:05 INFO  Progress (4): 278/379 kB | 200/263 kB | 16/136 kB | 16/53 kB
2022.12.20 22:29:05 INFO  Progress (4): 282/379 kB | 200/263 kB | 16/136 kB | 16/53 kB
2022.12.20 22:29:05 INFO  Progress (4): 282/379 kB | 204/263 kB | 16/136 kB | 16/53 kB
2022.12.20 22:29:05 INFO  Progress (4): 286/379 kB | 204/263 kB | 16/136 kB | 16/53 kB
2022.12.20 22:29:05 INFO  Progress (4): 286/379 kB | 208/263 kB | 16/136 kB | 16/53 kB
2022.12.20 22:29:05 INFO  Progress (4): 290/379 kB | 208/263 kB | 16/136 kB | 16/53 kB
2022.12.20 22:29:05 INFO  Progress (4): 290/379 kB | 212/263 kB | 16/136 kB | 16/53 kB
2022.12.20 22:29:05 INFO  Progress (4): 294/379 kB | 212/263 kB | 16/136 kB | 16/53 kB
2022.12.20 22:29:05 INFO  Progress (4): 294/379 kB | 217/263 kB | 16/136 kB | 16/53 kB
2022.12.20 22:29:05 INFO  Progress (4): 294/379 kB | 221/263 kB | 16/136 kB | 16/53 kB
2022.12.20 22:29:05 INFO  Progress (4): 294/379 kB | 225/263 kB | 16/136 kB | 16/53 kB
2022.12.20 22:29:05 INFO  Progress (4): 294/379 kB | 229/263 kB | 16/136 kB | 16/53 kB
2022.12.20 22:29:05 INFO  Progress (4): 294/379 kB | 233/263 kB | 16/136 kB | 16/53 kB
2022.12.20 22:29:05 INFO  Progress (4): 294/379 kB | 233/263 kB | 20/136 kB | 16/53 kB
2022.12.20 22:29:05 INFO  Progress (4): 294/379 kB | 237/263 kB | 20/136 kB | 16/53 kB
2022.12.20 22:29:05 INFO  Progress (4): 298/379 kB | 237/263 kB | 20/136 kB | 16/53 kB
2022.12.20 22:29:05 INFO  Progress (4): 298/379 kB | 237/263 kB | 24/136 kB | 16/53 kB
2022.12.20 22:29:05 INFO  Progress (4): 298/379 kB | 241/263 kB | 24/136 kB | 16/53 kB
2022.12.20 22:29:05 INFO  Progress (4): 303/379 kB | 241/263 kB | 24/136 kB | 16/53 kB
2022.12.20 22:29:05 INFO  Progress (4): 303/379 kB | 241/263 kB | 28/136 kB | 16/53 kB
2022.12.20 22:29:05 INFO  Progress (4): 307/379 kB | 241/263 kB | 28/136 kB | 16/53 kB
2022.12.20 22:29:05 INFO  Progress (4): 307/379 kB | 245/263 kB | 28/136 kB | 16/53 kB
2022.12.20 22:29:05 INFO  Progress (4): 307/379 kB | 245/263 kB | 32/136 kB | 16/53 kB
2022.12.20 22:29:05 INFO  Progress (4): 307/379 kB | 249/263 kB | 32/136 kB | 16/53 kB
2022.12.20 22:29:05 INFO  Progress (4): 311/379 kB | 249/263 kB | 32/136 kB | 16/53 kB
2022.12.20 22:29:05 INFO  Progress (4): 311/379 kB | 253/263 kB | 32/136 kB | 16/53 kB
2022.12.20 22:29:05 INFO  Progress (4): 311/379 kB | 257/263 kB | 32/136 kB | 16/53 kB
2022.12.20 22:29:05 INFO  Progress (4): 311/379 kB | 262/263 kB | 32/136 kB | 16/53 kB
2022.12.20 22:29:05 INFO  Progress (4): 311/379 kB | 263 kB | 32/136 kB | 16/53 kB    
2022.12.20 22:29:05 INFO  Progress (4): 315/379 kB | 263 kB | 32/136 kB | 16/53 kB
2022.12.20 22:29:05 INFO  Progress (4): 315/379 kB | 263 kB | 32/136 kB | 20/53 kB
2022.12.20 22:29:05 INFO  Progress (4): 315/379 kB | 263 kB | 36/136 kB | 20/53 kB
2022.12.20 22:29:05 INFO  Progress (4): 319/379 kB | 263 kB | 36/136 kB | 20/53 kB
2022.12.20 22:29:05 INFO  Progress (4): 319/379 kB | 263 kB | 40/136 kB | 20/53 kB
2022.12.20 22:29:05 INFO  Progress (4): 319/379 kB | 263 kB | 40/136 kB | 25/53 kB
2022.12.20 22:29:05 INFO  Progress (4): 319/379 kB | 263 kB | 45/136 kB | 25/53 kB
2022.12.20 22:29:05 INFO  Progress (4): 323/379 kB | 263 kB | 45/136 kB | 25/53 kB
2022.12.20 22:29:05 INFO  Progress (4): 323/379 kB | 263 kB | 49/136 kB | 25/53 kB
2022.12.20 22:29:05 INFO  Progress (4): 323/379 kB | 263 kB | 49/136 kB | 29/53 kB
2022.12.20 22:29:05 INFO  Progress (4): 327/379 kB | 263 kB | 49/136 kB | 29/53 kB
2022.12.20 22:29:05 INFO  Progress (4): 327/379 kB | 263 kB | 49/136 kB | 33/53 kB
2022.12.20 22:29:05 INFO  Progress (4): 327/379 kB | 263 kB | 53/136 kB | 33/53 kB
2022.12.20 22:29:05 INFO  Progress (4): 331/379 kB | 263 kB | 53/136 kB | 33/53 kB
2022.12.20 22:29:05 INFO  Progress (4): 331/379 kB | 263 kB | 57/136 kB | 33/53 kB
2022.12.20 22:29:05 INFO  Progress (4): 335/379 kB | 263 kB | 57/136 kB | 33/53 kB
2022.12.20 22:29:05 INFO  Progress (4): 335/379 kB | 263 kB | 61/136 kB | 33/53 kB
2022.12.20 22:29:05 INFO  Progress (4): 339/379 kB | 263 kB | 61/136 kB | 33/53 kB
2022.12.20 22:29:05 INFO  Progress (4): 339/379 kB | 263 kB | 65/136 kB | 33/53 kB
2022.12.20 22:29:05 INFO  Progress (4): 344/379 kB | 263 kB | 65/136 kB | 33/53 kB
2022.12.20 22:29:05 INFO  Progress (4): 348/379 kB | 263 kB | 65/136 kB | 33/53 kB
2022.12.20 22:29:05 INFO  Progress (4): 352/379 kB | 263 kB | 65/136 kB | 33/53 kB
2022.12.20 22:29:05 INFO  Progress (4): 356/379 kB | 263 kB | 65/136 kB | 33/53 kB
2022.12.20 22:29:05 INFO  Progress (4): 360/379 kB | 263 kB | 65/136 kB | 33/53 kB
2022.12.20 22:29:05 INFO  Progress (4): 360/379 kB | 263 kB | 65/136 kB | 37/53 kB
2022.12.20 22:29:05 INFO  Progress (4): 360/379 kB | 263 kB | 69/136 kB | 37/53 kB
2022.12.20 22:29:05 INFO  Progress (4): 360/379 kB | 263 kB | 69/136 kB | 41/53 kB
2022.12.20 22:29:05 INFO  Progress (4): 360/379 kB | 263 kB | 69/136 kB | 45/53 kB
2022.12.20 22:29:05 INFO  Progress (4): 360/379 kB | 263 kB | 73/136 kB | 45/53 kB
2022.12.20 22:29:05 INFO  Progress (4): 360/379 kB | 263 kB | 73/136 kB | 49/53 kB
2022.12.20 22:29:05 INFO  Progress (4): 360/379 kB | 263 kB | 77/136 kB | 49/53 kB
2022.12.20 22:29:05 INFO  Progress (4): 360/379 kB | 263 kB | 81/136 kB | 49/53 kB
2022.12.20 22:29:05 INFO  Progress (4): 360/379 kB | 263 kB | 81/136 kB | 53 kB   
2022.12.20 22:29:05 INFO  Progress (4): 364/379 kB | 263 kB | 81/136 kB | 53 kB
2022.12.20 22:29:05 INFO  Progress (4): 364/379 kB | 263 kB | 85/136 kB | 53 kB
2022.12.20 22:29:05 INFO  Progress (4): 368/379 kB | 263 kB | 85/136 kB | 53 kB
2022.12.20 22:29:05 INFO  Progress (4): 368/379 kB | 263 kB | 90/136 kB | 53 kB
2022.12.20 22:29:05 INFO  Progress (4): 372/379 kB | 263 kB | 90/136 kB | 53 kB
2022.12.20 22:29:05 INFO  Progress (4): 372/379 kB | 263 kB | 94/136 kB | 53 kB
2022.12.20 22:29:05 INFO  Progress (4): 376/379 kB | 263 kB | 94/136 kB | 53 kB
2022.12.20 22:29:05 INFO  Progress (4): 376/379 kB | 263 kB | 98/136 kB | 53 kB
2022.12.20 22:29:05 INFO  Progress (4): 379 kB | 263 kB | 98/136 kB | 53 kB    
2022.12.20 22:29:05 INFO  Progress (4): 379 kB | 263 kB | 102/136 kB | 53 kB
2022.12.20 22:29:05 INFO  Progress (4): 379 kB | 263 kB | 106/136 kB | 53 kB
2022.12.20 22:29:05 INFO  Progress (4): 379 kB | 263 kB | 110/136 kB | 53 kB
2022.12.20 22:29:05 INFO  Progress (4): 379 kB | 263 kB | 114/136 kB | 53 kB
2022.12.20 22:29:05 INFO  Progress (4): 379 kB | 263 kB | 118/136 kB | 53 kB
2022.12.20 22:29:05 INFO  Progress (4): 379 kB | 263 kB | 122/136 kB | 53 kB
2022.12.20 22:29:05 INFO  Progress (4): 379 kB | 263 kB | 126/136 kB | 53 kB
2022.12.20 22:29:05 INFO  Progress (4): 379 kB | 263 kB | 131/136 kB | 53 kB
2022.12.20 22:29:05 INFO  Progress (4): 379 kB | 263 kB | 135/136 kB | 53 kB
2022.12.20 22:29:05 INFO  Progress (4): 379 kB | 263 kB | 136 kB | 53 kB    
2022.12.20 22:29:05 INFO  Progress (5): 379 kB | 263 kB | 136 kB | 53 kB | 4.1/290 kB
2022.12.20 22:29:05 INFO  Progress (5): 379 kB | 263 kB | 136 kB | 53 kB | 8.2/290 kB
2022.12.20 22:29:05 INFO  Progress (5): 379 kB | 263 kB | 136 kB | 53 kB | 12/290 kB 
2022.12.20 22:29:05 INFO  Progress (5): 379 kB | 263 kB | 136 kB | 53 kB | 16/290 kB
2022.12.20 22:29:05 INFO  Progress (5): 379 kB | 263 kB | 136 kB | 53 kB | 20/290 kB
2022.12.20 22:29:05 INFO  Progress (5): 379 kB | 263 kB | 136 kB | 53 kB | 24/290 kB
2022.12.20 22:29:05 INFO  Progress (5): 379 kB | 263 kB | 136 kB | 53 kB | 28/290 kB
2022.12.20 22:29:05 INFO  Progress (5): 379 kB | 263 kB | 136 kB | 53 kB | 32/290 kB
2022.12.20 22:29:05 INFO  Progress (5): 379 kB | 263 kB | 136 kB | 53 kB | 36/290 kB
2022.12.20 22:29:05 INFO  Progress (5): 379 kB | 263 kB | 136 kB | 53 kB | 40/290 kB
2022.12.20 22:29:05 INFO  Progress (5): 379 kB | 263 kB | 136 kB | 53 kB | 45/290 kB
2022.12.20 22:29:05 INFO  Progress (5): 379 kB | 263 kB | 136 kB | 53 kB | 49/290 kB
2022.12.20 22:29:05 INFO  Progress (5): 379 kB | 263 kB | 136 kB | 53 kB | 53/290 kB
2022.12.20 22:29:05 INFO  Progress (5): 379 kB | 263 kB | 136 kB | 53 kB | 57/290 kB
2022.12.20 22:29:05 INFO  Progress (5): 379 kB | 263 kB | 136 kB | 53 kB | 61/290 kB
2022.12.20 22:29:05 INFO  Progress (5): 379 kB | 263 kB | 136 kB | 53 kB | 65/290 kB
2022.12.20 22:29:05 INFO  Progress (5): 379 kB | 263 kB | 136 kB | 53 kB | 69/290 kB
2022.12.20 22:29:05 INFO  Progress (5): 379 kB | 263 kB | 136 kB | 53 kB | 73/290 kB
2022.12.20 22:29:05 INFO  Progress (5): 379 kB | 263 kB | 136 kB | 53 kB | 77/290 kB
2022.12.20 22:29:05 INFO  Progress (5): 379 kB | 263 kB | 136 kB | 53 kB | 81/290 kB
2022.12.20 22:29:05 INFO  Progress (5): 379 kB | 263 kB | 136 kB | 53 kB | 85/290 kB
2022.12.20 22:29:05 INFO  Progress (5): 379 kB | 263 kB | 136 kB | 53 kB | 90/290 kB
2022.12.20 22:29:05 INFO  Progress (5): 379 kB | 263 kB | 136 kB | 53 kB | 94/290 kB
2022.12.20 22:29:05 INFO  Progress (5): 379 kB | 263 kB | 136 kB | 53 kB | 98/290 kB
2022.12.20 22:29:05 INFO  Progress (5): 379 kB | 263 kB | 136 kB | 53 kB | 102/290 kB
2022.12.20 22:29:05 INFO  Progress (5): 379 kB | 263 kB | 136 kB | 53 kB | 106/290 kB
2022.12.20 22:29:05 INFO  Progress (5): 379 kB | 263 kB | 136 kB | 53 kB | 110/290 kB
2022.12.20 22:29:05 INFO  Progress (5): 379 kB | 263 kB | 136 kB | 53 kB | 114/290 kB
2022.12.20 22:29:05 INFO  Progress (5): 379 kB | 263 kB | 136 kB | 53 kB | 118/290 kB
2022.12.20 22:29:05 INFO  Progress (5): 379 kB | 263 kB | 136 kB | 53 kB | 122/290 kB
2022.12.20 22:29:05 INFO  Progress (5): 379 kB | 263 kB | 136 kB | 53 kB | 126/290 kB
2022.12.20 22:29:05 INFO  Progress (5): 379 kB | 263 kB | 136 kB | 53 kB | 131/290 kB
2022.12.20 22:29:05 INFO  Progress (5): 379 kB | 263 kB | 136 kB | 53 kB | 135/290 kB
2022.12.20 22:29:05 INFO  Progress (5): 379 kB | 263 kB | 136 kB | 53 kB | 139/290 kB
2022.12.20 22:29:05 INFO  Progress (5): 379 kB | 263 kB | 136 kB | 53 kB | 143/290 kB
2022.12.20 22:29:05 INFO  Progress (5): 379 kB | 263 kB | 136 kB | 53 kB | 147/290 kB
2022.12.20 22:29:05 INFO  Progress (5): 379 kB | 263 kB | 136 kB | 53 kB | 151/290 kB
2022.12.20 22:29:05 INFO  Progress (5): 379 kB | 263 kB | 136 kB | 53 kB | 155/290 kB
2022.12.20 22:29:05 INFO  Progress (5): 379 kB | 263 kB | 136 kB | 53 kB | 159/290 kB
2022.12.20 22:29:05 INFO  Progress (5): 379 kB | 263 kB | 136 kB | 53 kB | 163/290 kB
2022.12.20 22:29:05 INFO  Progress (5): 379 kB | 263 kB | 136 kB | 53 kB | 167/290 kB
2022.12.20 22:29:05 INFO  Progress (5): 379 kB | 263 kB | 136 kB | 53 kB | 171/290 kB
2022.12.20 22:29:05 INFO  Progress (5): 379 kB | 263 kB | 136 kB | 53 kB | 176/290 kB
2022.12.20 22:29:05 INFO  Progress (5): 379 kB | 263 kB | 136 kB | 53 kB | 180/290 kB
2022.12.20 22:29:05 INFO  Progress (5): 379 kB | 263 kB | 136 kB | 53 kB | 184/290 kB
2022.12.20 22:29:05 INFO  Progress (5): 379 kB | 263 kB | 136 kB | 53 kB | 188/290 kB
2022.12.20 22:29:05 INFO  Progress (5): 379 kB | 263 kB | 136 kB | 53 kB | 192/290 kB
2022.12.20 22:29:05 INFO  Progress (5): 379 kB | 263 kB | 136 kB | 53 kB | 196/290 kB
2022.12.20 22:29:05 INFO  Progress (5): 379 kB | 263 kB | 136 kB | 53 kB | 200/290 kB
2022.12.20 22:29:05 INFO  Progress (5): 379 kB | 263 kB | 136 kB | 53 kB | 204/290 kB
2022.12.20 22:29:05 INFO  Progress (5): 379 kB | 263 kB | 136 kB | 53 kB | 208/290 kB
2022.12.20 22:29:05 INFO  Progress (5): 379 kB | 263 kB | 136 kB | 53 kB | 212/290 kB
2022.12.20 22:29:05 INFO  Progress (5): 379 kB | 263 kB | 136 kB | 53 kB | 217/290 kB
2022.12.20 22:29:05 INFO  Progress (5): 379 kB | 263 kB | 136 kB | 53 kB | 221/290 kB
2022.12.20 22:29:05 INFO  Progress (5): 379 kB | 263 kB | 136 kB | 53 kB | 225/290 kB
2022.12.20 22:29:05 INFO  Progress (5): 379 kB | 263 kB | 136 kB | 53 kB | 229/290 kB
2022.12.20 22:29:05 INFO  Progress (5): 379 kB | 263 kB | 136 kB | 53 kB | 233/290 kB
2022.12.20 22:29:05 INFO  Progress (5): 379 kB | 263 kB | 136 kB | 53 kB | 237/290 kB
2022.12.20 22:29:05 INFO  Progress (5): 379 kB | 263 kB | 136 kB | 53 kB | 241/290 kB
2022.12.20 22:29:05 INFO  Progress (5): 379 kB | 263 kB | 136 kB | 53 kB | 245/290 kB
2022.12.20 22:29:05 INFO                                                             
2022.12.20 22:29:05 INFO  Downloaded from central: https://repo.maven.apache.org/maven2/org/codehaus/plexus/plexus-utils/3.2.0/plexus-utils-3.2.0.jar (263 kB at 165 kB/s)
2022.12.20 22:29:05 INFO  Downloading from central: https://repo.maven.apache.org/maven2/org/apache/maven/maven-model-builder/3.3.9/maven-model-builder-3.3.9.jar
2022.12.20 22:29:05 INFO  Downloaded from central: https://repo.maven.apache.org/maven2/org/codehaus/plexus/plexus-classworlds/2.6.0/plexus-classworlds-2.6.0.jar (53 kB at 33 kB/s)
2022.12.20 22:29:05 INFO  Downloading from central: https://repo.maven.apache.org/maven2/org/apache/maven/maven-builder-support/3.3.9/maven-builder-support-3.3.9.jar
2022.12.20 22:29:05 INFO  Downloaded from central: https://repo.maven.apache.org/maven2/org/eclipse/sisu/org.eclipse.sisu.inject/0.3.3/org.eclipse.sisu.inject-0.3.3.jar (379 kB at 237 kB/s)
2022.12.20 22:29:05 INFO  Downloading from central: https://repo.maven.apache.org/maven2/com/google/guava/guava/18.0/guava-18.0.jar
2022.12.20 22:29:05 INFO  Downloaded from central: https://repo.maven.apache.org/maven2/net/alchim31/maven/scala-maven-plugin/4.5.3/scala-maven-plugin-4.5.3.jar (136 kB at 85 kB/s)
2022.12.20 22:29:05 INFO  Downloading from central: https://repo.maven.apache.org/maven2/org/apache/maven/maven-settings/3.3.9/maven-settings-3.3.9.jar
2022.12.20 22:29:05 INFO  Progress (1): 249/290 kB
2022.12.20 22:29:05 INFO  Progress (1): 253/290 kB
2022.12.20 22:29:05 INFO  Progress (1): 257/290 kB
2022.12.20 22:29:05 INFO  Progress (1): 262/290 kB
2022.12.20 22:29:05 INFO  Progress (1): 266/290 kB
2022.12.20 22:29:05 INFO  Progress (1): 270/290 kB
2022.12.20 22:29:05 INFO  Progress (1): 274/290 kB
2022.12.20 22:29:05 INFO  Progress (1): 278/290 kB
2022.12.20 22:29:05 INFO  Progress (1): 282/290 kB
2022.12.20 22:29:05 INFO  Progress (1): 286/290 kB
2022.12.20 22:29:05 INFO  Progress (1): 290/290 kB
2022.12.20 22:29:05 INFO  Progress (1): 290 kB    
2022.12.20 22:29:05 INFO  Progress (2): 290 kB | 4.1/15 kB
2022.12.20 22:29:05 INFO  Progress (2): 290 kB | 8.2/15 kB
2022.12.20 22:29:05 INFO  Progress (2): 290 kB | 12/15 kB 
2022.12.20 22:29:05 INFO  Progress (2): 290 kB | 15 kB   
2022.12.20 22:29:05 INFO  Progress (3): 290 kB | 15 kB | 4.1/177 kB
2022.12.20 22:29:05 INFO  Progress (3): 290 kB | 15 kB | 8.2/177 kB
2022.12.20 22:29:05 INFO  Progress (3): 290 kB | 15 kB | 12/177 kB 
2022.12.20 22:29:05 INFO  Progress (3): 290 kB | 15 kB | 16/177 kB
2022.12.20 22:29:05 INFO  Progress (4): 290 kB | 15 kB | 16/177 kB | 4.1/44 kB
2022.12.20 22:29:05 INFO  Progress (4): 290 kB | 15 kB | 16/177 kB | 8.2/44 kB
2022.12.20 22:29:05 INFO  Progress (4): 290 kB | 15 kB | 16/177 kB | 12/44 kB 
2022.12.20 22:29:05 INFO  Progress (4): 290 kB | 15 kB | 16/177 kB | 16/44 kB
2022.12.20 22:29:05 INFO  Progress (4): 290 kB | 15 kB | 20/177 kB | 16/44 kB
2022.12.20 22:29:05 INFO  Progress (4): 290 kB | 15 kB | 20/177 kB | 20/44 kB
2022.12.20 22:29:05 INFO  Progress (4): 290 kB | 15 kB | 24/177 kB | 20/44 kB
2022.12.20 22:29:05 INFO  Progress (4): 290 kB | 15 kB | 28/177 kB | 20/44 kB
2022.12.20 22:29:05 INFO  Progress (4): 290 kB | 15 kB | 32/177 kB | 20/44 kB
2022.12.20 22:29:05 INFO  Progress (4): 290 kB | 15 kB | 32/177 kB | 25/44 kB
2022.12.20 22:29:05 INFO  Progress (4): 290 kB | 15 kB | 32/177 kB | 29/44 kB
2022.12.20 22:29:05 INFO  Progress (4): 290 kB | 15 kB | 32/177 kB | 33/44 kB
2022.12.20 22:29:05 INFO  Progress (4): 290 kB | 15 kB | 32/177 kB | 37/44 kB
2022.12.20 22:29:05 INFO  Progress (4): 290 kB | 15 kB | 32/177 kB | 41/44 kB
2022.12.20 22:29:05 INFO  Progress (4): 290 kB | 15 kB | 32/177 kB | 44 kB   
2022.12.20 22:29:05 INFO  Progress (5): 290 kB | 15 kB | 32/177 kB | 44 kB | 0/2.3 MB
2022.12.20 22:29:05 INFO  Progress (5): 290 kB | 15 kB | 32/177 kB | 44 kB | 0/2.3 MB
2022.12.20 22:29:05 INFO  Progress (5): 290 kB | 15 kB | 32/177 kB | 44 kB | 0/2.3 MB
2022.12.20 22:29:05 INFO  Progress (5): 290 kB | 15 kB | 36/177 kB | 44 kB | 0/2.3 MB
2022.12.20 22:29:05 INFO  Progress (5): 290 kB | 15 kB | 40/177 kB | 44 kB | 0/2.3 MB
2022.12.20 22:29:05 INFO  Progress (5): 290 kB | 15 kB | 45/177 kB | 44 kB | 0/2.3 MB
2022.12.20 22:29:05 INFO  Progress (5): 290 kB | 15 kB | 49/177 kB | 44 kB | 0/2.3 MB
2022.12.20 22:29:05 INFO  Progress (5): 290 kB | 15 kB | 49/177 kB | 44 kB | 0.1/2.3 MB
2022.12.20 22:29:05 INFO  Progress (5): 290 kB | 15 kB | 49/177 kB | 44 kB | 0.1/2.3 MB
2022.12.20 22:29:05 INFO                                                               
2022.12.20 22:29:05 INFO  Downloaded from central: https://repo.maven.apache.org/maven2/org/apache/maven/maven-compat/3.3.9/maven-compat-3.3.9.jar (290 kB at 164 kB/s)
2022.12.20 22:29:05 INFO  Downloading from central: https://repo.maven.apache.org/maven2/org/codehaus/plexus/plexus-interpolation/1.21/plexus-interpolation-1.21.jar
2022.12.20 22:29:05 INFO  Progress (4): 15 kB | 49/177 kB | 44 kB | 0.1/2.3 MB
2022.12.20 22:29:05 INFO  Progress (4): 15 kB | 53/177 kB | 44 kB | 0.1/2.3 MB
2022.12.20 22:29:05 INFO  Progress (4): 15 kB | 53/177 kB | 44 kB | 0.1/2.3 MB
2022.12.20 22:29:05 INFO  Progress (4): 15 kB | 57/177 kB | 44 kB | 0.1/2.3 MB
2022.12.20 22:29:05 INFO  Progress (4): 15 kB | 61/177 kB | 44 kB | 0.1/2.3 MB
2022.12.20 22:29:05 INFO  Progress (4): 15 kB | 65/177 kB | 44 kB | 0.1/2.3 MB
2022.12.20 22:29:05 INFO  Progress (4): 15 kB | 65/177 kB | 44 kB | 0.1/2.3 MB
2022.12.20 22:29:05 INFO  Progress (4): 15 kB | 65/177 kB | 44 kB | 0.1/2.3 MB
2022.12.20 22:29:05 INFO  Progress (4): 15 kB | 65/177 kB | 44 kB | 0.2/2.3 MB
2022.12.20 22:29:05 INFO  Progress (4): 15 kB | 69/177 kB | 44 kB | 0.2/2.3 MB
2022.12.20 22:29:05 INFO  Progress (4): 15 kB | 69/177 kB | 44 kB | 0.2/2.3 MB
2022.12.20 22:29:05 INFO  Progress (4): 15 kB | 73/177 kB | 44 kB | 0.2/2.3 MB
2022.12.20 22:29:05 INFO  Progress (4): 15 kB | 77/177 kB | 44 kB | 0.2/2.3 MB
2022.12.20 22:29:05 INFO  Progress (4): 15 kB | 81/177 kB | 44 kB | 0.2/2.3 MB
2022.12.20 22:29:05 INFO  Progress (4): 15 kB | 81/177 kB | 44 kB | 0.2/2.3 MB
2022.12.20 22:29:05 INFO  Progress (4): 15 kB | 81/177 kB | 44 kB | 0.2/2.3 MB
2022.12.20 22:29:05 INFO  Progress (4): 15 kB | 81/177 kB | 44 kB | 0.2/2.3 MB
2022.12.20 22:29:05 INFO  Progress (4): 15 kB | 85/177 kB | 44 kB | 0.2/2.3 MB
2022.12.20 22:29:05 INFO  Progress (4): 15 kB | 85/177 kB | 44 kB | 0.2/2.3 MB
2022.12.20 22:29:05 INFO  Progress (4): 15 kB | 90/177 kB | 44 kB | 0.2/2.3 MB
2022.12.20 22:29:05 INFO  Progress (4): 15 kB | 94/177 kB | 44 kB | 0.2/2.3 MB
2022.12.20 22:29:05 INFO  Progress (4): 15 kB | 98/177 kB | 44 kB | 0.2/2.3 MB
2022.12.20 22:29:05 INFO  Progress (4): 15 kB | 98/177 kB | 44 kB | 0.3/2.3 MB
2022.12.20 22:29:05 INFO  Progress (4): 15 kB | 98/177 kB | 44 kB | 0.3/2.3 MB
2022.12.20 22:29:05 INFO  Progress (4): 15 kB | 98/177 kB | 44 kB | 0.3/2.3 MB
2022.12.20 22:29:05 INFO  Progress (4): 15 kB | 102/177 kB | 44 kB | 0.3/2.3 MB
2022.12.20 22:29:05 INFO  Progress (4): 15 kB | 102/177 kB | 44 kB | 0.3/2.3 MB
2022.12.20 22:29:05 INFO  Progress (4): 15 kB | 102/177 kB | 44 kB | 0.3/2.3 MB
2022.12.20 22:29:05 INFO  Progress (4): 15 kB | 106/177 kB | 44 kB | 0.3/2.3 MB
2022.12.20 22:29:05 INFO  Progress (4): 15 kB | 110/177 kB | 44 kB | 0.3/2.3 MB
2022.12.20 22:29:05 INFO  Progress (4): 15 kB | 114/177 kB | 44 kB | 0.3/2.3 MB
2022.12.20 22:29:05 INFO  Progress (4): 15 kB | 114/177 kB | 44 kB | 0.3/2.3 MB
2022.12.20 22:29:05 INFO  Progress (4): 15 kB | 114/177 kB | 44 kB | 0.4/2.3 MB
2022.12.20 22:29:05 INFO  Progress (4): 15 kB | 114/177 kB | 44 kB | 0.4/2.3 MB
2022.12.20 22:29:05 INFO  Progress (4): 15 kB | 114/177 kB | 44 kB | 0.4/2.3 MB
2022.12.20 22:29:05 INFO  Progress (4): 15 kB | 114/177 kB | 44 kB | 0.4/2.3 MB
2022.12.20 22:29:05 INFO  Progress (4): 15 kB | 114/177 kB | 44 kB | 0.4/2.3 MB
2022.12.20 22:29:05 INFO  Progress (4): 15 kB | 114/177 kB | 44 kB | 0.4/2.3 MB
2022.12.20 22:29:05 INFO  Progress (4): 15 kB | 114/177 kB | 44 kB | 0.5/2.3 MB
2022.12.20 22:29:05 INFO  Progress (4): 15 kB | 114/177 kB | 44 kB | 0.5/2.3 MB
2022.12.20 22:29:05 INFO  Progress (4): 15 kB | 114/177 kB | 44 kB | 0.5/2.3 MB
2022.12.20 22:29:05 INFO  Progress (4): 15 kB | 114/177 kB | 44 kB | 0.5/2.3 MB
2022.12.20 22:29:05 INFO  Progress (4): 15 kB | 118/177 kB | 44 kB | 0.5/2.3 MB
2022.12.20 22:29:05 INFO  Progress (4): 15 kB | 122/177 kB | 44 kB | 0.5/2.3 MB
2022.12.20 22:29:05 INFO  Progress (4): 15 kB | 126/177 kB | 44 kB | 0.5/2.3 MB
2022.12.20 22:29:05 INFO  Progress (4): 15 kB | 131/177 kB | 44 kB | 0.5/2.3 MB
2022.12.20 22:29:05 INFO                                                       
2022.12.20 22:29:05 INFO  Downloaded from central: https://repo.maven.apache.org/maven2/org/apache/maven/maven-builder-support/3.3.9/maven-builder-support-3.3.9.jar (15 kB at 7.9 kB/s)
2022.12.20 22:29:05 INFO  Downloading from central: https://repo.maven.apache.org/maven2/org/apache/maven/wagon/wagon-provider-api/2.10/wagon-provider-api-2.10.jar
2022.12.20 22:29:05 INFO  Progress (3): 135/177 kB | 44 kB | 0.5/2.3 MB
2022.12.20 22:29:05 INFO  Progress (3): 139/177 kB | 44 kB | 0.5/2.3 MB
2022.12.20 22:29:05 INFO  Progress (3): 143/177 kB | 44 kB | 0.5/2.3 MB
2022.12.20 22:29:05 INFO  Progress (3): 147/177 kB | 44 kB | 0.5/2.3 MB
2022.12.20 22:29:05 INFO  Progress (3): 151/177 kB | 44 kB | 0.5/2.3 MB
2022.12.20 22:29:05 INFO  Progress (3): 155/177 kB | 44 kB | 0.5/2.3 MB
2022.12.20 22:29:05 INFO  Progress (3): 159/177 kB | 44 kB | 0.5/2.3 MB
2022.12.20 22:29:05 INFO  Progress (3): 163/177 kB | 44 kB | 0.5/2.3 MB
2022.12.20 22:29:05 INFO  Progress (3): 163/177 kB | 44 kB | 0.5/2.3 MB
2022.12.20 22:29:05 INFO  Progress (3): 163/177 kB | 44 kB | 0.5/2.3 MB
2022.12.20 22:29:05 INFO  Progress (3): 163/177 kB | 44 kB | 0.6/2.3 MB
2022.12.20 22:29:05 INFO  Progress (3): 167/177 kB | 44 kB | 0.6/2.3 MB
2022.12.20 22:29:05 INFO  Progress (3): 167/177 kB | 44 kB | 0.6/2.3 MB
2022.12.20 22:29:05 INFO  Progress (3): 171/177 kB | 44 kB | 0.6/2.3 MB
2022.12.20 22:29:05 INFO  Progress (3): 176/177 kB | 44 kB | 0.6/2.3 MB
2022.12.20 22:29:05 INFO  Progress (3): 177 kB | 44 kB | 0.6/2.3 MB    
2022.12.20 22:29:05 INFO                                           
2022.12.20 22:29:05 INFO  Downloaded from central: https://repo.maven.apache.org/maven2/org/apache/maven/maven-settings/3.3.9/maven-settings-3.3.9.jar (44 kB at 23 kB/s)
2022.12.20 22:29:05 INFO  Downloading from central: https://repo.maven.apache.org/maven2/org/apache/maven/reporting/maven-reporting-api/3.0/maven-reporting-api-3.0.jar
2022.12.20 22:29:05 INFO  Progress (2): 177 kB | 0.6/2.3 MB
2022.12.20 22:29:05 INFO  Progress (2): 177 kB | 0.6/2.3 MB
2022.12.20 22:29:05 INFO  Progress (2): 177 kB | 0.6/2.3 MB
2022.12.20 22:29:05 INFO  Progress (2): 177 kB | 0.6/2.3 MB
2022.12.20 22:29:05 INFO  Progress (2): 177 kB | 0.7/2.3 MB
2022.12.20 22:29:05 INFO  Progress (3): 177 kB | 0.7/2.3 MB | 4.1/62 kB
2022.12.20 22:29:05 INFO  Progress (3): 177 kB | 0.7/2.3 MB | 8.2/62 kB
2022.12.20 22:29:05 INFO  Progress (3): 177 kB | 0.7/2.3 MB | 12/62 kB 
2022.12.20 22:29:05 INFO  Progress (3): 177 kB | 0.7/2.3 MB | 16/62 kB
2022.12.20 22:29:05 INFO  Progress (3): 177 kB | 0.7/2.3 MB | 20/62 kB
2022.12.20 22:29:05 INFO  Progress (3): 177 kB | 0.7/2.3 MB | 25/62 kB
2022.12.20 22:29:05 INFO  Progress (3): 177 kB | 0.7/2.3 MB | 29/62 kB
2022.12.20 22:29:05 INFO  Progress (3): 177 kB | 0.7/2.3 MB | 33/62 kB
2022.12.20 22:29:05 INFO  Progress (3): 177 kB | 0.7/2.3 MB | 37/62 kB
2022.12.20 22:29:05 INFO  Progress (3): 177 kB | 0.7/2.3 MB | 41/62 kB
2022.12.20 22:29:05 INFO  Progress (3): 177 kB | 0.7/2.3 MB | 45/62 kB
2022.12.20 22:29:05 INFO  Progress (3): 177 kB | 0.7/2.3 MB | 49/62 kB
2022.12.20 22:29:05 INFO  Progress (3): 177 kB | 0.7/2.3 MB | 53/62 kB
2022.12.20 22:29:05 INFO  Progress (3): 177 kB | 0.7/2.3 MB | 53/62 kB
2022.12.20 22:29:05 INFO  Progress (3): 177 kB | 0.7/2.3 MB | 57/62 kB
2022.12.20 22:29:05 INFO  Progress (3): 177 kB | 0.7/2.3 MB | 61/62 kB
2022.12.20 22:29:05 INFO  Progress (3): 177 kB | 0.7/2.3 MB | 62 kB   
2022.12.20 22:29:05 INFO  Progress (3): 177 kB | 0.7/2.3 MB | 62 kB
2022.12.20 22:29:05 INFO  Progress (3): 177 kB | 0.7/2.3 MB | 62 kB
2022.12.20 22:29:05 INFO  Progress (3): 177 kB | 0.7/2.3 MB | 62 kB
2022.12.20 22:29:05 INFO  Progress (3): 177 kB | 0.7/2.3 MB | 62 kB
2022.12.20 22:29:05 INFO  Progress (3): 177 kB | 0.8/2.3 MB | 62 kB
2022.12.20 22:29:05 INFO  Progress (3): 177 kB | 0.8/2.3 MB | 62 kB
2022.12.20 22:29:05 INFO  Progress (3): 177 kB | 0.8/2.3 MB | 62 kB
2022.12.20 22:29:05 INFO  Progress (3): 177 kB | 0.8/2.3 MB | 62 kB
2022.12.20 22:29:05 INFO  Progress (3): 177 kB | 0.8/2.3 MB | 62 kB
2022.12.20 22:29:05 INFO  Progress (3): 177 kB | 0.8/2.3 MB | 62 kB
2022.12.20 22:29:05 INFO  Progress (3): 177 kB | 0.9/2.3 MB | 62 kB
2022.12.20 22:29:05 INFO  Progress (3): 177 kB | 0.9/2.3 MB | 62 kB
2022.12.20 22:29:05 INFO  Progress (3): 177 kB | 0.9/2.3 MB | 62 kB
2022.12.20 22:29:05 INFO  Progress (3): 177 kB | 0.9/2.3 MB | 62 kB
2022.12.20 22:29:05 INFO  Progress (3): 177 kB | 0.9/2.3 MB | 62 kB
2022.12.20 22:29:05 INFO  Progress (3): 177 kB | 0.9/2.3 MB | 62 kB
2022.12.20 22:29:05 INFO  Progress (3): 177 kB | 0.9/2.3 MB | 62 kB
2022.12.20 22:29:05 INFO  Progress (3): 177 kB | 1.0/2.3 MB | 62 kB
2022.12.20 22:29:05 INFO  Progress (3): 177 kB | 1.0/2.3 MB | 62 kB
2022.12.20 22:29:05 INFO  Progress (3): 177 kB | 1.0/2.3 MB | 62 kB
2022.12.20 22:29:05 INFO  Progress (3): 177 kB | 1.0/2.3 MB | 62 kB
2022.12.20 22:29:05 INFO  Progress (3): 177 kB | 1.0/2.3 MB | 62 kB
2022.12.20 22:29:05 INFO  Progress (3): 177 kB | 1.0/2.3 MB | 62 kB
2022.12.20 22:29:05 INFO  Progress (3): 177 kB | 1.1/2.3 MB | 62 kB
2022.12.20 22:29:05 INFO  Progress (3): 177 kB | 1.1/2.3 MB | 62 kB
2022.12.20 22:29:05 INFO  Progress (3): 177 kB | 1.1/2.3 MB | 62 kB
2022.12.20 22:29:05 INFO  Progress (3): 177 kB | 1.1/2.3 MB | 62 kB
2022.12.20 22:29:05 INFO  Progress (3): 177 kB | 1.1/2.3 MB | 62 kB
2022.12.20 22:29:05 INFO  Progress (3): 177 kB | 1.1/2.3 MB | 62 kB
2022.12.20 22:29:05 INFO  Progress (3): 177 kB | 1.2/2.3 MB | 62 kB
2022.12.20 22:29:05 INFO  Progress (3): 177 kB | 1.2/2.3 MB | 62 kB
2022.12.20 22:29:05 INFO  Progress (3): 177 kB | 1.2/2.3 MB | 62 kB
2022.12.20 22:29:05 INFO  Progress (3): 177 kB | 1.2/2.3 MB | 62 kB
2022.12.20 22:29:05 INFO  Progress (3): 177 kB | 1.2/2.3 MB | 62 kB
2022.12.20 22:29:05 INFO  Progress (3): 177 kB | 1.2/2.3 MB | 62 kB
2022.12.20 22:29:05 INFO  Progress (3): 177 kB | 1.3/2.3 MB | 62 kB
2022.12.20 22:29:05 INFO  Progress (3): 177 kB | 1.3/2.3 MB | 62 kB
2022.12.20 22:29:05 INFO  Progress (3): 177 kB | 1.3/2.3 MB | 62 kB
2022.12.20 22:29:05 INFO  Progress (3): 177 kB | 1.3/2.3 MB | 62 kB
2022.12.20 22:29:05 INFO  Progress (3): 177 kB | 1.3/2.3 MB | 62 kB
2022.12.20 22:29:05 INFO  Progress (3): 177 kB | 1.3/2.3 MB | 62 kB
2022.12.20 22:29:05 INFO  Progress (3): 177 kB | 1.4/2.3 MB | 62 kB
2022.12.20 22:29:05 INFO  Progress (3): 177 kB | 1.4/2.3 MB | 62 kB
2022.12.20 22:29:05 INFO  Progress (3): 177 kB | 1.4/2.3 MB | 62 kB
2022.12.20 22:29:05 INFO  Progress (3): 177 kB | 1.4/2.3 MB | 62 kB
2022.12.20 22:29:05 INFO  Progress (3): 177 kB | 1.4/2.3 MB | 62 kB
2022.12.20 22:29:05 INFO  Progress (3): 177 kB | 1.4/2.3 MB | 62 kB
2022.12.20 22:29:05 INFO  Progress (3): 177 kB | 1.5/2.3 MB | 62 kB
2022.12.20 22:29:05 INFO  Progress (3): 177 kB | 1.5/2.3 MB | 62 kB
2022.12.20 22:29:05 INFO  Progress (3): 177 kB | 1.5/2.3 MB | 62 kB
2022.12.20 22:29:05 INFO  Progress (3): 177 kB | 1.5/2.3 MB | 62 kB
2022.12.20 22:29:05 INFO  Progress (3): 177 kB | 1.5/2.3 MB | 62 kB
2022.12.20 22:29:05 INFO  Progress (3): 177 kB | 1.5/2.3 MB | 62 kB
2022.12.20 22:29:05 INFO  Progress (4): 177 kB | 1.5/2.3 MB | 62 kB | 4.1/54 kB
2022.12.20 22:29:05 INFO  Progress (4): 177 kB | 1.5/2.3 MB | 62 kB | 8.2/54 kB
2022.12.20 22:29:05 INFO  Progress (4): 177 kB | 1.5/2.3 MB | 62 kB | 12/54 kB 
2022.12.20 22:29:05 INFO  Progress (4): 177 kB | 1.5/2.3 MB | 62 kB | 16/54 kB
2022.12.20 22:29:05 INFO  Progress (4): 177 kB | 1.5/2.3 MB | 62 kB | 20/54 kB
2022.12.20 22:29:05 INFO  Progress (4): 177 kB | 1.5/2.3 MB | 62 kB | 25/54 kB
2022.12.20 22:29:05 INFO  Progress (4): 177 kB | 1.5/2.3 MB | 62 kB | 29/54 kB
2022.12.20 22:29:05 INFO  Progress (4): 177 kB | 1.5/2.3 MB | 62 kB | 33/54 kB
2022.12.20 22:29:05 INFO  Progress (4): 177 kB | 1.5/2.3 MB | 62 kB | 37/54 kB
2022.12.20 22:29:05 INFO  Progress (4): 177 kB | 1.5/2.3 MB | 62 kB | 41/54 kB
2022.12.20 22:29:05 INFO  Progress (4): 177 kB | 1.5/2.3 MB | 62 kB | 45/54 kB
2022.12.20 22:29:05 INFO  Progress (4): 177 kB | 1.5/2.3 MB | 62 kB | 49/54 kB
2022.12.20 22:29:05 INFO  Progress (4): 177 kB | 1.5/2.3 MB | 62 kB | 53/54 kB
2022.12.20 22:29:05 INFO  Progress (4): 177 kB | 1.5/2.3 MB | 62 kB | 54 kB   
2022.12.20 22:29:05 INFO  Progress (4): 177 kB | 1.6/2.3 MB | 62 kB | 54 kB
2022.12.20 22:29:05 INFO  Progress (4): 177 kB | 1.6/2.3 MB | 62 kB | 54 kB
2022.12.20 22:29:05 INFO  Progress (4): 177 kB | 1.6/2.3 MB | 62 kB | 54 kB
2022.12.20 22:29:05 INFO  Progress (4): 177 kB | 1.6/2.3 MB | 62 kB | 54 kB
2022.12.20 22:29:05 INFO  Progress (4): 177 kB | 1.6/2.3 MB | 62 kB | 54 kB
2022.12.20 22:29:05 INFO  Progress (4): 177 kB | 1.6/2.3 MB | 62 kB | 54 kB
2022.12.20 22:29:05 INFO                                                   
2022.12.20 22:29:05 INFO  Downloaded from central: https://repo.maven.apache.org/maven2/org/apache/maven/maven-model-builder/3.3.9/maven-model-builder-3.3.9.jar (177 kB at 86 kB/s)
2022.12.20 22:29:05 INFO  Downloading from central: https://repo.maven.apache.org/maven2/org/apache/maven/maven-core/3.3.9/maven-core-3.3.9.jar
2022.12.20 22:29:05 INFO  Progress (3): 1.7/2.3 MB | 62 kB | 54 kB
2022.12.20 22:29:05 INFO  Progress (3): 1.7/2.3 MB | 62 kB | 54 kB
2022.12.20 22:29:05 INFO  Progress (3): 1.7/2.3 MB | 62 kB | 54 kB
2022.12.20 22:29:05 INFO  Progress (3): 1.7/2.3 MB | 62 kB | 54 kB
2022.12.20 22:29:05 INFO  Progress (3): 1.7/2.3 MB | 62 kB | 54 kB
2022.12.20 22:29:05 INFO                                          
2022.12.20 22:29:05 INFO  Downloaded from central: https://repo.maven.apache.org/maven2/org/codehaus/plexus/plexus-interpolation/1.21/plexus-interpolation-1.21.jar (62 kB at 30 kB/s)
2022.12.20 22:29:05 INFO  Downloading from central: https://repo.maven.apache.org/maven2/org/apache/maven/maven-settings-builder/3.3.9/maven-settings-builder-3.3.9.jar
2022.12.20 22:29:05 INFO  Progress (3): 1.7/2.3 MB | 54 kB | 4.1/11 kB
2022.12.20 22:29:05 INFO  Progress (3): 1.7/2.3 MB | 54 kB | 8.2/11 kB
2022.12.20 22:29:05 INFO  Progress (3): 1.7/2.3 MB | 54 kB | 11 kB    
2022.12.20 22:29:05 INFO  Progress (3): 1.7/2.3 MB | 54 kB | 11 kB
2022.12.20 22:29:05 INFO  Progress (3): 1.8/2.3 MB | 54 kB | 11 kB
2022.12.20 22:29:05 INFO  Progress (3): 1.8/2.3 MB | 54 kB | 11 kB
2022.12.20 22:29:05 INFO  Progress (3): 1.8/2.3 MB | 54 kB | 11 kB
2022.12.20 22:29:05 INFO  Progress (3): 1.8/2.3 MB | 54 kB | 11 kB
2022.12.20 22:29:05 INFO  Progress (3): 1.8/2.3 MB | 54 kB | 11 kB
2022.12.20 22:29:05 INFO  Progress (3): 1.8/2.3 MB | 54 kB | 11 kB
2022.12.20 22:29:05 INFO  Progress (3): 1.9/2.3 MB | 54 kB | 11 kB
2022.12.20 22:29:05 INFO  Progress (3): 1.9/2.3 MB | 54 kB | 11 kB
2022.12.20 22:29:05 INFO  Progress (3): 1.9/2.3 MB | 54 kB | 11 kB
2022.12.20 22:29:05 INFO  Progress (3): 1.9/2.3 MB | 54 kB | 11 kB
2022.12.20 22:29:05 INFO  Progress (3): 1.9/2.3 MB | 54 kB | 11 kB
2022.12.20 22:29:05 INFO  Progress (3): 1.9/2.3 MB | 54 kB | 11 kB
2022.12.20 22:29:05 INFO  Progress (3): 2.0/2.3 MB | 54 kB | 11 kB
2022.12.20 22:29:05 INFO  Progress (3): 2.0/2.3 MB | 54 kB | 11 kB
2022.12.20 22:29:05 INFO  Progress (3): 2.0/2.3 MB | 54 kB | 11 kB
2022.12.20 22:29:05 INFO  Progress (3): 2.0/2.3 MB | 54 kB | 11 kB
2022.12.20 22:29:05 INFO  Progress (3): 2.0/2.3 MB | 54 kB | 11 kB
2022.12.20 22:29:05 INFO  Progress (3): 2.0/2.3 MB | 54 kB | 11 kB
2022.12.20 22:29:05 INFO  Progress (3): 2.0/2.3 MB | 54 kB | 11 kB
2022.12.20 22:29:05 INFO  Progress (3): 2.1/2.3 MB | 54 kB | 11 kB
2022.12.20 22:29:05 INFO  Progress (3): 2.1/2.3 MB | 54 kB | 11 kB
2022.12.20 22:29:05 INFO  Progress (3): 2.1/2.3 MB | 54 kB | 11 kB
2022.12.20 22:29:05 INFO  Progress (3): 2.1/2.3 MB | 54 kB | 11 kB
2022.12.20 22:29:05 INFO  Progress (3): 2.1/2.3 MB | 54 kB | 11 kB
2022.12.20 22:29:05 INFO  Progress (3): 2.1/2.3 MB | 54 kB | 11 kB
2022.12.20 22:29:05 INFO  Progress (3): 2.2/2.3 MB | 54 kB | 11 kB
2022.12.20 22:29:05 INFO  Progress (3): 2.2/2.3 MB | 54 kB | 11 kB
2022.12.20 22:29:05 INFO  Progress (3): 2.2/2.3 MB | 54 kB | 11 kB
2022.12.20 22:29:05 INFO  Progress (3): 2.2/2.3 MB | 54 kB | 11 kB
2022.12.20 22:29:05 INFO  Progress (3): 2.2/2.3 MB | 54 kB | 11 kB
2022.12.20 22:29:05 INFO  Progress (3): 2.2/2.3 MB | 54 kB | 11 kB
2022.12.20 22:29:05 INFO  Progress (3): 2.3 MB | 54 kB | 11 kB    
2022.12.20 22:29:05 INFO                                      
2022.12.20 22:29:05 INFO  Downloaded from central: https://repo.maven.apache.org/maven2/org/apache/maven/wagon/wagon-provider-api/2.10/wagon-provider-api-2.10.jar (54 kB at 25 kB/s)
2022.12.20 22:29:05 INFO  Downloading from central: https://repo.maven.apache.org/maven2/org/apache/maven/maven-repository-metadata/3.3.9/maven-repository-metadata-3.3.9.jar
2022.12.20 22:29:05 INFO  Progress (3): 2.3 MB | 11 kB | 4.1/638 kB
2022.12.20 22:29:05 INFO  Progress (3): 2.3 MB | 11 kB | 8.2/638 kB
2022.12.20 22:29:05 INFO  Progress (3): 2.3 MB | 11 kB | 12/638 kB 
2022.12.20 22:29:05 INFO  Progress (3): 2.3 MB | 11 kB | 16/638 kB
2022.12.20 22:29:05 INFO  Progress (4): 2.3 MB | 11 kB | 16/638 kB | 4.1/43 kB
2022.12.20 22:29:05 INFO  Progress (4): 2.3 MB | 11 kB | 20/638 kB | 4.1/43 kB
2022.12.20 22:29:05 INFO  Progress (4): 2.3 MB | 11 kB | 20/638 kB | 8.2/43 kB
2022.12.20 22:29:05 INFO  Progress (4): 2.3 MB | 11 kB | 20/638 kB | 12/43 kB 
2022.12.20 22:29:05 INFO  Progress (4): 2.3 MB | 11 kB | 20/638 kB | 16/43 kB
2022.12.20 22:29:05 INFO  Progress (4): 2.3 MB | 11 kB | 20/638 kB | 20/43 kB
2022.12.20 22:29:05 INFO  Progress (4): 2.3 MB | 11 kB | 20/638 kB | 24/43 kB
2022.12.20 22:29:05 INFO  Progress (4): 2.3 MB | 11 kB | 25/638 kB | 24/43 kB
2022.12.20 22:29:05 INFO  Progress (4): 2.3 MB | 11 kB | 25/638 kB | 28/43 kB
2022.12.20 22:29:05 INFO  Progress (4): 2.3 MB | 11 kB | 29/638 kB | 28/43 kB
2022.12.20 22:29:05 INFO  Progress (4): 2.3 MB | 11 kB | 33/638 kB | 28/43 kB
2022.12.20 22:29:05 INFO  Progress (4): 2.3 MB | 11 kB | 33/638 kB | 32/43 kB
2022.12.20 22:29:05 INFO  Progress (4): 2.3 MB | 11 kB | 33/638 kB | 36/43 kB
2022.12.20 22:29:05 INFO  Progress (4): 2.3 MB | 11 kB | 33/638 kB | 40/43 kB
2022.12.20 22:29:05 INFO  Progress (4): 2.3 MB | 11 kB | 33/638 kB | 43 kB   
2022.12.20 22:29:05 INFO  Progress (4): 2.3 MB | 11 kB | 37/638 kB | 43 kB
2022.12.20 22:29:05 INFO  Progress (4): 2.3 MB | 11 kB | 41/638 kB | 43 kB
2022.12.20 22:29:05 INFO  Progress (4): 2.3 MB | 11 kB | 45/638 kB | 43 kB
2022.12.20 22:29:05 INFO  Progress (4): 2.3 MB | 11 kB | 49/638 kB | 43 kB
2022.12.20 22:29:05 INFO  Progress (4): 2.3 MB | 11 kB | 53/638 kB | 43 kB
2022.12.20 22:29:05 INFO  Progress (4): 2.3 MB | 11 kB | 57/638 kB | 43 kB
2022.12.20 22:29:05 INFO  Progress (4): 2.3 MB | 11 kB | 61/638 kB | 43 kB
2022.12.20 22:29:05 INFO  Progress (4): 2.3 MB | 11 kB | 66/638 kB | 43 kB
2022.12.20 22:29:05 INFO                                                  
2022.12.20 22:29:05 INFO  Downloaded from central: https://repo.maven.apache.org/maven2/org/apache/maven/reporting/maven-reporting-api/3.0/maven-reporting-api-3.0.jar (11 kB at 4.9 kB/s)
2022.12.20 22:29:05 INFO  Downloading from central: https://repo.maven.apache.org/maven2/org/apache/maven/maven-aether-provider/3.3.9/maven-aether-provider-3.3.9.jar
2022.12.20 22:29:05 INFO  Progress (3): 2.3 MB | 70/638 kB | 43 kB
2022.12.20 22:29:05 INFO  Progress (3): 2.3 MB | 74/638 kB | 43 kB
2022.12.20 22:29:05 INFO  Progress (3): 2.3 MB | 78/638 kB | 43 kB
2022.12.20 22:29:05 INFO  Progress (3): 2.3 MB | 82/638 kB | 43 kB
2022.12.20 22:29:05 INFO  Progress (3): 2.3 MB | 86/638 kB | 43 kB
2022.12.20 22:29:05 INFO  Progress (3): 2.3 MB | 90/638 kB | 43 kB
2022.12.20 22:29:05 INFO  Progress (3): 2.3 MB | 94/638 kB | 43 kB
2022.12.20 22:29:05 INFO  Progress (3): 2.3 MB | 98/638 kB | 43 kB
2022.12.20 22:29:05 INFO  Progress (3): 2.3 MB | 102/638 kB | 43 kB
2022.12.20 22:29:05 INFO  Progress (3): 2.3 MB | 106/638 kB | 43 kB
2022.12.20 22:29:05 INFO  Progress (3): 2.3 MB | 111/638 kB | 43 kB
2022.12.20 22:29:05 INFO  Progress (3): 2.3 MB | 115/638 kB | 43 kB
2022.12.20 22:29:05 INFO  Progress (3): 2.3 MB | 119/638 kB | 43 kB
2022.12.20 22:29:05 INFO  Progress (3): 2.3 MB | 123/638 kB | 43 kB
2022.12.20 22:29:05 INFO  Progress (3): 2.3 MB | 127/638 kB | 43 kB
2022.12.20 22:29:05 INFO  Progress (3): 2.3 MB | 131/638 kB | 43 kB
2022.12.20 22:29:05 INFO  Progress (3): 2.3 MB | 135/638 kB | 43 kB
2022.12.20 22:29:05 INFO  Progress (3): 2.3 MB | 139/638 kB | 43 kB
2022.12.20 22:29:05 INFO  Progress (3): 2.3 MB | 143/638 kB | 43 kB
2022.12.20 22:29:05 INFO  Progress (3): 2.3 MB | 147/638 kB | 43 kB
2022.12.20 22:29:05 INFO  Progress (3): 2.3 MB | 152/638 kB | 43 kB
2022.12.20 22:29:05 INFO  Progress (3): 2.3 MB | 156/638 kB | 43 kB
2022.12.20 22:29:05 INFO  Progress (3): 2.3 MB | 160/638 kB | 43 kB
2022.12.20 22:29:05 INFO  Progress (3): 2.3 MB | 164/638 kB | 43 kB
2022.12.20 22:29:05 INFO  Progress (3): 2.3 MB | 168/638 kB | 43 kB
2022.12.20 22:29:05 INFO  Progress (3): 2.3 MB | 172/638 kB | 43 kB
2022.12.20 22:29:05 INFO  Progress (3): 2.3 MB | 176/638 kB | 43 kB
2022.12.20 22:29:05 INFO  Progress (3): 2.3 MB | 180/638 kB | 43 kB
2022.12.20 22:29:05 INFO  Progress (3): 2.3 MB | 184/638 kB | 43 kB
2022.12.20 22:29:05 INFO  Progress (3): 2.3 MB | 188/638 kB | 43 kB
2022.12.20 22:29:05 INFO  Progress (3): 2.3 MB | 193/638 kB | 43 kB
2022.12.20 22:29:05 INFO  Progress (3): 2.3 MB | 197/638 kB | 43 kB
2022.12.20 22:29:05 INFO  Progress (3): 2.3 MB | 201/638 kB | 43 kB
2022.12.20 22:29:05 INFO  Progress (3): 2.3 MB | 205/638 kB | 43 kB
2022.12.20 22:29:05 INFO  Progress (3): 2.3 MB | 209/638 kB | 43 kB
2022.12.20 22:29:05 INFO  Progress (3): 2.3 MB | 213/638 kB | 43 kB
2022.12.20 22:29:05 INFO  Progress (3): 2.3 MB | 217/638 kB | 43 kB
2022.12.20 22:29:05 INFO  Progress (3): 2.3 MB | 221/638 kB | 43 kB
2022.12.20 22:29:05 INFO  Progress (3): 2.3 MB | 225/638 kB | 43 kB
2022.12.20 22:29:05 INFO  Progress (3): 2.3 MB | 229/638 kB | 43 kB
2022.12.20 22:29:05 INFO  Progress (3): 2.3 MB | 233/638 kB | 43 kB
2022.12.20 22:29:05 INFO  Progress (3): 2.3 MB | 238/638 kB | 43 kB
2022.12.20 22:29:05 INFO  Progress (3): 2.3 MB | 242/638 kB | 43 kB
2022.12.20 22:29:05 INFO  Progress (3): 2.3 MB | 246/638 kB | 43 kB
2022.12.20 22:29:05 INFO  Progress (3): 2.3 MB | 250/638 kB | 43 kB
2022.12.20 22:29:05 INFO  Progress (3): 2.3 MB | 254/638 kB | 43 kB
2022.12.20 22:29:05 INFO                                           
2022.12.20 22:29:05 INFO  Downloaded from central: https://repo.maven.apache.org/maven2/com/google/guava/guava/18.0/guava-18.0.jar (2.3 MB at 997 kB/s)
2022.12.20 22:29:05 INFO  Downloading from central: https://repo.maven.apache.org/maven2/org/eclipse/aether/aether-spi/1.0.2.v20150114/aether-spi-1.0.2.v20150114.jar
2022.12.20 22:29:05 INFO  Progress (3): 254/638 kB | 43 kB | 4.1/27 kB
2022.12.20 22:29:05 INFO  Progress (3): 254/638 kB | 43 kB | 8.2/27 kB
2022.12.20 22:29:05 INFO  Progress (3): 254/638 kB | 43 kB | 12/27 kB 
2022.12.20 22:29:05 INFO  Progress (3): 254/638 kB | 43 kB | 16/27 kB
2022.12.20 22:29:05 INFO  Progress (3): 254/638 kB | 43 kB | 20/27 kB
2022.12.20 22:29:05 INFO  Progress (3): 254/638 kB | 43 kB | 25/27 kB
2022.12.20 22:29:05 INFO  Progress (3): 254/638 kB | 43 kB | 27 kB   
2022.12.20 22:29:05 INFO  Progress (3): 258/638 kB | 43 kB | 27 kB
2022.12.20 22:29:05 INFO  Progress (3): 262/638 kB | 43 kB | 27 kB
2022.12.20 22:29:05 INFO  Progress (3): 266/638 kB | 43 kB | 27 kB
2022.12.20 22:29:05 INFO  Progress (3): 270/638 kB | 43 kB | 27 kB
2022.12.20 22:29:05 INFO  Progress (3): 274/638 kB | 43 kB | 27 kB
2022.12.20 22:29:05 INFO  Progress (3): 279/638 kB | 43 kB | 27 kB
2022.12.20 22:29:05 INFO  Progress (3): 283/638 kB | 43 kB | 27 kB
2022.12.20 22:29:05 INFO  Progress (3): 287/638 kB | 43 kB | 27 kB
2022.12.20 22:29:05 INFO  Progress (3): 291/638 kB | 43 kB | 27 kB
2022.12.20 22:29:05 INFO  Progress (3): 295/638 kB | 43 kB | 27 kB
2022.12.20 22:29:05 INFO  Progress (3): 299/638 kB | 43 kB | 27 kB
2022.12.20 22:29:05 INFO  Progress (3): 303/638 kB | 43 kB | 27 kB
2022.12.20 22:29:05 INFO  Progress (3): 307/638 kB | 43 kB | 27 kB
2022.12.20 22:29:05 INFO                                          
2022.12.20 22:29:05 INFO  Downloaded from central: https://repo.maven.apache.org/maven2/org/apache/maven/maven-settings-builder/3.3.9/maven-settings-builder-3.3.9.jar (43 kB at 18 kB/s)
2022.12.20 22:29:05 INFO  Downloading from central: https://repo.maven.apache.org/maven2/org/eclipse/aether/aether-impl/1.0.2.v20150114/aether-impl-1.0.2.v20150114.jar
2022.12.20 22:29:05 INFO  Progress (2): 311/638 kB | 27 kB
2022.12.20 22:29:05 INFO  Progress (2): 315/638 kB | 27 kB
2022.12.20 22:29:05 INFO  Progress (2): 319/638 kB | 27 kB
2022.12.20 22:29:05 INFO  Progress (2): 324/638 kB | 27 kB
2022.12.20 22:29:05 INFO  Progress (2): 328/638 kB | 27 kB
2022.12.20 22:29:05 INFO  Progress (2): 332/638 kB | 27 kB
2022.12.20 22:29:05 INFO  Progress (2): 336/638 kB | 27 kB
2022.12.20 22:29:05 INFO  Progress (2): 340/638 kB | 27 kB
2022.12.20 22:29:05 INFO  Progress (2): 344/638 kB | 27 kB
2022.12.20 22:29:05 INFO  Progress (2): 348/638 kB | 27 kB
2022.12.20 22:29:05 INFO  Progress (2): 352/638 kB | 27 kB
2022.12.20 22:29:05 INFO  Progress (3): 352/638 kB | 27 kB | 4.1/67 kB
2022.12.20 22:29:05 INFO  Progress (3): 352/638 kB | 27 kB | 8.2/67 kB
2022.12.20 22:29:05 INFO  Progress (3): 352/638 kB | 27 kB | 12/67 kB 
2022.12.20 22:29:05 INFO  Progress (3): 352/638 kB | 27 kB | 16/67 kB
2022.12.20 22:29:05 INFO  Progress (3): 356/638 kB | 27 kB | 16/67 kB
2022.12.20 22:29:05 INFO  Progress (3): 360/638 kB | 27 kB | 16/67 kB
2022.12.20 22:29:05 INFO  Progress (3): 365/638 kB | 27 kB | 16/67 kB
2022.12.20 22:29:05 INFO  Progress (3): 369/638 kB | 27 kB | 16/67 kB
2022.12.20 22:29:05 INFO  Progress (3): 369/638 kB | 27 kB | 20/67 kB
2022.12.20 22:29:05 INFO  Progress (3): 369/638 kB | 27 kB | 25/67 kB
2022.12.20 22:29:05 INFO  Progress (3): 369/638 kB | 27 kB | 29/67 kB
2022.12.20 22:29:05 INFO  Progress (3): 369/638 kB | 27 kB | 33/67 kB
2022.12.20 22:29:05 INFO  Progress (3): 373/638 kB | 27 kB | 33/67 kB
2022.12.20 22:29:05 INFO  Progress (3): 377/638 kB | 27 kB | 33/67 kB
2022.12.20 22:29:05 INFO  Progress (3): 381/638 kB | 27 kB | 33/67 kB
2022.12.20 22:29:05 INFO  Progress (3): 385/638 kB | 27 kB | 33/67 kB
2022.12.20 22:29:05 INFO  Progress (3): 385/638 kB | 27 kB | 37/67 kB
2022.12.20 22:29:05 INFO  Progress (3): 385/638 kB | 27 kB | 41/67 kB
2022.12.20 22:29:05 INFO  Progress (3): 385/638 kB | 27 kB | 45/67 kB
2022.12.20 22:29:05 INFO  Progress (3): 385/638 kB | 27 kB | 49/67 kB
2022.12.20 22:29:05 INFO  Progress (3): 389/638 kB | 27 kB | 49/67 kB
2022.12.20 22:29:05 INFO  Progress (3): 393/638 kB | 27 kB | 49/67 kB
2022.12.20 22:29:05 INFO  Progress (3): 397/638 kB | 27 kB | 49/67 kB
2022.12.20 22:29:05 INFO  Progress (3): 401/638 kB | 27 kB | 49/67 kB
2022.12.20 22:29:05 INFO  Progress (3): 406/638 kB | 27 kB | 49/67 kB
2022.12.20 22:29:05 INFO  Progress (3): 410/638 kB | 27 kB | 49/67 kB
2022.12.20 22:29:05 INFO  Progress (3): 414/638 kB | 27 kB | 49/67 kB
2022.12.20 22:29:05 INFO  Progress (3): 418/638 kB | 27 kB | 49/67 kB
2022.12.20 22:29:05 INFO  Progress (3): 418/638 kB | 27 kB | 53/67 kB
2022.12.20 22:29:05 INFO  Progress (3): 418/638 kB | 27 kB | 57/67 kB
2022.12.20 22:29:05 INFO  Progress (3): 418/638 kB | 27 kB | 61/67 kB
2022.12.20 22:29:05 INFO  Progress (3): 418/638 kB | 27 kB | 66/67 kB
2022.12.20 22:29:05 INFO  Progress (3): 418/638 kB | 27 kB | 67 kB   
2022.12.20 22:29:05 INFO  Progress (3): 422/638 kB | 27 kB | 67 kB
2022.12.20 22:29:05 INFO  Progress (3): 426/638 kB | 27 kB | 67 kB
2022.12.20 22:29:05 INFO  Progress (3): 430/638 kB | 27 kB | 67 kB
2022.12.20 22:29:05 INFO  Progress (3): 434/638 kB | 27 kB | 67 kB
2022.12.20 22:29:05 INFO  Progress (3): 438/638 kB | 27 kB | 67 kB
2022.12.20 22:29:05 INFO  Progress (3): 442/638 kB | 27 kB | 67 kB
2022.12.20 22:29:05 INFO  Progress (3): 446/638 kB | 27 kB | 67 kB
2022.12.20 22:29:05 INFO  Progress (3): 451/638 kB | 27 kB | 67 kB
2022.12.20 22:29:05 INFO  Progress (3): 455/638 kB | 27 kB | 67 kB
2022.12.20 22:29:05 INFO  Progress (3): 459/638 kB | 27 kB | 67 kB
2022.12.20 22:29:05 INFO  Progress (3): 463/638 kB | 27 kB | 67 kB
2022.12.20 22:29:05 INFO  Progress (3): 467/638 kB | 27 kB | 67 kB
2022.12.20 22:29:05 INFO  Progress (3): 471/638 kB | 27 kB | 67 kB
2022.12.20 22:29:05 INFO  Progress (3): 475/638 kB | 27 kB | 67 kB
2022.12.20 22:29:05 INFO  Progress (3): 479/638 kB | 27 kB | 67 kB
2022.12.20 22:29:05 INFO  Progress (3): 483/638 kB | 27 kB | 67 kB
2022.12.20 22:29:05 INFO  Progress (3): 487/638 kB | 27 kB | 67 kB
2022.12.20 22:29:05 INFO  Progress (3): 492/638 kB | 27 kB | 67 kB
2022.12.20 22:29:05 INFO  Progress (3): 496/638 kB | 27 kB | 67 kB
2022.12.20 22:29:05 INFO  Progress (3): 500/638 kB | 27 kB | 67 kB
2022.12.20 22:29:05 INFO  Progress (3): 504/638 kB | 27 kB | 67 kB
2022.12.20 22:29:05 INFO  Progress (3): 508/638 kB | 27 kB | 67 kB
2022.12.20 22:29:05 INFO  Progress (3): 512/638 kB | 27 kB | 67 kB
2022.12.20 22:29:05 INFO  Progress (3): 516/638 kB | 27 kB | 67 kB
2022.12.20 22:29:05 INFO  Progress (3): 520/638 kB | 27 kB | 67 kB
2022.12.20 22:29:05 INFO  Progress (3): 524/638 kB | 27 kB | 67 kB
2022.12.20 22:29:05 INFO  Progress (3): 528/638 kB | 27 kB | 67 kB
2022.12.20 22:29:05 INFO  Progress (3): 532/638 kB | 27 kB | 67 kB
2022.12.20 22:29:05 INFO  Progress (3): 536/638 kB | 27 kB | 67 kB
2022.12.20 22:29:05 INFO  Progress (3): 540/638 kB | 27 kB | 67 kB
2022.12.20 22:29:05 INFO  Progress (3): 544/638 kB | 27 kB | 67 kB
2022.12.20 22:29:05 INFO  Progress (3): 548/638 kB | 27 kB | 67 kB
2022.12.20 22:29:05 INFO  Progress (3): 553/638 kB | 27 kB | 67 kB
2022.12.20 22:29:05 INFO  Progress (3): 557/638 kB | 27 kB | 67 kB
2022.12.20 22:29:05 INFO  Progress (3): 561/638 kB | 27 kB | 67 kB
2022.12.20 22:29:05 INFO  Progress (3): 565/638 kB | 27 kB | 67 kB
2022.12.20 22:29:05 INFO  Progress (3): 569/638 kB | 27 kB | 67 kB
2022.12.20 22:29:05 INFO  Progress (3): 573/638 kB | 27 kB | 67 kB
2022.12.20 22:29:05 INFO  Progress (3): 577/638 kB | 27 kB | 67 kB
2022.12.20 22:29:05 INFO  Progress (3): 581/638 kB | 27 kB | 67 kB
2022.12.20 22:29:05 INFO  Progress (3): 585/638 kB | 27 kB | 67 kB
2022.12.20 22:29:05 INFO  Progress (3): 589/638 kB | 27 kB | 67 kB
2022.12.20 22:29:05 INFO  Progress (3): 594/638 kB | 27 kB | 67 kB
2022.12.20 22:29:05 INFO  Progress (3): 598/638 kB | 27 kB | 67 kB
2022.12.20 22:29:05 INFO  Progress (3): 602/638 kB | 27 kB | 67 kB
2022.12.20 22:29:05 INFO  Progress (3): 606/638 kB | 27 kB | 67 kB
2022.12.20 22:29:05 INFO  Progress (3): 610/638 kB | 27 kB | 67 kB
2022.12.20 22:29:05 INFO  Progress (3): 614/638 kB | 27 kB | 67 kB
2022.12.20 22:29:05 INFO  Progress (3): 618/638 kB | 27 kB | 67 kB
2022.12.20 22:29:05 INFO  Progress (3): 622/638 kB | 27 kB | 67 kB
2022.12.20 22:29:05 INFO  Progress (3): 626/638 kB | 27 kB | 67 kB
2022.12.20 22:29:05 INFO  Progress (3): 630/638 kB | 27 kB | 67 kB
2022.12.20 22:29:05 INFO  Progress (3): 634/638 kB | 27 kB | 67 kB
2022.12.20 22:29:05 INFO  Progress (3): 638 kB | 27 kB | 67 kB    
2022.12.20 22:29:05 INFO  Progress (4): 638 kB | 27 kB | 67 kB | 4.1/31 kB
2022.12.20 22:29:05 INFO  Progress (4): 638 kB | 27 kB | 67 kB | 8.2/31 kB
2022.12.20 22:29:05 INFO  Progress (4): 638 kB | 27 kB | 67 kB | 12/31 kB 
2022.12.20 22:29:05 INFO  Progress (4): 638 kB | 27 kB | 67 kB | 16/31 kB
2022.12.20 22:29:05 INFO  Progress (4): 638 kB | 27 kB | 67 kB | 20/31 kB
2022.12.20 22:29:05 INFO  Progress (4): 638 kB | 27 kB | 67 kB | 24/31 kB
2022.12.20 22:29:05 INFO  Progress (4): 638 kB | 27 kB | 67 kB | 28/31 kB
2022.12.20 22:29:05 INFO  Progress (4): 638 kB | 27 kB | 67 kB | 31 kB   
2022.12.20 22:29:06 INFO                                              
2022.12.20 22:29:06 INFO  Downloaded from central: https://repo.maven.apache.org/maven2/org/apache/maven/maven-repository-metadata/3.3.9/maven-repository-metadata-3.3.9.jar (27 kB at 11 kB/s)
2022.12.20 22:29:06 INFO  Downloading from central: https://repo.maven.apache.org/maven2/org/eclipse/aether/aether-api/1.0.2.v20150114/aether-api-1.0.2.v20150114.jar
2022.12.20 22:29:06 INFO  Progress (4): 638 kB | 67 kB | 31 kB | 4.1/173 kB
2022.12.20 22:29:06 INFO  Progress (4): 638 kB | 67 kB | 31 kB | 8.2/173 kB
2022.12.20 22:29:06 INFO  Progress (4): 638 kB | 67 kB | 31 kB | 12/173 kB 
2022.12.20 22:29:06 INFO  Progress (4): 638 kB | 67 kB | 31 kB | 16/173 kB
2022.12.20 22:29:06 INFO  Progress (4): 638 kB | 67 kB | 31 kB | 20/173 kB
2022.12.20 22:29:06 INFO  Progress (4): 638 kB | 67 kB | 31 kB | 24/173 kB
2022.12.20 22:29:06 INFO  Progress (4): 638 kB | 67 kB | 31 kB | 28/173 kB
2022.12.20 22:29:06 INFO  Progress (4): 638 kB | 67 kB | 31 kB | 32/173 kB
2022.12.20 22:29:06 INFO  Progress (4): 638 kB | 67 kB | 31 kB | 36/173 kB
2022.12.20 22:29:06 INFO  Progress (4): 638 kB | 67 kB | 31 kB | 40/173 kB
2022.12.20 22:29:06 INFO  Progress (4): 638 kB | 67 kB | 31 kB | 45/173 kB
2022.12.20 22:29:06 INFO  Progress (4): 638 kB | 67 kB | 31 kB | 49/173 kB
2022.12.20 22:29:06 INFO  Progress (4): 638 kB | 67 kB | 31 kB | 53/173 kB
2022.12.20 22:29:06 INFO  Progress (4): 638 kB | 67 kB | 31 kB | 57/173 kB
2022.12.20 22:29:06 INFO  Progress (4): 638 kB | 67 kB | 31 kB | 61/173 kB
2022.12.20 22:29:06 INFO  Progress (4): 638 kB | 67 kB | 31 kB | 65/173 kB
2022.12.20 22:29:06 INFO  Progress (4): 638 kB | 67 kB | 31 kB | 69/173 kB
2022.12.20 22:29:06 INFO  Progress (4): 638 kB | 67 kB | 31 kB | 73/173 kB
2022.12.20 22:29:06 INFO  Progress (4): 638 kB | 67 kB | 31 kB | 77/173 kB
2022.12.20 22:29:06 INFO  Progress (4): 638 kB | 67 kB | 31 kB | 81/173 kB
2022.12.20 22:29:06 INFO  Progress (4): 638 kB | 67 kB | 31 kB | 85/173 kB
2022.12.20 22:29:06 INFO  Progress (4): 638 kB | 67 kB | 31 kB | 90/173 kB
2022.12.20 22:29:06 INFO  Progress (4): 638 kB | 67 kB | 31 kB | 94/173 kB
2022.12.20 22:29:06 INFO  Progress (4): 638 kB | 67 kB | 31 kB | 98/173 kB
2022.12.20 22:29:06 INFO                                                  
2022.12.20 22:29:06 INFO  Downloaded from central: https://repo.maven.apache.org/maven2/org/apache/maven/maven-aether-provider/3.3.9/maven-aether-provider-3.3.9.jar (67 kB at 27 kB/s)
2022.12.20 22:29:06 INFO  Downloading from central: https://repo.maven.apache.org/maven2/org/eclipse/aether/aether-util/1.0.2.v20150114/aether-util-1.0.2.v20150114.jar
2022.12.20 22:29:06 INFO  Progress (3): 638 kB | 31 kB | 102/173 kB
2022.12.20 22:29:06 INFO  Progress (3): 638 kB | 31 kB | 106/173 kB
2022.12.20 22:29:06 INFO  Progress (3): 638 kB | 31 kB | 110/173 kB
2022.12.20 22:29:06 INFO  Progress (3): 638 kB | 31 kB | 114/173 kB
2022.12.20 22:29:06 INFO  Progress (3): 638 kB | 31 kB | 118/173 kB
2022.12.20 22:29:06 INFO  Progress (3): 638 kB | 31 kB | 122/173 kB
2022.12.20 22:29:06 INFO  Progress (3): 638 kB | 31 kB | 126/173 kB
2022.12.20 22:29:06 INFO  Progress (3): 638 kB | 31 kB | 131/173 kB
2022.12.20 22:29:06 INFO  Progress (3): 638 kB | 31 kB | 135/173 kB
2022.12.20 22:29:06 INFO  Progress (3): 638 kB | 31 kB | 139/173 kB
2022.12.20 22:29:06 INFO  Progress (3): 638 kB | 31 kB | 143/173 kB
2022.12.20 22:29:06 INFO  Progress (3): 638 kB | 31 kB | 147/173 kB
2022.12.20 22:29:06 INFO  Progress (3): 638 kB | 31 kB | 151/173 kB
2022.12.20 22:29:06 INFO  Progress (3): 638 kB | 31 kB | 155/173 kB
2022.12.20 22:29:06 INFO  Progress (3): 638 kB | 31 kB | 159/173 kB
2022.12.20 22:29:06 INFO  Progress (3): 638 kB | 31 kB | 163/173 kB
2022.12.20 22:29:06 INFO  Progress (3): 638 kB | 31 kB | 167/173 kB
2022.12.20 22:29:06 INFO  Progress (3): 638 kB | 31 kB | 171/173 kB
2022.12.20 22:29:06 INFO  Progress (3): 638 kB | 31 kB | 173 kB    
2022.12.20 22:29:06 INFO                                       
2022.12.20 22:29:06 INFO  Downloaded from central: https://repo.maven.apache.org/maven2/org/apache/maven/maven-core/3.3.9/maven-core-3.3.9.jar (638 kB at 250 kB/s)
2022.12.20 22:29:06 INFO  Downloading from central: https://repo.maven.apache.org/maven2/com/google/inject/guice/4.0/guice-4.0-no_aop.jar
2022.12.20 22:29:06 INFO  Downloaded from central: https://repo.maven.apache.org/maven2/org/eclipse/aether/aether-spi/1.0.2.v20150114/aether-spi-1.0.2.v20150114.jar (31 kB at 12 kB/s)
2022.12.20 22:29:06 INFO  Downloading from central: https://repo.maven.apache.org/maven2/aopalliance/aopalliance/1.0/aopalliance-1.0.jar
2022.12.20 22:29:06 INFO  Progress (2): 173 kB | 4.1/136 kB
2022.12.20 22:29:06 INFO  Progress (2): 173 kB | 8.2/136 kB
2022.12.20 22:29:06 INFO  Progress (2): 173 kB | 12/136 kB 
2022.12.20 22:29:06 INFO  Progress (2): 173 kB | 16/136 kB
2022.12.20 22:29:06 INFO  Progress (2): 173 kB | 20/136 kB
2022.12.20 22:29:06 INFO  Progress (2): 173 kB | 24/136 kB
2022.12.20 22:29:06 INFO  Progress (2): 173 kB | 28/136 kB
2022.12.20 22:29:06 INFO  Progress (2): 173 kB | 32/136 kB
2022.12.20 22:29:06 INFO  Progress (2): 173 kB | 36/136 kB
2022.12.20 22:29:06 INFO  Progress (2): 173 kB | 40/136 kB
2022.12.20 22:29:06 INFO  Progress (2): 173 kB | 45/136 kB
2022.12.20 22:29:06 INFO  Progress (2): 173 kB | 49/136 kB
2022.12.20 22:29:06 INFO  Progress (2): 173 kB | 53/136 kB
2022.12.20 22:29:06 INFO  Progress (2): 173 kB | 57/136 kB
2022.12.20 22:29:06 INFO  Progress (2): 173 kB | 61/136 kB
2022.12.20 22:29:06 INFO  Progress (2): 173 kB | 65/136 kB
2022.12.20 22:29:06 INFO  Progress (2): 173 kB | 69/136 kB
2022.12.20 22:29:06 INFO  Progress (2): 173 kB | 73/136 kB
2022.12.20 22:29:06 INFO  Progress (2): 173 kB | 77/136 kB
2022.12.20 22:29:06 INFO  Progress (2): 173 kB | 81/136 kB
2022.12.20 22:29:06 INFO  Progress (2): 173 kB | 85/136 kB
2022.12.20 22:29:06 INFO  Progress (2): 173 kB | 90/136 kB
2022.12.20 22:29:06 INFO  Progress (2): 173 kB | 94/136 kB
2022.12.20 22:29:06 INFO  Progress (2): 173 kB | 98/136 kB
2022.12.20 22:29:06 INFO  Progress (2): 173 kB | 102/136 kB
2022.12.20 22:29:06 INFO  Progress (2): 173 kB | 106/136 kB
2022.12.20 22:29:06 INFO  Progress (2): 173 kB | 110/136 kB
2022.12.20 22:29:06 INFO  Progress (2): 173 kB | 114/136 kB
2022.12.20 22:29:06 INFO  Progress (2): 173 kB | 118/136 kB
2022.12.20 22:29:06 INFO  Progress (2): 173 kB | 122/136 kB
2022.12.20 22:29:06 INFO  Progress (2): 173 kB | 126/136 kB
2022.12.20 22:29:06 INFO  Progress (2): 173 kB | 131/136 kB
2022.12.20 22:29:06 INFO  Progress (2): 173 kB | 135/136 kB
2022.12.20 22:29:06 INFO  Progress (2): 173 kB | 136 kB    
2022.12.20 22:29:06 INFO  Progress (3): 173 kB | 136 kB | 4.1/147 kB
2022.12.20 22:29:06 INFO  Progress (3): 173 kB | 136 kB | 8.2/147 kB
2022.12.20 22:29:06 INFO  Progress (3): 173 kB | 136 kB | 12/147 kB 
2022.12.20 22:29:06 INFO  Progress (3): 173 kB | 136 kB | 16/147 kB
2022.12.20 22:29:06 INFO  Progress (3): 173 kB | 136 kB | 20/147 kB
2022.12.20 22:29:06 INFO  Progress (3): 173 kB | 136 kB | 24/147 kB
2022.12.20 22:29:06 INFO  Progress (3): 173 kB | 136 kB | 28/147 kB
2022.12.20 22:29:06 INFO  Progress (3): 173 kB | 136 kB | 32/147 kB
2022.12.20 22:29:06 INFO                                           
2022.12.20 22:29:06 INFO  Downloaded from central: https://repo.maven.apache.org/maven2/org/eclipse/aether/aether-impl/1.0.2.v20150114/aether-impl-1.0.2.v20150114.jar (173 kB at 65 kB/s)
2022.12.20 22:29:06 INFO  Progress (2): 136 kB | 36/147 kB
2022.12.20 22:29:06 INFO                                  
2022.12.20 22:29:06 INFO  Downloading from central: https://repo.maven.apache.org/maven2/org/apache/maven/shared/maven-dependency-tree/3.0.1/maven-dependency-tree-3.0.1.jar
2022.12.20 22:29:06 INFO  Progress (2): 136 kB | 40/147 kB
2022.12.20 22:29:06 INFO  Progress (2): 136 kB | 45/147 kB
2022.12.20 22:29:06 INFO  Progress (2): 136 kB | 49/147 kB
2022.12.20 22:29:06 INFO  Progress (2): 136 kB | 53/147 kB
2022.12.20 22:29:06 INFO  Progress (2): 136 kB | 57/147 kB
2022.12.20 22:29:06 INFO  Progress (2): 136 kB | 61/147 kB
2022.12.20 22:29:06 INFO  Progress (2): 136 kB | 65/147 kB
2022.12.20 22:29:06 INFO  Progress (2): 136 kB | 69/147 kB
2022.12.20 22:29:06 INFO  Progress (2): 136 kB | 73/147 kB
2022.12.20 22:29:06 INFO  Progress (2): 136 kB | 77/147 kB
2022.12.20 22:29:06 INFO  Progress (2): 136 kB | 81/147 kB
2022.12.20 22:29:06 INFO  Progress (2): 136 kB | 85/147 kB
2022.12.20 22:29:06 INFO  Progress (2): 136 kB | 90/147 kB
2022.12.20 22:29:06 INFO  Progress (2): 136 kB | 94/147 kB
2022.12.20 22:29:06 INFO  Progress (2): 136 kB | 98/147 kB
2022.12.20 22:29:06 INFO  Progress (2): 136 kB | 102/147 kB
2022.12.20 22:29:06 INFO  Progress (2): 136 kB | 106/147 kB
2022.12.20 22:29:06 INFO  Progress (2): 136 kB | 110/147 kB
2022.12.20 22:29:06 INFO  Progress (2): 136 kB | 114/147 kB
2022.12.20 22:29:06 INFO  Progress (2): 136 kB | 118/147 kB
2022.12.20 22:29:06 INFO  Progress (2): 136 kB | 122/147 kB
2022.12.20 22:29:06 INFO  Progress (2): 136 kB | 126/147 kB
2022.12.20 22:29:06 INFO  Progress (2): 136 kB | 131/147 kB
2022.12.20 22:29:06 INFO  Progress (3): 136 kB | 131/147 kB | 4.1/424 kB
2022.12.20 22:29:06 INFO  Progress (3): 136 kB | 131/147 kB | 8.2/424 kB
2022.12.20 22:29:06 INFO  Progress (3): 136 kB | 131/147 kB | 12/424 kB 
2022.12.20 22:29:06 INFO  Progress (3): 136 kB | 131/147 kB | 16/424 kB
2022.12.20 22:29:06 INFO  Progress (3): 136 kB | 131/147 kB | 20/424 kB
2022.12.20 22:29:06 INFO  Progress (3): 136 kB | 131/147 kB | 25/424 kB
2022.12.20 22:29:06 INFO  Progress (3): 136 kB | 131/147 kB | 29/424 kB
2022.12.20 22:29:06 INFO  Progress (3): 136 kB | 131/147 kB | 33/424 kB
2022.12.20 22:29:06 INFO  Progress (3): 136 kB | 135/147 kB | 33/424 kB
2022.12.20 22:29:06 INFO  Progress (3): 136 kB | 135/147 kB | 37/424 kB
2022.12.20 22:29:06 INFO  Progress (3): 136 kB | 139/147 kB | 37/424 kB
2022.12.20 22:29:06 INFO  Progress (3): 136 kB | 139/147 kB | 41/424 kB
2022.12.20 22:29:06 INFO  Progress (3): 136 kB | 143/147 kB | 41/424 kB
2022.12.20 22:29:06 INFO  Progress (3): 136 kB | 143/147 kB | 45/424 kB
2022.12.20 22:29:06 INFO  Progress (3): 136 kB | 147 kB | 45/424 kB    
2022.12.20 22:29:06 INFO  Progress (3): 136 kB | 147 kB | 49/424 kB
2022.12.20 22:29:06 INFO  Progress (3): 136 kB | 147 kB | 53/424 kB
2022.12.20 22:29:06 INFO  Progress (3): 136 kB | 147 kB | 57/424 kB
2022.12.20 22:29:06 INFO  Progress (3): 136 kB | 147 kB | 61/424 kB
2022.12.20 22:29:06 INFO  Progress (3): 136 kB | 147 kB | 66/424 kB
2022.12.20 22:29:06 INFO  Progress (3): 136 kB | 147 kB | 70/424 kB
2022.12.20 22:29:06 INFO  Progress (3): 136 kB | 147 kB | 74/424 kB
2022.12.20 22:29:06 INFO  Progress (3): 136 kB | 147 kB | 78/424 kB
2022.12.20 22:29:06 INFO  Progress (3): 136 kB | 147 kB | 82/424 kB
2022.12.20 22:29:06 INFO  Progress (3): 136 kB | 147 kB | 86/424 kB
2022.12.20 22:29:06 INFO  Progress (3): 136 kB | 147 kB | 90/424 kB
2022.12.20 22:29:06 INFO  Progress (3): 136 kB | 147 kB | 94/424 kB
2022.12.20 22:29:06 INFO  Progress (3): 136 kB | 147 kB | 98/424 kB
2022.12.20 22:29:06 INFO  Progress (3): 136 kB | 147 kB | 102/424 kB
2022.12.20 22:29:06 INFO  Progress (3): 136 kB | 147 kB | 106/424 kB
2022.12.20 22:29:06 INFO  Progress (3): 136 kB | 147 kB | 111/424 kB
2022.12.20 22:29:06 INFO  Progress (3): 136 kB | 147 kB | 115/424 kB
2022.12.20 22:29:06 INFO  Progress (3): 136 kB | 147 kB | 119/424 kB
2022.12.20 22:29:06 INFO  Progress (3): 136 kB | 147 kB | 123/424 kB
2022.12.20 22:29:06 INFO  Progress (3): 136 kB | 147 kB | 127/424 kB
2022.12.20 22:29:06 INFO  Progress (3): 136 kB | 147 kB | 131/424 kB
2022.12.20 22:29:06 INFO  Progress (3): 136 kB | 147 kB | 135/424 kB
2022.12.20 22:29:06 INFO  Progress (3): 136 kB | 147 kB | 139/424 kB
2022.12.20 22:29:06 INFO  Progress (3): 136 kB | 147 kB | 143/424 kB
2022.12.20 22:29:06 INFO  Progress (3): 136 kB | 147 kB | 147/424 kB
2022.12.20 22:29:06 INFO  Progress (3): 136 kB | 147 kB | 152/424 kB
2022.12.20 22:29:06 INFO  Progress (3): 136 kB | 147 kB | 156/424 kB
2022.12.20 22:29:06 INFO  Progress (3): 136 kB | 147 kB | 160/424 kB
2022.12.20 22:29:06 INFO  Progress (3): 136 kB | 147 kB | 164/424 kB
2022.12.20 22:29:06 INFO  Progress (3): 136 kB | 147 kB | 168/424 kB
2022.12.20 22:29:06 INFO  Progress (3): 136 kB | 147 kB | 172/424 kB
2022.12.20 22:29:06 INFO  Progress (3): 136 kB | 147 kB | 176/424 kB
2022.12.20 22:29:06 INFO  Progress (3): 136 kB | 147 kB | 180/424 kB
2022.12.20 22:29:06 INFO  Progress (3): 136 kB | 147 kB | 184/424 kB
2022.12.20 22:29:06 INFO  Progress (3): 136 kB | 147 kB | 188/424 kB
2022.12.20 22:29:06 INFO  Progress (3): 136 kB | 147 kB | 193/424 kB
2022.12.20 22:29:06 INFO  Progress (3): 136 kB | 147 kB | 197/424 kB
2022.12.20 22:29:06 INFO  Progress (3): 136 kB | 147 kB | 201/424 kB
2022.12.20 22:29:06 INFO  Progress (3): 136 kB | 147 kB | 205/424 kB
2022.12.20 22:29:06 INFO  Progress (3): 136 kB | 147 kB | 209/424 kB
2022.12.20 22:29:06 INFO  Progress (3): 136 kB | 147 kB | 213/424 kB
2022.12.20 22:29:06 INFO  Progress (3): 136 kB | 147 kB | 217/424 kB
2022.12.20 22:29:06 INFO  Progress (3): 136 kB | 147 kB | 221/424 kB
2022.12.20 22:29:06 INFO  Progress (3): 136 kB | 147 kB | 225/424 kB
2022.12.20 22:29:06 INFO  Progress (3): 136 kB | 147 kB | 229/424 kB
2022.12.20 22:29:06 INFO  Progress (3): 136 kB | 147 kB | 233/424 kB
2022.12.20 22:29:06 INFO  Progress (3): 136 kB | 147 kB | 238/424 kB
2022.12.20 22:29:06 INFO  Progress (3): 136 kB | 147 kB | 242/424 kB
2022.12.20 22:29:06 INFO  Progress (3): 136 kB | 147 kB | 246/424 kB
2022.12.20 22:29:06 INFO  Progress (3): 136 kB | 147 kB | 250/424 kB
2022.12.20 22:29:06 INFO  Progress (3): 136 kB | 147 kB | 254/424 kB
2022.12.20 22:29:06 INFO  Progress (3): 136 kB | 147 kB | 258/424 kB
2022.12.20 22:29:06 INFO  Progress (3): 136 kB | 147 kB | 262/424 kB
2022.12.20 22:29:06 INFO  Progress (3): 136 kB | 147 kB | 266/424 kB
2022.12.20 22:29:06 INFO  Progress (3): 136 kB | 147 kB | 270/424 kB
2022.12.20 22:29:06 INFO  Progress (3): 136 kB | 147 kB | 274/424 kB
2022.12.20 22:29:06 INFO  Progress (3): 136 kB | 147 kB | 279/424 kB
2022.12.20 22:29:06 INFO  Progress (3): 136 kB | 147 kB | 283/424 kB
2022.12.20 22:29:06 INFO  Progress (3): 136 kB | 147 kB | 287/424 kB
2022.12.20 22:29:06 INFO  Progress (3): 136 kB | 147 kB | 291/424 kB
2022.12.20 22:29:06 INFO  Progress (3): 136 kB | 147 kB | 295/424 kB
2022.12.20 22:29:06 INFO  Progress (3): 136 kB | 147 kB | 299/424 kB
2022.12.20 22:29:06 INFO  Progress (3): 136 kB | 147 kB | 303/424 kB
2022.12.20 22:29:06 INFO  Progress (3): 136 kB | 147 kB | 307/424 kB
2022.12.20 22:29:06 INFO  Progress (3): 136 kB | 147 kB | 311/424 kB
2022.12.20 22:29:06 INFO  Progress (3): 136 kB | 147 kB | 315/424 kB
2022.12.20 22:29:06 INFO  Progress (3): 136 kB | 147 kB | 319/424 kB
2022.12.20 22:29:06 INFO  Progress (3): 136 kB | 147 kB | 324/424 kB
2022.12.20 22:29:06 INFO  Progress (3): 136 kB | 147 kB | 328/424 kB
2022.12.20 22:29:06 INFO  Progress (3): 136 kB | 147 kB | 332/424 kB
2022.12.20 22:29:06 INFO  Progress (3): 136 kB | 147 kB | 336/424 kB
2022.12.20 22:29:06 INFO  Progress (3): 136 kB | 147 kB | 340/424 kB
2022.12.20 22:29:06 INFO  Progress (3): 136 kB | 147 kB | 344/424 kB
2022.12.20 22:29:06 INFO  Progress (3): 136 kB | 147 kB | 348/424 kB
2022.12.20 22:29:06 INFO  Progress (3): 136 kB | 147 kB | 352/424 kB
2022.12.20 22:29:06 INFO  Progress (3): 136 kB | 147 kB | 356/424 kB
2022.12.20 22:29:06 INFO  Progress (3): 136 kB | 147 kB | 360/424 kB
2022.12.20 22:29:06 INFO  Progress (3): 136 kB | 147 kB | 365/424 kB
2022.12.20 22:29:06 INFO  Progress (3): 136 kB | 147 kB | 369/424 kB
2022.12.20 22:29:06 INFO  Progress (4): 136 kB | 147 kB | 369/424 kB | 4.1/4.5 kB
2022.12.20 22:29:06 INFO  Progress (4): 136 kB | 147 kB | 369/424 kB | 4.5 kB    
2022.12.20 22:29:06 INFO  Progress (4): 136 kB | 147 kB | 373/424 kB | 4.5 kB
2022.12.20 22:29:06 INFO  Progress (4): 136 kB | 147 kB | 377/424 kB | 4.5 kB
2022.12.20 22:29:06 INFO  Progress (4): 136 kB | 147 kB | 381/424 kB | 4.5 kB
2022.12.20 22:29:06 INFO  Progress (4): 136 kB | 147 kB | 385/424 kB | 4.5 kB
2022.12.20 22:29:06 INFO  Progress (4): 136 kB | 147 kB | 389/424 kB | 4.5 kB
2022.12.20 22:29:06 INFO  Progress (4): 136 kB | 147 kB | 393/424 kB | 4.5 kB
2022.12.20 22:29:06 INFO  Progress (4): 136 kB | 147 kB | 397/424 kB | 4.5 kB
2022.12.20 22:29:06 INFO  Progress (4): 136 kB | 147 kB | 401/424 kB | 4.5 kB
2022.12.20 22:29:06 INFO  Progress (4): 136 kB | 147 kB | 406/424 kB | 4.5 kB
2022.12.20 22:29:06 INFO  Progress (4): 136 kB | 147 kB | 410/424 kB | 4.5 kB
2022.12.20 22:29:06 INFO  Progress (4): 136 kB | 147 kB | 414/424 kB | 4.5 kB
2022.12.20 22:29:06 INFO  Progress (4): 136 kB | 147 kB | 418/424 kB | 4.5 kB
2022.12.20 22:29:06 INFO  Progress (4): 136 kB | 147 kB | 422/424 kB | 4.5 kB
2022.12.20 22:29:06 INFO  Progress (4): 136 kB | 147 kB | 424 kB | 4.5 kB    
2022.12.20 22:29:06 INFO                                                 
2022.12.20 22:29:06 INFO  Downloaded from central: https://repo.maven.apache.org/maven2/org/eclipse/aether/aether-api/1.0.2.v20150114/aether-api-1.0.2.v20150114.jar (136 kB at 50 kB/s)
2022.12.20 22:29:06 INFO  Downloading from central: https://repo.maven.apache.org/maven2/org/codehaus/plexus/plexus-archiver/4.2.5/plexus-archiver-4.2.5.jar
2022.12.20 22:29:06 INFO  Progress (4): 147 kB | 424 kB | 4.5 kB | 4.1/37 kB
2022.12.20 22:29:06 INFO  Progress (4): 147 kB | 424 kB | 4.5 kB | 8.2/37 kB
2022.12.20 22:29:06 INFO  Progress (4): 147 kB | 424 kB | 4.5 kB | 12/37 kB 
2022.12.20 22:29:06 INFO  Progress (4): 147 kB | 424 kB | 4.5 kB | 16/37 kB
2022.12.20 22:29:06 INFO  Progress (4): 147 kB | 424 kB | 4.5 kB | 20/37 kB
2022.12.20 22:29:06 INFO  Progress (4): 147 kB | 424 kB | 4.5 kB | 25/37 kB
2022.12.20 22:29:06 INFO  Progress (4): 147 kB | 424 kB | 4.5 kB | 29/37 kB
2022.12.20 22:29:06 INFO  Progress (4): 147 kB | 424 kB | 4.5 kB | 33/37 kB
2022.12.20 22:29:06 INFO  Progress (4): 147 kB | 424 kB | 4.5 kB | 37 kB   
2022.12.20 22:29:06 INFO                                                
2022.12.20 22:29:06 INFO  Downloaded from central: https://repo.maven.apache.org/maven2/org/eclipse/aether/aether-util/1.0.2.v20150114/aether-util-1.0.2.v20150114.jar (147 kB at 52 kB/s)
2022.12.20 22:29:06 INFO  Downloading from central: https://repo.maven.apache.org/maven2/org/codehaus/plexus/plexus-io/3.2.0/plexus-io-3.2.0.jar
2022.12.20 22:29:06 INFO  Downloaded from central: https://repo.maven.apache.org/maven2/aopalliance/aopalliance/1.0/aopalliance-1.0.jar (4.5 kB at 1.6 kB/s)
2022.12.20 22:29:06 INFO  Downloading from central: https://repo.maven.apache.org/maven2/org/apache/commons/commons-compress/1.20/commons-compress-1.20.jar
2022.12.20 22:29:06 INFO  Downloaded from central: https://repo.maven.apache.org/maven2/com/google/inject/guice/4.0/guice-4.0-no_aop.jar (424 kB at 148 kB/s)
2022.12.20 22:29:06 INFO  Downloading from central: https://repo.maven.apache.org/maven2/org/iq80/snappy/snappy/0.4/snappy-0.4.jar
2022.12.20 22:29:06 INFO  Progress (2): 37 kB | 4.1/195 kB
2022.12.20 22:29:06 INFO  Progress (2): 37 kB | 8.2/195 kB
2022.12.20 22:29:06 INFO  Progress (2): 37 kB | 12/195 kB 
2022.12.20 22:29:06 INFO  Progress (2): 37 kB | 16/195 kB
2022.12.20 22:29:06 INFO  Progress (2): 37 kB | 20/195 kB
2022.12.20 22:29:06 INFO  Progress (2): 37 kB | 24/195 kB
2022.12.20 22:29:06 INFO  Progress (2): 37 kB | 28/195 kB
2022.12.20 22:29:06 INFO  Progress (2): 37 kB | 32/195 kB
2022.12.20 22:29:06 INFO  Progress (2): 37 kB | 36/195 kB
2022.12.20 22:29:06 INFO  Progress (2): 37 kB | 40/195 kB
2022.12.20 22:29:06 INFO  Progress (2): 37 kB | 45/195 kB
2022.12.20 22:29:06 INFO  Progress (2): 37 kB | 49/195 kB
2022.12.20 22:29:06 INFO  Progress (2): 37 kB | 53/195 kB
2022.12.20 22:29:06 INFO  Progress (2): 37 kB | 57/195 kB
2022.12.20 22:29:06 INFO  Progress (2): 37 kB | 61/195 kB
2022.12.20 22:29:06 INFO  Progress (2): 37 kB | 65/195 kB
2022.12.20 22:29:06 INFO  Progress (2): 37 kB | 69/195 kB
2022.12.20 22:29:06 INFO  Progress (2): 37 kB | 73/195 kB
2022.12.20 22:29:06 INFO  Progress (2): 37 kB | 77/195 kB
2022.12.20 22:29:06 INFO  Progress (2): 37 kB | 81/195 kB
2022.12.20 22:29:06 INFO  Progress (2): 37 kB | 85/195 kB
2022.12.20 22:29:06 INFO  Progress (2): 37 kB | 90/195 kB
2022.12.20 22:29:06 INFO  Progress (2): 37 kB | 94/195 kB
2022.12.20 22:29:06 INFO  Progress (2): 37 kB | 98/195 kB
2022.12.20 22:29:06 INFO  Progress (2): 37 kB | 102/195 kB
2022.12.20 22:29:06 INFO  Progress (2): 37 kB | 106/195 kB
2022.12.20 22:29:06 INFO  Progress (2): 37 kB | 110/195 kB
2022.12.20 22:29:06 INFO  Progress (2): 37 kB | 114/195 kB
2022.12.20 22:29:06 INFO  Progress (2): 37 kB | 118/195 kB
2022.12.20 22:29:06 INFO  Progress (2): 37 kB | 122/195 kB
2022.12.20 22:29:06 INFO  Progress (2): 37 kB | 126/195 kB
2022.12.20 22:29:06 INFO  Progress (2): 37 kB | 131/195 kB
2022.12.20 22:29:06 INFO  Progress (2): 37 kB | 135/195 kB
2022.12.20 22:29:06 INFO  Progress (2): 37 kB | 139/195 kB
2022.12.20 22:29:06 INFO  Progress (2): 37 kB | 143/195 kB
2022.12.20 22:29:06 INFO  Progress (2): 37 kB | 147/195 kB
2022.12.20 22:29:06 INFO  Progress (2): 37 kB | 151/195 kB
2022.12.20 22:29:06 INFO  Progress (2): 37 kB | 155/195 kB
2022.12.20 22:29:06 INFO  Progress (2): 37 kB | 159/195 kB
2022.12.20 22:29:06 INFO  Progress (2): 37 kB | 163/195 kB
2022.12.20 22:29:06 INFO  Progress (2): 37 kB | 167/195 kB
2022.12.20 22:29:06 INFO  Progress (2): 37 kB | 171/195 kB
2022.12.20 22:29:06 INFO  Progress (2): 37 kB | 176/195 kB
2022.12.20 22:29:06 INFO  Progress (2): 37 kB | 180/195 kB
2022.12.20 22:29:06 INFO  Progress (2): 37 kB | 184/195 kB
2022.12.20 22:29:06 INFO  Progress (2): 37 kB | 188/195 kB
2022.12.20 22:29:06 INFO  Progress (2): 37 kB | 192/195 kB
2022.12.20 22:29:06 INFO  Progress (2): 37 kB | 195 kB    
2022.12.20 22:29:06 INFO                              
2022.12.20 22:29:06 INFO  Downloaded from central: https://repo.maven.apache.org/maven2/org/apache/maven/shared/maven-dependency-tree/3.0.1/maven-dependency-tree-3.0.1.jar (37 kB at 12 kB/s)
2022.12.20 22:29:06 INFO  Downloading from central: https://repo.maven.apache.org/maven2/org/tukaani/xz/1.9/xz-1.9.jar
2022.12.20 22:29:06 INFO  Progress (2): 195 kB | 4.1/76 kB
2022.12.20 22:29:06 INFO  Progress (2): 195 kB | 8.2/76 kB
2022.12.20 22:29:06 INFO  Progress (2): 195 kB | 12/76 kB 
2022.12.20 22:29:06 INFO  Progress (2): 195 kB | 16/76 kB
2022.12.20 22:29:06 INFO  Progress (2): 195 kB | 20/76 kB
2022.12.20 22:29:06 INFO  Progress (2): 195 kB | 25/76 kB
2022.12.20 22:29:06 INFO  Progress (2): 195 kB | 29/76 kB
2022.12.20 22:29:06 INFO  Progress (2): 195 kB | 33/76 kB
2022.12.20 22:29:06 INFO  Progress (2): 195 kB | 37/76 kB
2022.12.20 22:29:06 INFO  Progress (2): 195 kB | 41/76 kB
2022.12.20 22:29:06 INFO  Progress (2): 195 kB | 45/76 kB
2022.12.20 22:29:06 INFO  Progress (2): 195 kB | 49/76 kB
2022.12.20 22:29:06 INFO  Progress (2): 195 kB | 53/76 kB
2022.12.20 22:29:06 INFO  Progress (2): 195 kB | 57/76 kB
2022.12.20 22:29:06 INFO  Progress (2): 195 kB | 61/76 kB
2022.12.20 22:29:06 INFO  Progress (2): 195 kB | 66/76 kB
2022.12.20 22:29:06 INFO  Progress (2): 195 kB | 70/76 kB
2022.12.20 22:29:06 INFO  Progress (2): 195 kB | 74/76 kB
2022.12.20 22:29:06 INFO  Progress (2): 195 kB | 76 kB   
2022.12.20 22:29:06 INFO  Progress (3): 195 kB | 76 kB | 4.1/632 kB
2022.12.20 22:29:06 INFO  Progress (3): 195 kB | 76 kB | 8.2/632 kB
2022.12.20 22:29:06 INFO  Progress (3): 195 kB | 76 kB | 12/632 kB 
2022.12.20 22:29:06 INFO  Progress (3): 195 kB | 76 kB | 16/632 kB
2022.12.20 22:29:06 INFO  Progress (3): 195 kB | 76 kB | 20/632 kB
2022.12.20 22:29:06 INFO  Progress (3): 195 kB | 76 kB | 25/632 kB
2022.12.20 22:29:06 INFO  Progress (3): 195 kB | 76 kB | 29/632 kB
2022.12.20 22:29:06 INFO  Progress (3): 195 kB | 76 kB | 33/632 kB
2022.12.20 22:29:06 INFO  Progress (3): 195 kB | 76 kB | 37/632 kB
2022.12.20 22:29:06 INFO  Progress (3): 195 kB | 76 kB | 41/632 kB
2022.12.20 22:29:06 INFO  Progress (3): 195 kB | 76 kB | 45/632 kB
2022.12.20 22:29:06 INFO  Progress (3): 195 kB | 76 kB | 49/632 kB
2022.12.20 22:29:06 INFO  Progress (3): 195 kB | 76 kB | 53/632 kB
2022.12.20 22:29:06 INFO  Progress (3): 195 kB | 76 kB | 57/632 kB
2022.12.20 22:29:06 INFO  Progress (3): 195 kB | 76 kB | 61/632 kB
2022.12.20 22:29:06 INFO  Progress (3): 195 kB | 76 kB | 66/632 kB
2022.12.20 22:29:06 INFO  Progress (3): 195 kB | 76 kB | 70/632 kB
2022.12.20 22:29:06 INFO  Progress (3): 195 kB | 76 kB | 74/632 kB
2022.12.20 22:29:06 INFO  Progress (3): 195 kB | 76 kB | 78/632 kB
2022.12.20 22:29:06 INFO  Progress (3): 195 kB | 76 kB | 82/632 kB
2022.12.20 22:29:06 INFO  Progress (3): 195 kB | 76 kB | 86/632 kB
2022.12.20 22:29:06 INFO  Progress (3): 195 kB | 76 kB | 90/632 kB
2022.12.20 22:29:06 INFO  Progress (3): 195 kB | 76 kB | 94/632 kB
2022.12.20 22:29:06 INFO  Progress (3): 195 kB | 76 kB | 98/632 kB
2022.12.20 22:29:06 INFO  Progress (3): 195 kB | 76 kB | 102/632 kB
2022.12.20 22:29:06 INFO  Progress (3): 195 kB | 76 kB | 106/632 kB
2022.12.20 22:29:06 INFO  Progress (3): 195 kB | 76 kB | 111/632 kB
2022.12.20 22:29:06 INFO  Progress (3): 195 kB | 76 kB | 115/632 kB
2022.12.20 22:29:06 INFO  Progress (3): 195 kB | 76 kB | 119/632 kB
2022.12.20 22:29:06 INFO  Progress (3): 195 kB | 76 kB | 123/632 kB
2022.12.20 22:29:06 INFO  Progress (3): 195 kB | 76 kB | 127/632 kB
2022.12.20 22:29:06 INFO  Progress (3): 195 kB | 76 kB | 131/632 kB
2022.12.20 22:29:06 INFO  Progress (3): 195 kB | 76 kB | 135/632 kB
2022.12.20 22:29:06 INFO  Progress (3): 195 kB | 76 kB | 139/632 kB
2022.12.20 22:29:06 INFO  Progress (3): 195 kB | 76 kB | 143/632 kB
2022.12.20 22:29:06 INFO  Progress (3): 195 kB | 76 kB | 147/632 kB
2022.12.20 22:29:06 INFO  Progress (3): 195 kB | 76 kB | 152/632 kB
2022.12.20 22:29:06 INFO  Progress (3): 195 kB | 76 kB | 156/632 kB
2022.12.20 22:29:06 INFO  Progress (3): 195 kB | 76 kB | 160/632 kB
2022.12.20 22:29:06 INFO  Progress (3): 195 kB | 76 kB | 164/632 kB
2022.12.20 22:29:06 INFO  Progress (3): 195 kB | 76 kB | 168/632 kB
2022.12.20 22:29:06 INFO  Progress (3): 195 kB | 76 kB | 172/632 kB
2022.12.20 22:29:06 INFO  Progress (4): 195 kB | 76 kB | 172/632 kB | 4.1/58 kB
2022.12.20 22:29:06 INFO  Progress (4): 195 kB | 76 kB | 176/632 kB | 4.1/58 kB
2022.12.20 22:29:06 INFO  Progress (4): 195 kB | 76 kB | 180/632 kB | 4.1/58 kB
2022.12.20 22:29:06 INFO  Progress (4): 195 kB | 76 kB | 184/632 kB | 4.1/58 kB
2022.12.20 22:29:06 INFO  Progress (4): 195 kB | 76 kB | 188/632 kB | 4.1/58 kB
2022.12.20 22:29:06 INFO  Progress (4): 195 kB | 76 kB | 193/632 kB | 4.1/58 kB
2022.12.20 22:29:06 INFO  Progress (4): 195 kB | 76 kB | 197/632 kB | 4.1/58 kB
2022.12.20 22:29:06 INFO  Progress (4): 195 kB | 76 kB | 197/632 kB | 8.2/58 kB
2022.12.20 22:29:06 INFO  Progress (4): 195 kB | 76 kB | 197/632 kB | 12/58 kB 
2022.12.20 22:29:06 INFO  Progress (4): 195 kB | 76 kB | 197/632 kB | 16/58 kB
2022.12.20 22:29:06 INFO  Progress (4): 195 kB | 76 kB | 201/632 kB | 16/58 kB
2022.12.20 22:29:06 INFO  Progress (4): 195 kB | 76 kB | 205/632 kB | 16/58 kB
2022.12.20 22:29:06 INFO  Progress (4): 195 kB | 76 kB | 209/632 kB | 16/58 kB
2022.12.20 22:29:06 INFO  Progress (4): 195 kB | 76 kB | 213/632 kB | 16/58 kB
2022.12.20 22:29:06 INFO  Progress (4): 195 kB | 76 kB | 213/632 kB | 20/58 kB
2022.12.20 22:29:06 INFO  Progress (4): 195 kB | 76 kB | 217/632 kB | 20/58 kB
2022.12.20 22:29:06 INFO  Progress (4): 195 kB | 76 kB | 221/632 kB | 20/58 kB
2022.12.20 22:29:06 INFO  Progress (4): 195 kB | 76 kB | 221/632 kB | 25/58 kB
2022.12.20 22:29:06 INFO  Progress (4): 195 kB | 76 kB | 225/632 kB | 25/58 kB
2022.12.20 22:29:06 INFO  Progress (4): 195 kB | 76 kB | 225/632 kB | 29/58 kB
2022.12.20 22:29:06 INFO  Progress (4): 195 kB | 76 kB | 229/632 kB | 29/58 kB
2022.12.20 22:29:06 INFO  Progress (4): 195 kB | 76 kB | 229/632 kB | 33/58 kB
2022.12.20 22:29:06 INFO  Progress (4): 195 kB | 76 kB | 233/632 kB | 33/58 kB
2022.12.20 22:29:06 INFO  Progress (4): 195 kB | 76 kB | 233/632 kB | 37/58 kB
2022.12.20 22:29:06 INFO  Progress (4): 195 kB | 76 kB | 233/632 kB | 41/58 kB
2022.12.20 22:29:06 INFO  Progress (4): 195 kB | 76 kB | 238/632 kB | 41/58 kB
2022.12.20 22:29:06 INFO  Progress (4): 195 kB | 76 kB | 238/632 kB | 45/58 kB
2022.12.20 22:29:06 INFO  Progress (4): 195 kB | 76 kB | 238/632 kB | 49/58 kB
2022.12.20 22:29:06 INFO  Progress (4): 195 kB | 76 kB | 238/632 kB | 53/58 kB
2022.12.20 22:29:06 INFO  Progress (4): 195 kB | 76 kB | 238/632 kB | 57/58 kB
2022.12.20 22:29:06 INFO  Progress (4): 195 kB | 76 kB | 238/632 kB | 58 kB   
2022.12.20 22:29:06 INFO  Progress (4): 195 kB | 76 kB | 242/632 kB | 58 kB
2022.12.20 22:29:06 INFO  Progress (4): 195 kB | 76 kB | 246/632 kB | 58 kB
2022.12.20 22:29:06 INFO  Progress (4): 195 kB | 76 kB | 250/632 kB | 58 kB
2022.12.20 22:29:06 INFO  Progress (4): 195 kB | 76 kB | 254/632 kB | 58 kB
2022.12.20 22:29:06 INFO  Progress (4): 195 kB | 76 kB | 258/632 kB | 58 kB
2022.12.20 22:29:06 INFO  Progress (4): 195 kB | 76 kB | 262/632 kB | 58 kB
2022.12.20 22:29:06 INFO  Progress (4): 195 kB | 76 kB | 266/632 kB | 58 kB
2022.12.20 22:29:06 INFO  Progress (4): 195 kB | 76 kB | 270/632 kB | 58 kB
2022.12.20 22:29:06 INFO  Progress (4): 195 kB | 76 kB | 274/632 kB | 58 kB
2022.12.20 22:29:06 INFO  Progress (4): 195 kB | 76 kB | 279/632 kB | 58 kB
2022.12.20 22:29:06 INFO  Progress (4): 195 kB | 76 kB | 283/632 kB | 58 kB
2022.12.20 22:29:06 INFO  Progress (4): 195 kB | 76 kB | 287/632 kB | 58 kB
2022.12.20 22:29:06 INFO  Progress (4): 195 kB | 76 kB | 291/632 kB | 58 kB
2022.12.20 22:29:06 INFO  Progress (4): 195 kB | 76 kB | 295/632 kB | 58 kB
2022.12.20 22:29:06 INFO  Progress (4): 195 kB | 76 kB | 299/632 kB | 58 kB
2022.12.20 22:29:06 INFO  Progress (4): 195 kB | 76 kB | 303/632 kB | 58 kB
2022.12.20 22:29:06 INFO  Progress (4): 195 kB | 76 kB | 307/632 kB | 58 kB
2022.12.20 22:29:06 INFO  Progress (4): 195 kB | 76 kB | 311/632 kB | 58 kB
2022.12.20 22:29:06 INFO  Progress (4): 195 kB | 76 kB | 315/632 kB | 58 kB
2022.12.20 22:29:06 INFO  Progress (4): 195 kB | 76 kB | 319/632 kB | 58 kB
2022.12.20 22:29:06 INFO  Progress (4): 195 kB | 76 kB | 324/632 kB | 58 kB
2022.12.20 22:29:06 INFO  Progress (4): 195 kB | 76 kB | 328/632 kB | 58 kB
2022.12.20 22:29:06 INFO  Progress (4): 195 kB | 76 kB | 332/632 kB | 58 kB
2022.12.20 22:29:06 INFO  Progress (4): 195 kB | 76 kB | 336/632 kB | 58 kB
2022.12.20 22:29:06 INFO  Progress (4): 195 kB | 76 kB | 340/632 kB | 58 kB
2022.12.20 22:29:06 INFO  Progress (4): 195 kB | 76 kB | 344/632 kB | 58 kB
2022.12.20 22:29:06 INFO  Progress (4): 195 kB | 76 kB | 348/632 kB | 58 kB
2022.12.20 22:29:06 INFO  Progress (4): 195 kB | 76 kB | 352/632 kB | 58 kB
2022.12.20 22:29:06 INFO  Progress (4): 195 kB | 76 kB | 356/632 kB | 58 kB
2022.12.20 22:29:06 INFO  Progress (4): 195 kB | 76 kB | 360/632 kB | 58 kB
2022.12.20 22:29:06 INFO  Progress (4): 195 kB | 76 kB | 365/632 kB | 58 kB
2022.12.20 22:29:06 INFO  Progress (4): 195 kB | 76 kB | 369/632 kB | 58 kB
2022.12.20 22:29:06 INFO  Progress (4): 195 kB | 76 kB | 373/632 kB | 58 kB
2022.12.20 22:29:06 INFO  Progress (4): 195 kB | 76 kB | 377/632 kB | 58 kB
2022.12.20 22:29:06 INFO  Progress (4): 195 kB | 76 kB | 381/632 kB | 58 kB
2022.12.20 22:29:06 INFO  Progress (4): 195 kB | 76 kB | 385/632 kB | 58 kB
2022.12.20 22:29:06 INFO  Progress (4): 195 kB | 76 kB | 389/632 kB | 58 kB
2022.12.20 22:29:06 INFO  Progress (4): 195 kB | 76 kB | 393/632 kB | 58 kB
2022.12.20 22:29:06 INFO  Progress (4): 195 kB | 76 kB | 397/632 kB | 58 kB
2022.12.20 22:29:06 INFO  Progress (4): 195 kB | 76 kB | 401/632 kB | 58 kB
2022.12.20 22:29:06 INFO  Progress (4): 195 kB | 76 kB | 406/632 kB | 58 kB
2022.12.20 22:29:06 INFO  Progress (4): 195 kB | 76 kB | 410/632 kB | 58 kB
2022.12.20 22:29:06 INFO  Progress (4): 195 kB | 76 kB | 414/632 kB | 58 kB
2022.12.20 22:29:06 INFO  Progress (4): 195 kB | 76 kB | 418/632 kB | 58 kB
2022.12.20 22:29:06 INFO  Progress (4): 195 kB | 76 kB | 422/632 kB | 58 kB
2022.12.20 22:29:06 INFO  Progress (4): 195 kB | 76 kB | 426/632 kB | 58 kB
2022.12.20 22:29:06 INFO  Progress (4): 195 kB | 76 kB | 430/632 kB | 58 kB
2022.12.20 22:29:06 INFO  Progress (4): 195 kB | 76 kB | 434/632 kB | 58 kB
2022.12.20 22:29:06 INFO  Progress (4): 195 kB | 76 kB | 438/632 kB | 58 kB
2022.12.20 22:29:06 INFO  Progress (4): 195 kB | 76 kB | 442/632 kB | 58 kB
2022.12.20 22:29:06 INFO  Progress (4): 195 kB | 76 kB | 446/632 kB | 58 kB
2022.12.20 22:29:06 INFO  Progress (4): 195 kB | 76 kB | 451/632 kB | 58 kB
2022.12.20 22:29:06 INFO  Progress (4): 195 kB | 76 kB | 455/632 kB | 58 kB
2022.12.20 22:29:06 INFO  Progress (4): 195 kB | 76 kB | 459/632 kB | 58 kB
2022.12.20 22:29:06 INFO  Progress (4): 195 kB | 76 kB | 463/632 kB | 58 kB
2022.12.20 22:29:06 INFO  Progress (4): 195 kB | 76 kB | 467/632 kB | 58 kB
2022.12.20 22:29:06 INFO  Progress (4): 195 kB | 76 kB | 471/632 kB | 58 kB
2022.12.20 22:29:06 INFO  Progress (4): 195 kB | 76 kB | 475/632 kB | 58 kB
2022.12.20 22:29:06 INFO  Progress (4): 195 kB | 76 kB | 479/632 kB | 58 kB
2022.12.20 22:29:06 INFO  Progress (4): 195 kB | 76 kB | 483/632 kB | 58 kB
2022.12.20 22:29:06 INFO  Progress (4): 195 kB | 76 kB | 487/632 kB | 58 kB
2022.12.20 22:29:06 INFO  Progress (4): 195 kB | 76 kB | 492/632 kB | 58 kB
2022.12.20 22:29:06 INFO  Progress (4): 195 kB | 76 kB | 496/632 kB | 58 kB
2022.12.20 22:29:06 INFO  Progress (4): 195 kB | 76 kB | 500/632 kB | 58 kB
2022.12.20 22:29:06 INFO  Progress (4): 195 kB | 76 kB | 504/632 kB | 58 kB
2022.12.20 22:29:06 INFO  Progress (4): 195 kB | 76 kB | 508/632 kB | 58 kB
2022.12.20 22:29:06 INFO  Progress (4): 195 kB | 76 kB | 512/632 kB | 58 kB
2022.12.20 22:29:06 INFO  Progress (4): 195 kB | 76 kB | 516/632 kB | 58 kB
2022.12.20 22:29:06 INFO  Progress (4): 195 kB | 76 kB | 520/632 kB | 58 kB
2022.12.20 22:29:06 INFO  Progress (4): 195 kB | 76 kB | 524/632 kB | 58 kB
2022.12.20 22:29:06 INFO  Progress (4): 195 kB | 76 kB | 528/632 kB | 58 kB
2022.12.20 22:29:06 INFO  Progress (4): 195 kB | 76 kB | 532/632 kB | 58 kB
2022.12.20 22:29:06 INFO  Progress (4): 195 kB | 76 kB | 537/632 kB | 58 kB
2022.12.20 22:29:06 INFO  Progress (4): 195 kB | 76 kB | 541/632 kB | 58 kB
2022.12.20 22:29:06 INFO  Progress (4): 195 kB | 76 kB | 545/632 kB | 58 kB
2022.12.20 22:29:06 INFO  Progress (4): 195 kB | 76 kB | 549/632 kB | 58 kB
2022.12.20 22:29:06 INFO  Progress (4): 195 kB | 76 kB | 553/632 kB | 58 kB
2022.12.20 22:29:06 INFO  Progress (4): 195 kB | 76 kB | 557/632 kB | 58 kB
2022.12.20 22:29:06 INFO  Progress (4): 195 kB | 76 kB | 561/632 kB | 58 kB
2022.12.20 22:29:06 INFO  Progress (4): 195 kB | 76 kB | 565/632 kB | 58 kB
2022.12.20 22:29:06 INFO  Progress (4): 195 kB | 76 kB | 569/632 kB | 58 kB
2022.12.20 22:29:06 INFO  Progress (4): 195 kB | 76 kB | 573/632 kB | 58 kB
2022.12.20 22:29:06 INFO  Progress (4): 195 kB | 76 kB | 578/632 kB | 58 kB
2022.12.20 22:29:06 INFO  Progress (4): 195 kB | 76 kB | 582/632 kB | 58 kB
2022.12.20 22:29:06 INFO  Progress (4): 195 kB | 76 kB | 586/632 kB | 58 kB
2022.12.20 22:29:06 INFO  Progress (4): 195 kB | 76 kB | 590/632 kB | 58 kB
2022.12.20 22:29:06 INFO  Progress (4): 195 kB | 76 kB | 594/632 kB | 58 kB
2022.12.20 22:29:06 INFO  Progress (4): 195 kB | 76 kB | 598/632 kB | 58 kB
2022.12.20 22:29:06 INFO  Progress (4): 195 kB | 76 kB | 602/632 kB | 58 kB
2022.12.20 22:29:06 INFO  Progress (4): 195 kB | 76 kB | 606/632 kB | 58 kB
2022.12.20 22:29:06 INFO  Progress (4): 195 kB | 76 kB | 610/632 kB | 58 kB
2022.12.20 22:29:06 INFO  Progress (4): 195 kB | 76 kB | 614/632 kB | 58 kB
2022.12.20 22:29:06 INFO  Progress (4): 195 kB | 76 kB | 618/632 kB | 58 kB
2022.12.20 22:29:06 INFO  Progress (4): 195 kB | 76 kB | 623/632 kB | 58 kB
2022.12.20 22:29:06 INFO  Progress (4): 195 kB | 76 kB | 627/632 kB | 58 kB
2022.12.20 22:29:06 INFO  Progress (4): 195 kB | 76 kB | 631/632 kB | 58 kB
2022.12.20 22:29:06 INFO  Progress (4): 195 kB | 76 kB | 632 kB | 58 kB    
2022.12.20 22:29:06 INFO                                               
2022.12.20 22:29:06 INFO  Downloaded from central: https://repo.maven.apache.org/maven2/org/codehaus/plexus/plexus-archiver/4.2.5/plexus-archiver-4.2.5.jar (195 kB at 64 kB/s)
2022.12.20 22:29:06 INFO  Downloading from central: https://repo.maven.apache.org/maven2/org/apache/maven/maven-archiver/3.5.1/maven-archiver-3.5.1.jar
2022.12.20 22:29:06 INFO  Progress (4): 76 kB | 632 kB | 58 kB | 4.1/116 kB
2022.12.20 22:29:06 INFO  Progress (4): 76 kB | 632 kB | 58 kB | 8.2/116 kB
2022.12.20 22:29:06 INFO  Progress (4): 76 kB | 632 kB | 58 kB | 12/116 kB 
2022.12.20 22:29:06 INFO  Progress (4): 76 kB | 632 kB | 58 kB | 16/116 kB
2022.12.20 22:29:06 INFO  Progress (4): 76 kB | 632 kB | 58 kB | 20/116 kB
2022.12.20 22:29:06 INFO  Progress (4): 76 kB | 632 kB | 58 kB | 25/116 kB
2022.12.20 22:29:06 INFO  Progress (4): 76 kB | 632 kB | 58 kB | 29/116 kB
2022.12.20 22:29:06 INFO  Progress (4): 76 kB | 632 kB | 58 kB | 33/116 kB
2022.12.20 22:29:06 INFO  Progress (4): 76 kB | 632 kB | 58 kB | 37/116 kB
2022.12.20 22:29:06 INFO  Progress (4): 76 kB | 632 kB | 58 kB | 41/116 kB
2022.12.20 22:29:06 INFO  Progress (4): 76 kB | 632 kB | 58 kB | 45/116 kB
2022.12.20 22:29:06 INFO  Progress (4): 76 kB | 632 kB | 58 kB | 49/116 kB
2022.12.20 22:29:06 INFO  Progress (4): 76 kB | 632 kB | 58 kB | 53/116 kB
2022.12.20 22:29:06 INFO  Progress (4): 76 kB | 632 kB | 58 kB | 57/116 kB
2022.12.20 22:29:06 INFO  Progress (4): 76 kB | 632 kB | 58 kB | 61/116 kB
2022.12.20 22:29:06 INFO  Progress (4): 76 kB | 632 kB | 58 kB | 66/116 kB
2022.12.20 22:29:06 INFO  Progress (4): 76 kB | 632 kB | 58 kB | 70/116 kB
2022.12.20 22:29:06 INFO  Progress (4): 76 kB | 632 kB | 58 kB | 74/116 kB
2022.12.20 22:29:06 INFO  Progress (4): 76 kB | 632 kB | 58 kB | 78/116 kB
2022.12.20 22:29:06 INFO  Progress (4): 76 kB | 632 kB | 58 kB | 82/116 kB
2022.12.20 22:29:06 INFO  Progress (4): 76 kB | 632 kB | 58 kB | 86/116 kB
2022.12.20 22:29:06 INFO  Progress (4): 76 kB | 632 kB | 58 kB | 90/116 kB
2022.12.20 22:29:06 INFO  Progress (4): 76 kB | 632 kB | 58 kB | 94/116 kB
2022.12.20 22:29:06 INFO  Progress (4): 76 kB | 632 kB | 58 kB | 98/116 kB
2022.12.20 22:29:06 INFO  Progress (4): 76 kB | 632 kB | 58 kB | 102/116 kB
2022.12.20 22:29:06 INFO  Progress (4): 76 kB | 632 kB | 58 kB | 106/116 kB
2022.12.20 22:29:06 INFO  Progress (4): 76 kB | 632 kB | 58 kB | 111/116 kB
2022.12.20 22:29:06 INFO  Progress (4): 76 kB | 632 kB | 58 kB | 115/116 kB
2022.12.20 22:29:06 INFO  Progress (4): 76 kB | 632 kB | 58 kB | 116 kB    
2022.12.20 22:29:06 INFO                                               
2022.12.20 22:29:06 INFO  Downloaded from central: https://repo.maven.apache.org/maven2/org/codehaus/plexus/plexus-io/3.2.0/plexus-io-3.2.0.jar (76 kB at 24 kB/s)
2022.12.20 22:29:06 INFO  Downloading from central: https://repo.maven.apache.org/maven2/org/apache/maven/shared/maven-shared-utils/3.3.3/maven-shared-utils-3.3.3.jar
2022.12.20 22:29:06 INFO  Progress (4): 632 kB | 58 kB | 116 kB | 4.1/26 kB
2022.12.20 22:29:06 INFO  Progress (4): 632 kB | 58 kB | 116 kB | 8.2/26 kB
2022.12.20 22:29:06 INFO                                                   
2022.12.20 22:29:06 INFO  Downloaded from central: https://repo.maven.apache.org/maven2/org/iq80/snappy/snappy/0.4/snappy-0.4.jar (58 kB at 18 kB/s)
2022.12.20 22:29:06 INFO  Progress (3): 632 kB | 116 kB | 12/26 kB
2022.12.20 22:29:06 INFO                                          
2022.12.20 22:29:06 INFO  Downloading from central: https://repo.maven.apache.org/maven2/org/apache/maven/doxia/doxia-sink-api/1.9.1/doxia-sink-api-1.9.1.jar
2022.12.20 22:29:06 INFO  Progress (3): 632 kB | 116 kB | 16/26 kB
2022.12.20 22:29:06 INFO  Progress (3): 632 kB | 116 kB | 20/26 kB
2022.12.20 22:29:06 INFO  Progress (3): 632 kB | 116 kB | 25/26 kB
2022.12.20 22:29:06 INFO  Progress (3): 632 kB | 116 kB | 26 kB   
2022.12.20 22:29:06 INFO                                       
2022.12.20 22:29:06 INFO  Downloaded from central: https://repo.maven.apache.org/maven2/org/apache/commons/commons-compress/1.20/commons-compress-1.20.jar (632 kB at 198 kB/s)
2022.12.20 22:29:06 INFO  Downloading from central: https://repo.maven.apache.org/maven2/org/apache/maven/doxia/doxia-logging-api/1.9.1/doxia-logging-api-1.9.1.jar
2022.12.20 22:29:06 INFO  Downloaded from central: https://repo.maven.apache.org/maven2/org/tukaani/xz/1.9/xz-1.9.jar (116 kB at 36 kB/s)
2022.12.20 22:29:06 INFO  Downloading from central: https://repo.maven.apache.org/maven2/org/apache/maven/shared/maven-invoker/3.1.0/maven-invoker-3.1.0.jar
2022.12.20 22:29:06 INFO  Progress (2): 26 kB | 4.1/154 kB
2022.12.20 22:29:06 INFO  Progress (2): 26 kB | 8.2/154 kB
2022.12.20 22:29:06 INFO  Progress (2): 26 kB | 12/154 kB 
2022.12.20 22:29:06 INFO  Progress (2): 26 kB | 16/154 kB
2022.12.20 22:29:06 INFO  Progress (2): 26 kB | 20/154 kB
2022.12.20 22:29:06 INFO  Progress (2): 26 kB | 25/154 kB
2022.12.20 22:29:06 INFO  Progress (2): 26 kB | 29/154 kB
2022.12.20 22:29:06 INFO  Progress (2): 26 kB | 33/154 kB
2022.12.20 22:29:06 INFO  Progress (2): 26 kB | 37/154 kB
2022.12.20 22:29:06 INFO  Progress (2): 26 kB | 41/154 kB
2022.12.20 22:29:06 INFO  Progress (2): 26 kB | 45/154 kB
2022.12.20 22:29:06 INFO  Progress (2): 26 kB | 49/154 kB
2022.12.20 22:29:06 INFO  Progress (2): 26 kB | 53/154 kB
2022.12.20 22:29:06 INFO  Progress (2): 26 kB | 57/154 kB
2022.12.20 22:29:06 INFO  Progress (2): 26 kB | 61/154 kB
2022.12.20 22:29:06 INFO  Progress (2): 26 kB | 66/154 kB
2022.12.20 22:29:06 INFO  Progress (2): 26 kB | 70/154 kB
2022.12.20 22:29:06 INFO  Progress (2): 26 kB | 74/154 kB
2022.12.20 22:29:06 INFO  Progress (2): 26 kB | 78/154 kB
2022.12.20 22:29:06 INFO  Progress (2): 26 kB | 82/154 kB
2022.12.20 22:29:06 INFO  Progress (2): 26 kB | 86/154 kB
2022.12.20 22:29:06 INFO  Progress (2): 26 kB | 90/154 kB
2022.12.20 22:29:06 INFO  Progress (2): 26 kB | 94/154 kB
2022.12.20 22:29:06 INFO  Progress (2): 26 kB | 98/154 kB
2022.12.20 22:29:06 INFO  Progress (2): 26 kB | 102/154 kB
2022.12.20 22:29:06 INFO  Progress (2): 26 kB | 106/154 kB
2022.12.20 22:29:06 INFO  Progress (2): 26 kB | 111/154 kB
2022.12.20 22:29:06 INFO  Progress (2): 26 kB | 115/154 kB
2022.12.20 22:29:06 INFO  Progress (2): 26 kB | 119/154 kB
2022.12.20 22:29:06 INFO  Progress (2): 26 kB | 123/154 kB
2022.12.20 22:29:06 INFO  Progress (2): 26 kB | 127/154 kB
2022.12.20 22:29:06 INFO  Progress (2): 26 kB | 131/154 kB
2022.12.20 22:29:06 INFO  Progress (3): 26 kB | 131/154 kB | 4.1/12 kB
2022.12.20 22:29:06 INFO  Progress (3): 26 kB | 131/154 kB | 8.2/12 kB
2022.12.20 22:29:06 INFO  Progress (3): 26 kB | 131/154 kB | 12 kB    
2022.12.20 22:29:06 INFO  Progress (3): 26 kB | 135/154 kB | 12 kB
2022.12.20 22:29:06 INFO  Progress (3): 26 kB | 139/154 kB | 12 kB
2022.12.20 22:29:06 INFO  Progress (3): 26 kB | 143/154 kB | 12 kB
2022.12.20 22:29:06 INFO  Progress (3): 26 kB | 147/154 kB | 12 kB
2022.12.20 22:29:06 INFO  Progress (3): 26 kB | 152/154 kB | 12 kB
2022.12.20 22:29:06 INFO  Progress (3): 26 kB | 154 kB | 12 kB    
2022.12.20 22:29:06 INFO                                      
2022.12.20 22:29:06 INFO  Downloaded from central: https://repo.maven.apache.org/maven2/org/apache/maven/maven-archiver/3.5.1/maven-archiver-3.5.1.jar (26 kB at 7.8 kB/s)
2022.12.20 22:29:06 INFO  Downloading from central: https://repo.maven.apache.org/maven2/javax/inject/javax.inject/1/javax.inject-1.jar
2022.12.20 22:29:06 INFO  Progress (3): 154 kB | 12 kB | 4.1/12 kB
2022.12.20 22:29:06 INFO  Progress (3): 154 kB | 12 kB | 8.2/12 kB
2022.12.20 22:29:06 INFO  Progress (3): 154 kB | 12 kB | 12 kB    
2022.12.20 22:29:06 INFO  Progress (4): 154 kB | 12 kB | 12 kB | 4.1/33 kB
2022.12.20 22:29:06 INFO  Progress (4): 154 kB | 12 kB | 12 kB | 8.2/33 kB
2022.12.20 22:29:06 INFO  Progress (4): 154 kB | 12 kB | 12 kB | 12/33 kB 
2022.12.20 22:29:06 INFO  Progress (4): 154 kB | 12 kB | 12 kB | 16/33 kB
2022.12.20 22:29:06 INFO  Progress (4): 154 kB | 12 kB | 12 kB | 20/33 kB
2022.12.20 22:29:06 INFO  Progress (4): 154 kB | 12 kB | 12 kB | 24/33 kB
2022.12.20 22:29:06 INFO  Progress (4): 154 kB | 12 kB | 12 kB | 28/33 kB
2022.12.20 22:29:06 INFO  Progress (4): 154 kB | 12 kB | 12 kB | 32/33 kB
2022.12.20 22:29:06 INFO  Progress (4): 154 kB | 12 kB | 12 kB | 33 kB   
2022.12.20 22:29:07 INFO                                              
2022.12.20 22:29:07 INFO  Downloaded from central: https://repo.maven.apache.org/maven2/org/apache/maven/doxia/doxia-sink-api/1.9.1/doxia-sink-api-1.9.1.jar (12 kB at 3.4 kB/s)
2022.12.20 22:29:07 INFO  Downloading from central: https://repo.maven.apache.org/maven2/org/scala-sbt/zinc_2.13/1.5.5/zinc_2.13-1.5.5.jar
2022.12.20 22:29:07 INFO  Progress (4): 154 kB | 12 kB | 33 kB | 2.5 kB
2022.12.20 22:29:07 INFO                                               
2022.12.20 22:29:07 INFO  Downloaded from central: https://repo.maven.apache.org/maven2/org/apache/maven/doxia/doxia-logging-api/1.9.1/doxia-logging-api-1.9.1.jar (12 kB at 3.3 kB/s)
2022.12.20 22:29:07 INFO  Downloading from central: https://repo.maven.apache.org/maven2/org/scala-sbt/zinc-core_2.13/1.5.5/zinc-core_2.13-1.5.5.jar
2022.12.20 22:29:07 INFO  Downloaded from central: https://repo.maven.apache.org/maven2/org/apache/maven/shared/maven-shared-utils/3.3.3/maven-shared-utils-3.3.3.jar (154 kB at 44 kB/s)
2022.12.20 22:29:07 INFO  Downloading from central: https://repo.maven.apache.org/maven2/org/scala-sbt/zinc-apiinfo_2.13/1.5.5/zinc-apiinfo_2.13-1.5.5.jar
2022.12.20 22:29:07 INFO  Downloaded from central: https://repo.maven.apache.org/maven2/org/apache/maven/shared/maven-invoker/3.1.0/maven-invoker-3.1.0.jar (33 kB at 9.2 kB/s)
2022.12.20 22:29:07 INFO  Downloading from central: https://repo.maven.apache.org/maven2/org/scala-sbt/compiler-bridge_2.13/1.5.5/compiler-bridge_2.13-1.5.5.jar
2022.12.20 22:29:07 INFO  Downloaded from central: https://repo.maven.apache.org/maven2/javax/inject/javax.inject/1/javax.inject-1.jar (2.5 kB at 693 B/s)
2022.12.20 22:29:07 INFO  Downloading from central: https://repo.maven.apache.org/maven2/org/scala-sbt/zinc-classpath_2.13/1.5.5/zinc-classpath_2.13-1.5.5.jar
2022.12.20 22:29:07 INFO  Progress (1): 4.1/75 kB
2022.12.20 22:29:07 INFO  Progress (1): 8.2/75 kB
2022.12.20 22:29:07 INFO  Progress (1): 12/75 kB 
2022.12.20 22:29:07 INFO  Progress (1): 16/75 kB
2022.12.20 22:29:07 INFO  Progress (1): 20/75 kB
2022.12.20 22:29:07 INFO  Progress (1): 25/75 kB
2022.12.20 22:29:07 INFO  Progress (1): 29/75 kB
2022.12.20 22:29:07 INFO  Progress (1): 33/75 kB
2022.12.20 22:29:07 INFO  Progress (1): 37/75 kB
2022.12.20 22:29:07 INFO  Progress (1): 41/75 kB
2022.12.20 22:29:07 INFO  Progress (1): 45/75 kB
2022.12.20 22:29:07 INFO  Progress (1): 49/75 kB
2022.12.20 22:29:07 INFO  Progress (1): 53/75 kB
2022.12.20 22:29:07 INFO  Progress (1): 57/75 kB
2022.12.20 22:29:07 INFO  Progress (1): 61/75 kB
2022.12.20 22:29:07 INFO  Progress (1): 65/75 kB
2022.12.20 22:29:07 INFO  Progress (1): 69/75 kB
2022.12.20 22:29:07 INFO  Progress (1): 73/75 kB
2022.12.20 22:29:07 INFO  Progress (1): 75 kB   
2022.12.20 22:29:07 INFO  Progress (2): 75 kB | 4.1/466 kB
2022.12.20 22:29:07 INFO  Progress (2): 75 kB | 8.2/466 kB
2022.12.20 22:29:07 INFO  Progress (2): 75 kB | 12/466 kB 
2022.12.20 22:29:07 INFO  Progress (2): 75 kB | 16/466 kB
2022.12.20 22:29:07 INFO  Progress (2): 75 kB | 20/466 kB
2022.12.20 22:29:07 INFO  Progress (2): 75 kB | 24/466 kB
2022.12.20 22:29:07 INFO  Progress (2): 75 kB | 28/466 kB
2022.12.20 22:29:07 INFO  Progress (2): 75 kB | 32/466 kB
2022.12.20 22:29:07 INFO  Progress (2): 75 kB | 36/466 kB
2022.12.20 22:29:07 INFO  Progress (2): 75 kB | 40/466 kB
2022.12.20 22:29:07 INFO  Progress (2): 75 kB | 45/466 kB
2022.12.20 22:29:07 INFO  Progress (2): 75 kB | 49/466 kB
2022.12.20 22:29:07 INFO  Progress (2): 75 kB | 53/466 kB
2022.12.20 22:29:07 INFO  Progress (2): 75 kB | 57/466 kB
2022.12.20 22:29:07 INFO  Progress (2): 75 kB | 61/466 kB
2022.12.20 22:29:07 INFO  Progress (2): 75 kB | 65/466 kB
2022.12.20 22:29:07 INFO  Progress (2): 75 kB | 69/466 kB
2022.12.20 22:29:07 INFO  Progress (2): 75 kB | 73/466 kB
2022.12.20 22:29:07 INFO  Progress (2): 75 kB | 77/466 kB
2022.12.20 22:29:07 INFO  Progress (2): 75 kB | 81/466 kB
2022.12.20 22:29:07 INFO  Progress (2): 75 kB | 85/466 kB
2022.12.20 22:29:07 INFO  Progress (2): 75 kB | 90/466 kB
2022.12.20 22:29:07 INFO  Progress (2): 75 kB | 94/466 kB
2022.12.20 22:29:07 INFO  Progress (2): 75 kB | 98/466 kB
2022.12.20 22:29:07 INFO  Progress (2): 75 kB | 102/466 kB
2022.12.20 22:29:07 INFO  Progress (2): 75 kB | 106/466 kB
2022.12.20 22:29:07 INFO  Progress (2): 75 kB | 110/466 kB
2022.12.20 22:29:07 INFO  Progress (2): 75 kB | 114/466 kB
2022.12.20 22:29:07 INFO  Progress (2): 75 kB | 118/466 kB
2022.12.20 22:29:07 INFO  Progress (2): 75 kB | 122/466 kB
2022.12.20 22:29:07 INFO  Progress (2): 75 kB | 126/466 kB
2022.12.20 22:29:07 INFO  Progress (2): 75 kB | 131/466 kB
2022.12.20 22:29:07 INFO  Progress (2): 75 kB | 135/466 kB
2022.12.20 22:29:07 INFO  Progress (2): 75 kB | 139/466 kB
2022.12.20 22:29:07 INFO  Progress (2): 75 kB | 143/466 kB
2022.12.20 22:29:07 INFO  Progress (2): 75 kB | 147/466 kB
2022.12.20 22:29:07 INFO  Progress (2): 75 kB | 151/466 kB
2022.12.20 22:29:07 INFO  Progress (2): 75 kB | 155/466 kB
2022.12.20 22:29:07 INFO  Progress (2): 75 kB | 159/466 kB
2022.12.20 22:29:07 INFO  Progress (2): 75 kB | 163/466 kB
2022.12.20 22:29:07 INFO  Progress (2): 75 kB | 167/466 kB
2022.12.20 22:29:07 INFO  Progress (2): 75 kB | 171/466 kB
2022.12.20 22:29:07 INFO  Progress (2): 75 kB | 176/466 kB
2022.12.20 22:29:07 INFO  Progress (2): 75 kB | 180/466 kB
2022.12.20 22:29:07 INFO  Progress (2): 75 kB | 184/466 kB
2022.12.20 22:29:07 INFO  Progress (2): 75 kB | 188/466 kB
2022.12.20 22:29:07 INFO  Progress (2): 75 kB | 192/466 kB
2022.12.20 22:29:07 INFO  Progress (2): 75 kB | 196/466 kB
2022.12.20 22:29:07 INFO  Progress (2): 75 kB | 200/466 kB
2022.12.20 22:29:07 INFO  Progress (2): 75 kB | 204/466 kB
2022.12.20 22:29:07 INFO  Progress (2): 75 kB | 208/466 kB
2022.12.20 22:29:07 INFO  Progress (2): 75 kB | 212/466 kB
2022.12.20 22:29:07 INFO  Progress (2): 75 kB | 217/466 kB
2022.12.20 22:29:07 INFO  Progress (2): 75 kB | 221/466 kB
2022.12.20 22:29:07 INFO  Progress (2): 75 kB | 225/466 kB
2022.12.20 22:29:07 INFO  Progress (2): 75 kB | 229/466 kB
2022.12.20 22:29:07 INFO  Progress (2): 75 kB | 233/466 kB
2022.12.20 22:29:07 INFO  Progress (3): 75 kB | 233/466 kB | 4.1/165 kB
2022.12.20 22:29:07 INFO  Progress (3): 75 kB | 237/466 kB | 4.1/165 kB
2022.12.20 22:29:07 INFO  Progress (3): 75 kB | 241/466 kB | 4.1/165 kB
2022.12.20 22:29:07 INFO  Progress (3): 75 kB | 245/466 kB | 4.1/165 kB
2022.12.20 22:29:07 INFO  Progress (3): 75 kB | 249/466 kB | 4.1/165 kB
2022.12.20 22:29:07 INFO  Progress (3): 75 kB | 253/466 kB | 4.1/165 kB
2022.12.20 22:29:07 INFO  Progress (3): 75 kB | 258/466 kB | 4.1/165 kB
2022.12.20 22:29:07 INFO  Progress (3): 75 kB | 262/466 kB | 4.1/165 kB
2022.12.20 22:29:07 INFO  Progress (3): 75 kB | 262/466 kB | 8.2/165 kB
2022.12.20 22:29:07 INFO  Progress (3): 75 kB | 266/466 kB | 8.2/165 kB
2022.12.20 22:29:07 INFO  Progress (3): 75 kB | 266/466 kB | 12/165 kB 
2022.12.20 22:29:07 INFO  Progress (3): 75 kB | 266/466 kB | 16/165 kB
2022.12.20 22:29:07 INFO  Progress (3): 75 kB | 270/466 kB | 16/165 kB
2022.12.20 22:29:07 INFO  Progress (3): 75 kB | 274/466 kB | 16/165 kB
2022.12.20 22:29:07 INFO  Progress (3): 75 kB | 278/466 kB | 16/165 kB
2022.12.20 22:29:07 INFO  Progress (3): 75 kB | 282/466 kB | 16/165 kB
2022.12.20 22:29:07 INFO  Progress (3): 75 kB | 286/466 kB | 16/165 kB
2022.12.20 22:29:07 INFO  Progress (3): 75 kB | 290/466 kB | 16/165 kB
2022.12.20 22:29:07 INFO  Progress (3): 75 kB | 294/466 kB | 16/165 kB
2022.12.20 22:29:07 INFO  Progress (3): 75 kB | 298/466 kB | 16/165 kB
2022.12.20 22:29:07 INFO  Progress (3): 75 kB | 303/466 kB | 16/165 kB
2022.12.20 22:29:07 INFO  Progress (3): 75 kB | 307/466 kB | 16/165 kB
2022.12.20 22:29:07 INFO  Progress (3): 75 kB | 311/466 kB | 16/165 kB
2022.12.20 22:29:07 INFO  Progress (3): 75 kB | 315/466 kB | 16/165 kB
2022.12.20 22:29:07 INFO  Progress (3): 75 kB | 319/466 kB | 16/165 kB
2022.12.20 22:29:07 INFO  Progress (3): 75 kB | 323/466 kB | 16/165 kB
2022.12.20 22:29:07 INFO  Progress (3): 75 kB | 327/466 kB | 16/165 kB
2022.12.20 22:29:07 INFO  Progress (3): 75 kB | 331/466 kB | 16/165 kB
2022.12.20 22:29:07 INFO  Progress (3): 75 kB | 331/466 kB | 20/165 kB
2022.12.20 22:29:07 INFO  Progress (3): 75 kB | 335/466 kB | 20/165 kB
2022.12.20 22:29:07 INFO  Progress (3): 75 kB | 339/466 kB | 20/165 kB
2022.12.20 22:29:07 INFO  Progress (3): 75 kB | 344/466 kB | 20/165 kB
2022.12.20 22:29:07 INFO  Progress (3): 75 kB | 348/466 kB | 20/165 kB
2022.12.20 22:29:07 INFO  Progress (3): 75 kB | 352/466 kB | 20/165 kB
2022.12.20 22:29:07 INFO  Progress (3): 75 kB | 356/466 kB | 20/165 kB
2022.12.20 22:29:07 INFO  Progress (3): 75 kB | 360/466 kB | 20/165 kB
2022.12.20 22:29:07 INFO  Progress (3): 75 kB | 364/466 kB | 20/165 kB
2022.12.20 22:29:07 INFO  Progress (3): 75 kB | 368/466 kB | 20/165 kB
2022.12.20 22:29:07 INFO  Progress (3): 75 kB | 372/466 kB | 20/165 kB
2022.12.20 22:29:07 INFO  Progress (3): 75 kB | 376/466 kB | 20/165 kB
2022.12.20 22:29:07 INFO  Progress (3): 75 kB | 376/466 kB | 24/165 kB
2022.12.20 22:29:07 INFO  Progress (3): 75 kB | 376/466 kB | 28/165 kB
2022.12.20 22:29:07 INFO  Progress (3): 75 kB | 376/466 kB | 32/165 kB
2022.12.20 22:29:07 INFO  Progress (3): 75 kB | 380/466 kB | 32/165 kB
2022.12.20 22:29:07 INFO  Progress (3): 75 kB | 384/466 kB | 32/165 kB
2022.12.20 22:29:07 INFO  Progress (3): 75 kB | 389/466 kB | 32/165 kB
2022.12.20 22:29:07 INFO  Progress (3): 75 kB | 393/466 kB | 32/165 kB
2022.12.20 22:29:07 INFO  Progress (3): 75 kB | 397/466 kB | 32/165 kB
2022.12.20 22:29:07 INFO  Progress (3): 75 kB | 397/466 kB | 36/165 kB
2022.12.20 22:29:07 INFO  Progress (3): 75 kB | 401/466 kB | 36/165 kB
2022.12.20 22:29:07 INFO  Progress (3): 75 kB | 405/466 kB | 36/165 kB
2022.12.20 22:29:07 INFO  Progress (3): 75 kB | 405/466 kB | 40/165 kB
2022.12.20 22:29:07 INFO  Progress (3): 75 kB | 409/466 kB | 40/165 kB
2022.12.20 22:29:07 INFO  Progress (3): 75 kB | 409/466 kB | 45/165 kB
2022.12.20 22:29:07 INFO  Progress (3): 75 kB | 413/466 kB | 45/165 kB
2022.12.20 22:29:07 INFO  Progress (3): 75 kB | 417/466 kB | 45/165 kB
2022.12.20 22:29:07 INFO  Progress (3): 75 kB | 421/466 kB | 45/165 kB
2022.12.20 22:29:07 INFO  Progress (3): 75 kB | 421/466 kB | 49/165 kB
2022.12.20 22:29:07 INFO  Progress (3): 75 kB | 425/466 kB | 49/165 kB
2022.12.20 22:29:07 INFO  Progress (3): 75 kB | 425/466 kB | 53/165 kB
2022.12.20 22:29:07 INFO  Progress (3): 75 kB | 430/466 kB | 53/165 kB
2022.12.20 22:29:07 INFO  Progress (3): 75 kB | 430/466 kB | 57/165 kB
2022.12.20 22:29:07 INFO  Progress (3): 75 kB | 434/466 kB | 57/165 kB
2022.12.20 22:29:07 INFO  Progress (3): 75 kB | 434/466 kB | 61/165 kB
2022.12.20 22:29:07 INFO  Progress (3): 75 kB | 438/466 kB | 61/165 kB
2022.12.20 22:29:07 INFO  Progress (3): 75 kB | 438/466 kB | 65/165 kB
2022.12.20 22:29:07 INFO  Progress (3): 75 kB | 442/466 kB | 65/165 kB
2022.12.20 22:29:07 INFO  Progress (3): 75 kB | 442/466 kB | 69/165 kB
2022.12.20 22:29:07 INFO  Progress (3): 75 kB | 446/466 kB | 69/165 kB
2022.12.20 22:29:07 INFO  Progress (3): 75 kB | 446/466 kB | 73/165 kB
2022.12.20 22:29:07 INFO  Progress (3): 75 kB | 450/466 kB | 73/165 kB
2022.12.20 22:29:07 INFO  Progress (3): 75 kB | 450/466 kB | 77/165 kB
2022.12.20 22:29:07 INFO  Progress (3): 75 kB | 454/466 kB | 77/165 kB
2022.12.20 22:29:07 INFO  Progress (3): 75 kB | 454/466 kB | 81/165 kB
2022.12.20 22:29:07 INFO  Progress (3): 75 kB | 458/466 kB | 81/165 kB
2022.12.20 22:29:07 INFO  Progress (3): 75 kB | 462/466 kB | 81/165 kB
2022.12.20 22:29:07 INFO  Progress (3): 75 kB | 466/466 kB | 81/165 kB
2022.12.20 22:29:07 INFO  Progress (3): 75 kB | 466/466 kB | 85/165 kB
2022.12.20 22:29:07 INFO  Progress (3): 75 kB | 466 kB | 85/165 kB    
2022.12.20 22:29:07 INFO  Progress (3): 75 kB | 466 kB | 90/165 kB
2022.12.20 22:29:07 INFO  Progress (3): 75 kB | 466 kB | 94/165 kB
2022.12.20 22:29:07 INFO  Progress (3): 75 kB | 466 kB | 98/165 kB
2022.12.20 22:29:07 INFO  Progress (3): 75 kB | 466 kB | 102/165 kB
2022.12.20 22:29:07 INFO  Progress (3): 75 kB | 466 kB | 106/165 kB
2022.12.20 22:29:07 INFO  Progress (3): 75 kB | 466 kB | 110/165 kB
2022.12.20 22:29:07 INFO  Progress (3): 75 kB | 466 kB | 114/165 kB
2022.12.20 22:29:07 INFO  Progress (3): 75 kB | 466 kB | 118/165 kB
2022.12.20 22:29:07 INFO  Progress (3): 75 kB | 466 kB | 122/165 kB
2022.12.20 22:29:07 INFO  Progress (3): 75 kB | 466 kB | 126/165 kB
2022.12.20 22:29:07 INFO  Progress (3): 75 kB | 466 kB | 131/165 kB
2022.12.20 22:29:07 INFO  Progress (3): 75 kB | 466 kB | 135/165 kB
2022.12.20 22:29:07 INFO  Progress (3): 75 kB | 466 kB | 139/165 kB
2022.12.20 22:29:07 INFO  Progress (3): 75 kB | 466 kB | 143/165 kB
2022.12.20 22:29:07 INFO  Progress (3): 75 kB | 466 kB | 147/165 kB
2022.12.20 22:29:07 INFO  Progress (3): 75 kB | 466 kB | 151/165 kB
2022.12.20 22:29:07 INFO  Progress (3): 75 kB | 466 kB | 155/165 kB
2022.12.20 22:29:07 INFO  Progress (3): 75 kB | 466 kB | 159/165 kB
2022.12.20 22:29:07 INFO  Progress (3): 75 kB | 466 kB | 163/165 kB
2022.12.20 22:29:07 INFO  Progress (3): 75 kB | 466 kB | 165 kB    
2022.12.20 22:29:07 INFO  Progress (4): 75 kB | 466 kB | 165 kB | 4.1/243 kB
2022.12.20 22:29:07 INFO  Progress (4): 75 kB | 466 kB | 165 kB | 8.2/243 kB
2022.12.20 22:29:07 INFO  Progress (4): 75 kB | 466 kB | 165 kB | 12/243 kB 
2022.12.20 22:29:07 INFO  Progress (4): 75 kB | 466 kB | 165 kB | 16/243 kB
2022.12.20 22:29:07 INFO  Progress (4): 75 kB | 466 kB | 165 kB | 20/243 kB
2022.12.20 22:29:07 INFO  Progress (4): 75 kB | 466 kB | 165 kB | 24/243 kB
2022.12.20 22:29:07 INFO  Progress (4): 75 kB | 466 kB | 165 kB | 28/243 kB
2022.12.20 22:29:07 INFO  Progress (4): 75 kB | 466 kB | 165 kB | 32/243 kB
2022.12.20 22:29:07 INFO  Progress (4): 75 kB | 466 kB | 165 kB | 36/243 kB
2022.12.20 22:29:07 INFO  Progress (4): 75 kB | 466 kB | 165 kB | 40/243 kB
2022.12.20 22:29:07 INFO  Progress (4): 75 kB | 466 kB | 165 kB | 45/243 kB
2022.12.20 22:29:07 INFO  Progress (4): 75 kB | 466 kB | 165 kB | 49/243 kB
2022.12.20 22:29:07 INFO  Progress (4): 75 kB | 466 kB | 165 kB | 53/243 kB
2022.12.20 22:29:07 INFO  Progress (4): 75 kB | 466 kB | 165 kB | 57/243 kB
2022.12.20 22:29:07 INFO  Progress (4): 75 kB | 466 kB | 165 kB | 61/243 kB
2022.12.20 22:29:07 INFO  Progress (4): 75 kB | 466 kB | 165 kB | 65/243 kB
2022.12.20 22:29:07 INFO  Progress (4): 75 kB | 466 kB | 165 kB | 69/243 kB
2022.12.20 22:29:07 INFO  Progress (4): 75 kB | 466 kB | 165 kB | 73/243 kB
2022.12.20 22:29:07 INFO  Progress (4): 75 kB | 466 kB | 165 kB | 77/243 kB
2022.12.20 22:29:07 INFO  Progress (4): 75 kB | 466 kB | 165 kB | 81/243 kB
2022.12.20 22:29:07 INFO  Progress (4): 75 kB | 466 kB | 165 kB | 85/243 kB
2022.12.20 22:29:07 INFO  Progress (4): 75 kB | 466 kB | 165 kB | 90/243 kB
2022.12.20 22:29:07 INFO  Progress (4): 75 kB | 466 kB | 165 kB | 94/243 kB
2022.12.20 22:29:07 INFO  Progress (4): 75 kB | 466 kB | 165 kB | 98/243 kB
2022.12.20 22:29:07 INFO  Progress (4): 75 kB | 466 kB | 165 kB | 102/243 kB
2022.12.20 22:29:07 INFO  Progress (4): 75 kB | 466 kB | 165 kB | 106/243 kB
2022.12.20 22:29:07 INFO  Progress (4): 75 kB | 466 kB | 165 kB | 110/243 kB
2022.12.20 22:29:07 INFO  Progress (4): 75 kB | 466 kB | 165 kB | 114/243 kB
2022.12.20 22:29:07 INFO  Progress (4): 75 kB | 466 kB | 165 kB | 118/243 kB
2022.12.20 22:29:07 INFO  Progress (4): 75 kB | 466 kB | 165 kB | 122/243 kB
2022.12.20 22:29:07 INFO  Progress (4): 75 kB | 466 kB | 165 kB | 126/243 kB
2022.12.20 22:29:07 INFO  Progress (4): 75 kB | 466 kB | 165 kB | 131/243 kB
2022.12.20 22:29:07 INFO  Progress (4): 75 kB | 466 kB | 165 kB | 135/243 kB
2022.12.20 22:29:07 INFO  Progress (4): 75 kB | 466 kB | 165 kB | 139/243 kB
2022.12.20 22:29:07 INFO  Progress (4): 75 kB | 466 kB | 165 kB | 143/243 kB
2022.12.20 22:29:07 INFO  Progress (4): 75 kB | 466 kB | 165 kB | 147/243 kB
2022.12.20 22:29:07 INFO  Progress (4): 75 kB | 466 kB | 165 kB | 151/243 kB
2022.12.20 22:29:07 INFO  Progress (4): 75 kB | 466 kB | 165 kB | 155/243 kB
2022.12.20 22:29:07 INFO  Progress (4): 75 kB | 466 kB | 165 kB | 159/243 kB
2022.12.20 22:29:07 INFO  Progress (4): 75 kB | 466 kB | 165 kB | 163/243 kB
2022.12.20 22:29:07 INFO  Progress (4): 75 kB | 466 kB | 165 kB | 167/243 kB
2022.12.20 22:29:07 INFO  Progress (4): 75 kB | 466 kB | 165 kB | 171/243 kB
2022.12.20 22:29:07 INFO  Progress (4): 75 kB | 466 kB | 165 kB | 176/243 kB
2022.12.20 22:29:07 INFO  Progress (4): 75 kB | 466 kB | 165 kB | 180/243 kB
2022.12.20 22:29:07 INFO  Progress (4): 75 kB | 466 kB | 165 kB | 184/243 kB
2022.12.20 22:29:07 INFO  Progress (4): 75 kB | 466 kB | 165 kB | 188/243 kB
2022.12.20 22:29:07 INFO  Progress (4): 75 kB | 466 kB | 165 kB | 192/243 kB
2022.12.20 22:29:07 INFO  Progress (4): 75 kB | 466 kB | 165 kB | 196/243 kB
2022.12.20 22:29:07 INFO  Progress (4): 75 kB | 466 kB | 165 kB | 200/243 kB
2022.12.20 22:29:07 INFO  Progress (4): 75 kB | 466 kB | 165 kB | 204/243 kB
2022.12.20 22:29:07 INFO  Progress (4): 75 kB | 466 kB | 165 kB | 208/243 kB
2022.12.20 22:29:07 INFO  Progress (4): 75 kB | 466 kB | 165 kB | 212/243 kB
2022.12.20 22:29:07 INFO  Progress (4): 75 kB | 466 kB | 165 kB | 217/243 kB
2022.12.20 22:29:07 INFO  Progress (4): 75 kB | 466 kB | 165 kB | 221/243 kB
2022.12.20 22:29:07 INFO  Progress (4): 75 kB | 466 kB | 165 kB | 225/243 kB
2022.12.20 22:29:07 INFO  Progress (4): 75 kB | 466 kB | 165 kB | 229/243 kB
2022.12.20 22:29:07 INFO  Progress (4): 75 kB | 466 kB | 165 kB | 233/243 kB
2022.12.20 22:29:07 INFO  Progress (4): 75 kB | 466 kB | 165 kB | 237/243 kB
2022.12.20 22:29:07 INFO  Progress (4): 75 kB | 466 kB | 165 kB | 241/243 kB
2022.12.20 22:29:07 INFO  Progress (4): 75 kB | 466 kB | 165 kB | 243 kB    
2022.12.20 22:29:07 INFO  Progress (5): 75 kB | 466 kB | 165 kB | 243 kB | 4.1/89 kB
2022.12.20 22:29:07 INFO  Progress (5): 75 kB | 466 kB | 165 kB | 243 kB | 8.2/89 kB
2022.12.20 22:29:07 INFO  Progress (5): 75 kB | 466 kB | 165 kB | 243 kB | 12/89 kB 
2022.12.20 22:29:07 INFO  Progress (5): 75 kB | 466 kB | 165 kB | 243 kB | 16/89 kB
2022.12.20 22:29:07 INFO  Progress (5): 75 kB | 466 kB | 165 kB | 243 kB | 20/89 kB
2022.12.20 22:29:07 INFO  Progress (5): 75 kB | 466 kB | 165 kB | 243 kB | 25/89 kB
2022.12.20 22:29:07 INFO  Progress (5): 75 kB | 466 kB | 165 kB | 243 kB | 29/89 kB
2022.12.20 22:29:07 INFO  Progress (5): 75 kB | 466 kB | 165 kB | 243 kB | 33/89 kB
2022.12.20 22:29:07 INFO  Progress (5): 75 kB | 466 kB | 165 kB | 243 kB | 37/89 kB
2022.12.20 22:29:07 INFO  Progress (5): 75 kB | 466 kB | 165 kB | 243 kB | 41/89 kB
2022.12.20 22:29:07 INFO  Progress (5): 75 kB | 466 kB | 165 kB | 243 kB | 45/89 kB
2022.12.20 22:29:07 INFO  Progress (5): 75 kB | 466 kB | 165 kB | 243 kB | 49/89 kB
2022.12.20 22:29:07 INFO  Progress (5): 75 kB | 466 kB | 165 kB | 243 kB | 53/89 kB
2022.12.20 22:29:07 INFO  Progress (5): 75 kB | 466 kB | 165 kB | 243 kB | 57/89 kB
2022.12.20 22:29:07 INFO  Progress (5): 75 kB | 466 kB | 165 kB | 243 kB | 61/89 kB
2022.12.20 22:29:07 INFO  Progress (5): 75 kB | 466 kB | 165 kB | 243 kB | 66/89 kB
2022.12.20 22:29:07 INFO  Progress (5): 75 kB | 466 kB | 165 kB | 243 kB | 70/89 kB
2022.12.20 22:29:07 INFO  Progress (5): 75 kB | 466 kB | 165 kB | 243 kB | 74/89 kB
2022.12.20 22:29:07 INFO  Progress (5): 75 kB | 466 kB | 165 kB | 243 kB | 78/89 kB
2022.12.20 22:29:07 INFO  Progress (5): 75 kB | 466 kB | 165 kB | 243 kB | 82/89 kB
2022.12.20 22:29:07 INFO  Progress (5): 75 kB | 466 kB | 165 kB | 243 kB | 86/89 kB
2022.12.20 22:29:07 INFO  Progress (5): 75 kB | 466 kB | 165 kB | 243 kB | 89 kB   
2022.12.20 22:29:07 INFO                                                        
2022.12.20 22:29:07 INFO  Downloaded from central: https://repo.maven.apache.org/maven2/org/scala-sbt/zinc_2.13/1.5.5/zinc_2.13-1.5.5.jar (75 kB at 20 kB/s)
2022.12.20 22:29:07 INFO  Downloading from central: https://repo.maven.apache.org/maven2/org/scala-lang/scala-compiler/2.13.6/scala-compiler-2.13.6.jar
2022.12.20 22:29:07 INFO  Downloaded from central: https://repo.maven.apache.org/maven2/org/scala-sbt/zinc-core_2.13/1.5.5/zinc-core_2.13-1.5.5.jar (466 kB at 123 kB/s)
2022.12.20 22:29:07 INFO  Downloading from central: https://repo.maven.apache.org/maven2/org/jline/jline/3.19.0/jline-3.19.0.jar
2022.12.20 22:29:07 INFO  Downloaded from central: https://repo.maven.apache.org/maven2/org/scala-sbt/zinc-apiinfo_2.13/1.5.5/zinc-apiinfo_2.13-1.5.5.jar (165 kB at 43 kB/s)
2022.12.20 22:29:07 INFO  Downloading from central: https://repo.maven.apache.org/maven2/org/scala-sbt/compiler-interface/1.5.5/compiler-interface-1.5.5.jar
2022.12.20 22:29:07 INFO  Downloaded from central: https://repo.maven.apache.org/maven2/org/scala-sbt/compiler-bridge_2.13/1.5.5/compiler-bridge_2.13-1.5.5.jar (243 kB at 63 kB/s)
2022.12.20 22:29:07 INFO  Downloading from central: https://repo.maven.apache.org/maven2/org/scala-sbt/util-interface/1.5.0/util-interface-1.5.0.jar
2022.12.20 22:29:07 INFO  Downloaded from central: https://repo.maven.apache.org/maven2/org/scala-sbt/zinc-classpath_2.13/1.5.5/zinc-classpath_2.13-1.5.5.jar (89 kB at 23 kB/s)
2022.12.20 22:29:07 INFO  Downloading from central: https://repo.maven.apache.org/maven2/org/scala-sbt/zinc-persist-core-assembly/1.5.5/zinc-persist-core-assembly-1.5.5.jar
2022.12.20 22:29:07 INFO  Progress (1): 0.1/12 MB
2022.12.20 22:29:07 INFO  Progress (1): 0.1/12 MB
2022.12.20 22:29:07 INFO  Progress (1): 0.2/12 MB
2022.12.20 22:29:07 INFO  Progress (1): 0.3/12 MB
2022.12.20 22:29:07 INFO  Progress (1): 0.3/12 MB
2022.12.20 22:29:07 INFO  Progress (2): 0.3/12 MB | 8.2/987 kB
2022.12.20 22:29:07 INFO  Progress (2): 0.3/12 MB | 16/987 kB 
2022.12.20 22:29:07 INFO  Progress (2): 0.3/12 MB | 25/987 kB
2022.12.20 22:29:07 INFO  Progress (2): 0.3/12 MB | 33/987 kB
2022.12.20 22:29:07 INFO  Progress (2): 0.3/12 MB | 41/987 kB
2022.12.20 22:29:07 INFO  Progress (2): 0.3/12 MB | 49/987 kB
2022.12.20 22:29:07 INFO  Progress (2): 0.3/12 MB | 57/987 kB
2022.12.20 22:29:07 INFO  Progress (2): 0.3/12 MB | 62/987 kB
2022.12.20 22:29:07 INFO  Progress (2): 0.3/12 MB | 70/987 kB
2022.12.20 22:29:07 INFO  Progress (2): 0.3/12 MB | 78/987 kB
2022.12.20 22:29:07 INFO  Progress (2): 0.3/12 MB | 87/987 kB
2022.12.20 22:29:07 INFO  Progress (2): 0.3/12 MB | 95/987 kB
2022.12.20 22:29:07 INFO  Progress (2): 0.3/12 MB | 103/987 kB
2022.12.20 22:29:07 INFO  Progress (2): 0.3/12 MB | 111/987 kB
2022.12.20 22:29:07 INFO  Progress (2): 0.3/12 MB | 119/987 kB
2022.12.20 22:29:07 INFO  Progress (2): 0.3/12 MB | 128/987 kB
2022.12.20 22:29:07 INFO  Progress (2): 0.3/12 MB | 136/987 kB
2022.12.20 22:29:07 INFO  Progress (2): 0.3/12 MB | 144/987 kB
2022.12.20 22:29:07 INFO  Progress (2): 0.3/12 MB | 152/987 kB
2022.12.20 22:29:07 INFO  Progress (2): 0.3/12 MB | 160/987 kB
2022.12.20 22:29:07 INFO  Progress (2): 0.4/12 MB | 160/987 kB
2022.12.20 22:29:07 INFO  Progress (2): 0.4/12 MB | 169/987 kB
2022.12.20 22:29:07 INFO  Progress (2): 0.4/12 MB | 177/987 kB
2022.12.20 22:29:07 INFO  Progress (2): 0.4/12 MB | 185/987 kB
2022.12.20 22:29:07 INFO  Progress (2): 0.4/12 MB | 193/987 kB
2022.12.20 22:29:07 INFO  Progress (2): 0.4/12 MB | 201/987 kB
2022.12.20 22:29:07 INFO  Progress (2): 0.4/12 MB | 210/987 kB
2022.12.20 22:29:07 INFO  Progress (2): 0.4/12 MB | 218/987 kB
2022.12.20 22:29:07 INFO  Progress (2): 0.4/12 MB | 226/987 kB
2022.12.20 22:29:07 INFO  Progress (2): 0.4/12 MB | 234/987 kB
2022.12.20 22:29:07 INFO  Progress (2): 0.4/12 MB | 242/987 kB
2022.12.20 22:29:07 INFO  Progress (2): 0.4/12 MB | 251/987 kB
2022.12.20 22:29:07 INFO  Progress (2): 0.4/12 MB | 259/987 kB
2022.12.20 22:29:07 INFO  Progress (2): 0.4/12 MB | 267/987 kB
2022.12.20 22:29:07 INFO  Progress (2): 0.4/12 MB | 275/987 kB
2022.12.20 22:29:07 INFO  Progress (2): 0.4/12 MB | 283/987 kB
2022.12.20 22:29:07 INFO  Progress (2): 0.4/12 MB | 291/987 kB
2022.12.20 22:29:07 INFO  Progress (2): 0.4/12 MB | 300/987 kB
2022.12.20 22:29:07 INFO  Progress (2): 0.4/12 MB | 308/987 kB
2022.12.20 22:29:07 INFO  Progress (2): 0.5/12 MB | 308/987 kB
2022.12.20 22:29:07 INFO  Progress (2): 0.5/12 MB | 316/987 kB
2022.12.20 22:29:07 INFO  Progress (2): 0.5/12 MB | 324/987 kB
2022.12.20 22:29:07 INFO  Progress (2): 0.5/12 MB | 332/987 kB
2022.12.20 22:29:07 INFO  Progress (2): 0.5/12 MB | 341/987 kB
2022.12.20 22:29:07 INFO  Progress (2): 0.5/12 MB | 349/987 kB
2022.12.20 22:29:07 INFO  Progress (2): 0.5/12 MB | 357/987 kB
2022.12.20 22:29:07 INFO  Progress (2): 0.5/12 MB | 365/987 kB
2022.12.20 22:29:07 INFO  Progress (2): 0.5/12 MB | 373/987 kB
2022.12.20 22:29:07 INFO  Progress (2): 0.5/12 MB | 382/987 kB
2022.12.20 22:29:07 INFO  Progress (2): 0.5/12 MB | 390/987 kB
2022.12.20 22:29:07 INFO  Progress (2): 0.5/12 MB | 398/987 kB
2022.12.20 22:29:07 INFO  Progress (2): 0.5/12 MB | 406/987 kB
2022.12.20 22:29:07 INFO  Progress (2): 0.5/12 MB | 414/987 kB
2022.12.20 22:29:07 INFO  Progress (2): 0.5/12 MB | 423/987 kB
2022.12.20 22:29:07 INFO  Progress (2): 0.5/12 MB | 431/987 kB
2022.12.20 22:29:07 INFO  Progress (3): 0.5/12 MB | 431/987 kB | 4.1/112 kB
2022.12.20 22:29:07 INFO  Progress (3): 0.5/12 MB | 439/987 kB | 4.1/112 kB
2022.12.20 22:29:07 INFO  Progress (3): 0.5/12 MB | 447/987 kB | 4.1/112 kB
2022.12.20 22:29:07 INFO  Progress (3): 0.5/12 MB | 455/987 kB | 4.1/112 kB
2022.12.20 22:29:07 INFO  Progress (3): 0.5/12 MB | 455/987 kB | 8.2/112 kB
2022.12.20 22:29:07 INFO  Progress (3): 0.5/12 MB | 455/987 kB | 12/112 kB 
2022.12.20 22:29:07 INFO  Progress (3): 0.5/12 MB | 455/987 kB | 16/112 kB
2022.12.20 22:29:07 INFO  Progress (3): 0.5/12 MB | 464/987 kB | 16/112 kB
2022.12.20 22:29:07 INFO  Progress (3): 0.5/12 MB | 472/987 kB | 16/112 kB
2022.12.20 22:29:07 INFO  Progress (3): 0.5/12 MB | 472/987 kB | 16/112 kB
2022.12.20 22:29:07 INFO  Progress (3): 0.5/12 MB | 480/987 kB | 16/112 kB
2022.12.20 22:29:07 INFO  Progress (3): 0.5/12 MB | 488/987 kB | 16/112 kB
2022.12.20 22:29:07 INFO  Progress (3): 0.5/12 MB | 496/987 kB | 16/112 kB
2022.12.20 22:29:07 INFO  Progress (3): 0.5/12 MB | 504/987 kB | 16/112 kB
2022.12.20 22:29:07 INFO  Progress (3): 0.5/12 MB | 513/987 kB | 16/112 kB
2022.12.20 22:29:07 INFO  Progress (3): 0.5/12 MB | 521/987 kB | 16/112 kB
2022.12.20 22:29:07 INFO  Progress (3): 0.5/12 MB | 529/987 kB | 16/112 kB
2022.12.20 22:29:07 INFO  Progress (3): 0.5/12 MB | 537/987 kB | 16/112 kB
2022.12.20 22:29:07 INFO  Progress (3): 0.5/12 MB | 545/987 kB | 16/112 kB
2022.12.20 22:29:07 INFO  Progress (3): 0.5/12 MB | 545/987 kB | 20/112 kB
2022.12.20 22:29:07 INFO  Progress (3): 0.5/12 MB | 554/987 kB | 20/112 kB
2022.12.20 22:29:07 INFO  Progress (3): 0.5/12 MB | 562/987 kB | 20/112 kB
2022.12.20 22:29:07 INFO  Progress (3): 0.5/12 MB | 562/987 kB | 24/112 kB
2022.12.20 22:29:07 INFO  Progress (3): 0.5/12 MB | 570/987 kB | 24/112 kB
2022.12.20 22:29:07 INFO  Progress (3): 0.5/12 MB | 570/987 kB | 28/112 kB
2022.12.20 22:29:07 INFO  Progress (3): 0.5/12 MB | 570/987 kB | 32/112 kB
2022.12.20 22:29:07 INFO  Progress (3): 0.5/12 MB | 578/987 kB | 32/112 kB
2022.12.20 22:29:07 INFO  Progress (3): 0.5/12 MB | 586/987 kB | 32/112 kB
2022.12.20 22:29:07 INFO  Progress (3): 0.5/12 MB | 595/987 kB | 32/112 kB
2022.12.20 22:29:07 INFO  Progress (3): 0.5/12 MB | 603/987 kB | 32/112 kB
2022.12.20 22:29:07 INFO  Progress (3): 0.5/12 MB | 611/987 kB | 32/112 kB
2022.12.20 22:29:07 INFO  Progress (3): 0.5/12 MB | 619/987 kB | 32/112 kB
2022.12.20 22:29:07 INFO  Progress (3): 0.5/12 MB | 619/987 kB | 36/112 kB
2022.12.20 22:29:07 INFO  Progress (3): 0.5/12 MB | 627/987 kB | 36/112 kB
2022.12.20 22:29:07 INFO  Progress (3): 0.5/12 MB | 636/987 kB | 36/112 kB
2022.12.20 22:29:07 INFO  Progress (3): 0.5/12 MB | 636/987 kB | 40/112 kB
2022.12.20 22:29:07 INFO  Progress (3): 0.5/12 MB | 644/987 kB | 40/112 kB
2022.12.20 22:29:07 INFO  Progress (3): 0.6/12 MB | 644/987 kB | 40/112 kB
2022.12.20 22:29:07 INFO  Progress (3): 0.6/12 MB | 644/987 kB | 45/112 kB
2022.12.20 22:29:07 INFO  Progress (3): 0.6/12 MB | 652/987 kB | 45/112 kB
2022.12.20 22:29:07 INFO  Progress (3): 0.6/12 MB | 652/987 kB | 49/112 kB
2022.12.20 22:29:07 INFO  Progress (3): 0.6/12 MB | 660/987 kB | 49/112 kB
2022.12.20 22:29:07 INFO  Progress (3): 0.6/12 MB | 668/987 kB | 49/112 kB
2022.12.20 22:29:07 INFO  Progress (3): 0.6/12 MB | 677/987 kB | 49/112 kB
2022.12.20 22:29:07 INFO  Progress (3): 0.6/12 MB | 685/987 kB | 49/112 kB
2022.12.20 22:29:07 INFO  Progress (3): 0.6/12 MB | 693/987 kB | 49/112 kB
2022.12.20 22:29:07 INFO  Progress (3): 0.6/12 MB | 701/987 kB | 49/112 kB
2022.12.20 22:29:07 INFO  Progress (3): 0.6/12 MB | 709/987 kB | 49/112 kB
2022.12.20 22:29:07 INFO  Progress (3): 0.6/12 MB | 717/987 kB | 49/112 kB
2022.12.20 22:29:07 INFO  Progress (3): 0.6/12 MB | 726/987 kB | 49/112 kB
2022.12.20 22:29:07 INFO  Progress (3): 0.6/12 MB | 734/987 kB | 49/112 kB
2022.12.20 22:29:07 INFO  Progress (3): 0.6/12 MB | 742/987 kB | 49/112 kB
2022.12.20 22:29:07 INFO  Progress (3): 0.6/12 MB | 750/987 kB | 49/112 kB
2022.12.20 22:29:07 INFO  Progress (3): 0.6/12 MB | 758/987 kB | 49/112 kB
2022.12.20 22:29:07 INFO  Progress (3): 0.6/12 MB | 767/987 kB | 49/112 kB
2022.12.20 22:29:07 INFO  Progress (3): 0.6/12 MB | 767/987 kB | 53/112 kB
2022.12.20 22:29:07 INFO  Progress (3): 0.6/12 MB | 775/987 kB | 53/112 kB
2022.12.20 22:29:07 INFO  Progress (3): 0.6/12 MB | 775/987 kB | 57/112 kB
2022.12.20 22:29:07 INFO  Progress (3): 0.6/12 MB | 783/987 kB | 57/112 kB
2022.12.20 22:29:07 INFO  Progress (3): 0.6/12 MB | 783/987 kB | 61/112 kB
2022.12.20 22:29:07 INFO  Progress (3): 0.6/12 MB | 791/987 kB | 61/112 kB
2022.12.20 22:29:07 INFO  Progress (3): 0.6/12 MB | 791/987 kB | 65/112 kB
2022.12.20 22:29:07 INFO  Progress (3): 0.6/12 MB | 799/987 kB | 65/112 kB
2022.12.20 22:29:07 INFO  Progress (3): 0.6/12 MB | 808/987 kB | 65/112 kB
2022.12.20 22:29:07 INFO  Progress (3): 0.6/12 MB | 816/987 kB | 65/112 kB
2022.12.20 22:29:07 INFO  Progress (3): 0.6/12 MB | 824/987 kB | 65/112 kB
2022.12.20 22:29:07 INFO  Progress (3): 0.6/12 MB | 832/987 kB | 65/112 kB
2022.12.20 22:29:07 INFO  Progress (3): 0.6/12 MB | 840/987 kB | 65/112 kB
2022.12.20 22:29:07 INFO  Progress (3): 0.6/12 MB | 840/987 kB | 69/112 kB
2022.12.20 22:29:07 INFO  Progress (3): 0.6/12 MB | 849/987 kB | 69/112 kB
2022.12.20 22:29:07 INFO  Progress (3): 0.6/12 MB | 857/987 kB | 69/112 kB
2022.12.20 22:29:07 INFO  Progress (3): 0.7/12 MB | 857/987 kB | 69/112 kB
2022.12.20 22:29:07 INFO  Progress (3): 0.7/12 MB | 865/987 kB | 69/112 kB
2022.12.20 22:29:07 INFO  Progress (3): 0.7/12 MB | 865/987 kB | 73/112 kB
2022.12.20 22:29:07 INFO  Progress (3): 0.7/12 MB | 865/987 kB | 77/112 kB
2022.12.20 22:29:07 INFO  Progress (3): 0.7/12 MB | 865/987 kB | 81/112 kB
2022.12.20 22:29:07 INFO  Progress (3): 0.7/12 MB | 873/987 kB | 81/112 kB
2022.12.20 22:29:07 INFO  Progress (3): 0.7/12 MB | 873/987 kB | 85/112 kB
2022.12.20 22:29:07 INFO  Progress (3): 0.7/12 MB | 881/987 kB | 85/112 kB
2022.12.20 22:29:07 INFO  Progress (3): 0.7/12 MB | 881/987 kB | 90/112 kB
2022.12.20 22:29:07 INFO  Progress (3): 0.7/12 MB | 890/987 kB | 90/112 kB
2022.12.20 22:29:07 INFO  Progress (3): 0.7/12 MB | 890/987 kB | 94/112 kB
2022.12.20 22:29:07 INFO  Progress (3): 0.7/12 MB | 898/987 kB | 94/112 kB
2022.12.20 22:29:07 INFO  Progress (3): 0.7/12 MB | 898/987 kB | 98/112 kB
2022.12.20 22:29:07 INFO  Progress (3): 0.7/12 MB | 898/987 kB | 98/112 kB
2022.12.20 22:29:07 INFO  Progress (3): 0.7/12 MB | 906/987 kB | 98/112 kB
2022.12.20 22:29:07 INFO  Progress (3): 0.7/12 MB | 906/987 kB | 102/112 kB
2022.12.20 22:29:07 INFO  Progress (3): 0.7/12 MB | 914/987 kB | 102/112 kB
2022.12.20 22:29:07 INFO  Progress (3): 0.7/12 MB | 914/987 kB | 106/112 kB
2022.12.20 22:29:07 INFO  Progress (3): 0.7/12 MB | 914/987 kB | 110/112 kB
2022.12.20 22:29:07 INFO  Progress (3): 0.7/12 MB | 922/987 kB | 110/112 kB
2022.12.20 22:29:07 INFO  Progress (3): 0.7/12 MB | 922/987 kB | 112 kB    
2022.12.20 22:29:07 INFO  Progress (3): 0.7/12 MB | 930/987 kB | 112 kB
2022.12.20 22:29:07 INFO  Progress (3): 0.7/12 MB | 939/987 kB | 112 kB
2022.12.20 22:29:07 INFO  Progress (3): 0.7/12 MB | 947/987 kB | 112 kB
2022.12.20 22:29:07 INFO  Progress (3): 0.7/12 MB | 955/987 kB | 112 kB
2022.12.20 22:29:07 INFO  Progress (3): 0.7/12 MB | 963/987 kB | 112 kB
2022.12.20 22:29:07 INFO  Progress (3): 0.7/12 MB | 971/987 kB | 112 kB
2022.12.20 22:29:07 INFO  Progress (3): 0.7/12 MB | 980/987 kB | 112 kB
2022.12.20 22:29:07 INFO  Progress (3): 0.7/12 MB | 987 kB | 112 kB    
2022.12.20 22:29:07 INFO  Progress (3): 0.8/12 MB | 987 kB | 112 kB
2022.12.20 22:29:07 INFO  Progress (4): 0.8/12 MB | 987 kB | 112 kB | 2.6 kB
2022.12.20 22:29:07 INFO  Progress (4): 0.9/12 MB | 987 kB | 112 kB | 2.6 kB
2022.12.20 22:29:07 INFO  Progress (4): 0.9/12 MB | 987 kB | 112 kB | 2.6 kB
2022.12.20 22:29:07 INFO  Progress (4): 1.0/12 MB | 987 kB | 112 kB | 2.6 kB
2022.12.20 22:29:07 INFO  Progress (5): 1.0/12 MB | 987 kB | 112 kB | 2.6 kB | 0/2.6 MB
2022.12.20 22:29:07 INFO  Progress (5): 1.0/12 MB | 987 kB | 112 kB | 2.6 kB | 0/2.6 MB
2022.12.20 22:29:07 INFO  Progress (5): 1.0/12 MB | 987 kB | 112 kB | 2.6 kB | 0/2.6 MB
2022.12.20 22:29:07 INFO  Progress (5): 1.0/12 MB | 987 kB | 112 kB | 2.6 kB | 0.1/2.6 MB
2022.12.20 22:29:07 INFO  Progress (5): 1.0/12 MB | 987 kB | 112 kB | 2.6 kB | 0.1/2.6 MB
2022.12.20 22:29:07 INFO  Progress (5): 1.0/12 MB | 987 kB | 112 kB | 2.6 kB | 0.1/2.6 MB
2022.12.20 22:29:07 INFO  Progress (5): 1.0/12 MB | 987 kB | 112 kB | 2.6 kB | 0.1/2.6 MB
2022.12.20 22:29:07 INFO  Progress (5): 1.0/12 MB | 987 kB | 112 kB | 2.6 kB | 0.1/2.6 MB
2022.12.20 22:29:07 INFO  Progress (5): 1.0/12 MB | 987 kB | 112 kB | 2.6 kB | 0.1/2.6 MB
2022.12.20 22:29:07 INFO  Progress (5): 1.0/12 MB | 987 kB | 112 kB | 2.6 kB | 0.1/2.6 MB
2022.12.20 22:29:07 INFO  Progress (5): 1.0/12 MB | 987 kB | 112 kB | 2.6 kB | 0.2/2.6 MB
2022.12.20 22:29:07 INFO  Progress (5): 1.0/12 MB | 987 kB | 112 kB | 2.6 kB | 0.2/2.6 MB
2022.12.20 22:29:07 INFO  Progress (5): 1.0/12 MB | 987 kB | 112 kB | 2.6 kB | 0.2/2.6 MB
2022.12.20 22:29:07 INFO  Progress (5): 1.0/12 MB | 987 kB | 112 kB | 2.6 kB | 0.2/2.6 MB
2022.12.20 22:29:07 INFO  Progress (5): 1.0/12 MB | 987 kB | 112 kB | 2.6 kB | 0.2/2.6 MB
2022.12.20 22:29:07 INFO  Progress (5): 1.0/12 MB | 987 kB | 112 kB | 2.6 kB | 0.2/2.6 MB
2022.12.20 22:29:07 INFO  Progress (5): 1.1/12 MB | 987 kB | 112 kB | 2.6 kB | 0.2/2.6 MB
2022.12.20 22:29:07 INFO  Progress (5): 1.1/12 MB | 987 kB | 112 kB | 2.6 kB | 0.3/2.6 MB
2022.12.20 22:29:07 INFO  Progress (5): 1.1/12 MB | 987 kB | 112 kB | 2.6 kB | 0.3/2.6 MB
2022.12.20 22:29:07 INFO  Progress (5): 1.1/12 MB | 987 kB | 112 kB | 2.6 kB | 0.3/2.6 MB
2022.12.20 22:29:07 INFO  Progress (5): 1.1/12 MB | 987 kB | 112 kB | 2.6 kB | 0.3/2.6 MB
2022.12.20 22:29:07 INFO  Progress (5): 1.1/12 MB | 987 kB | 112 kB | 2.6 kB | 0.3/2.6 MB
2022.12.20 22:29:07 INFO  Progress (5): 1.1/12 MB | 987 kB | 112 kB | 2.6 kB | 0.3/2.6 MB
2022.12.20 22:29:07 INFO  Progress (5): 1.1/12 MB | 987 kB | 112 kB | 2.6 kB | 0.4/2.6 MB
2022.12.20 22:29:07 INFO  Progress (5): 1.2/12 MB | 987 kB | 112 kB | 2.6 kB | 0.4/2.6 MB
2022.12.20 22:29:07 INFO  Progress (5): 1.2/12 MB | 987 kB | 112 kB | 2.6 kB | 0.4/2.6 MB
2022.12.20 22:29:07 INFO  Progress (5): 1.2/12 MB | 987 kB | 112 kB | 2.6 kB | 0.4/2.6 MB
2022.12.20 22:29:07 INFO  Progress (5): 1.2/12 MB | 987 kB | 112 kB | 2.6 kB | 0.4/2.6 MB
2022.12.20 22:29:07 INFO  Progress (5): 1.2/12 MB | 987 kB | 112 kB | 2.6 kB | 0.4/2.6 MB
2022.12.20 22:29:07 INFO  Progress (5): 1.2/12 MB | 987 kB | 112 kB | 2.6 kB | 0.4/2.6 MB
2022.12.20 22:29:07 INFO  Progress (5): 1.2/12 MB | 987 kB | 112 kB | 2.6 kB | 0.5/2.6 MB
2022.12.20 22:29:07 INFO  Progress (5): 1.2/12 MB | 987 kB | 112 kB | 2.6 kB | 0.5/2.6 MB
2022.12.20 22:29:07 INFO  Progress (5): 1.2/12 MB | 987 kB | 112 kB | 2.6 kB | 0.5/2.6 MB
2022.12.20 22:29:07 INFO  Progress (5): 1.2/12 MB | 987 kB | 112 kB | 2.6 kB | 0.5/2.6 MB
2022.12.20 22:29:07 INFO  Progress (5): 1.2/12 MB | 987 kB | 112 kB | 2.6 kB | 0.5/2.6 MB
2022.12.20 22:29:07 INFO  Progress (5): 1.2/12 MB | 987 kB | 112 kB | 2.6 kB | 0.5/2.6 MB
2022.12.20 22:29:07 INFO  Progress (5): 1.2/12 MB | 987 kB | 112 kB | 2.6 kB | 0.5/2.6 MB
2022.12.20 22:29:07 INFO  Progress (5): 1.2/12 MB | 987 kB | 112 kB | 2.6 kB | 0.6/2.6 MB
2022.12.20 22:29:07 INFO  Progress (5): 1.2/12 MB | 987 kB | 112 kB | 2.6 kB | 0.6/2.6 MB
2022.12.20 22:29:07 INFO  Progress (5): 1.3/12 MB | 987 kB | 112 kB | 2.6 kB | 0.6/2.6 MB
2022.12.20 22:29:07 INFO  Progress (5): 1.3/12 MB | 987 kB | 112 kB | 2.6 kB | 0.6/2.6 MB
2022.12.20 22:29:07 INFO  Progress (5): 1.3/12 MB | 987 kB | 112 kB | 2.6 kB | 0.6/2.6 MB
2022.12.20 22:29:07 INFO  Progress (5): 1.3/12 MB | 987 kB | 112 kB | 2.6 kB | 0.6/2.6 MB
2022.12.20 22:29:07 INFO  Progress (5): 1.3/12 MB | 987 kB | 112 kB | 2.6 kB | 0.6/2.6 MB
2022.12.20 22:29:07 INFO  Progress (5): 1.3/12 MB | 987 kB | 112 kB | 2.6 kB | 0.7/2.6 MB
2022.12.20 22:29:07 INFO  Progress (5): 1.3/12 MB | 987 kB | 112 kB | 2.6 kB | 0.7/2.6 MB
2022.12.20 22:29:07 INFO  Progress (5): 1.3/12 MB | 987 kB | 112 kB | 2.6 kB | 0.7/2.6 MB
2022.12.20 22:29:07 INFO  Progress (5): 1.4/12 MB | 987 kB | 112 kB | 2.6 kB | 0.7/2.6 MB
2022.12.20 22:29:07 INFO  Progress (5): 1.4/12 MB | 987 kB | 112 kB | 2.6 kB | 0.7/2.6 MB
2022.12.20 22:29:07 INFO  Progress (5): 1.4/12 MB | 987 kB | 112 kB | 2.6 kB | 0.7/2.6 MB
2022.12.20 22:29:07 INFO  Progress (5): 1.4/12 MB | 987 kB | 112 kB | 2.6 kB | 0.7/2.6 MB
2022.12.20 22:29:07 INFO  Progress (5): 1.4/12 MB | 987 kB | 112 kB | 2.6 kB | 0.8/2.6 MB
2022.12.20 22:29:07 INFO  Progress (5): 1.4/12 MB | 987 kB | 112 kB | 2.6 kB | 0.8/2.6 MB
2022.12.20 22:29:07 INFO  Progress (5): 1.4/12 MB | 987 kB | 112 kB | 2.6 kB | 0.8/2.6 MB
2022.12.20 22:29:07 INFO  Progress (5): 1.4/12 MB | 987 kB | 112 kB | 2.6 kB | 0.8/2.6 MB
2022.12.20 22:29:07 INFO  Progress (5): 1.4/12 MB | 987 kB | 112 kB | 2.6 kB | 0.8/2.6 MB
2022.12.20 22:29:07 INFO  Progress (5): 1.4/12 MB | 987 kB | 112 kB | 2.6 kB | 0.8/2.6 MB
2022.12.20 22:29:07 INFO  Progress (5): 1.4/12 MB | 987 kB | 112 kB | 2.6 kB | 0.9/2.6 MB
2022.12.20 22:29:07 INFO  Progress (5): 1.4/12 MB | 987 kB | 112 kB | 2.6 kB | 0.9/2.6 MB
2022.12.20 22:29:07 INFO  Progress (5): 1.4/12 MB | 987 kB | 112 kB | 2.6 kB | 0.9/2.6 MB
2022.12.20 22:29:07 INFO  Progress (5): 1.4/12 MB | 987 kB | 112 kB | 2.6 kB | 0.9/2.6 MB
2022.12.20 22:29:07 INFO  Progress (5): 1.4/12 MB | 987 kB | 112 kB | 2.6 kB | 0.9/2.6 MB
2022.12.20 22:29:07 INFO  Progress (5): 1.4/12 MB | 987 kB | 112 kB | 2.6 kB | 0.9/2.6 MB
2022.12.20 22:29:07 INFO  Progress (5): 1.4/12 MB | 987 kB | 112 kB | 2.6 kB | 1.0/2.6 MB
2022.12.20 22:29:07 INFO  Progress (5): 1.4/12 MB | 987 kB | 112 kB | 2.6 kB | 1.0/2.6 MB
2022.12.20 22:29:07 INFO  Progress (5): 1.4/12 MB | 987 kB | 112 kB | 2.6 kB | 1.0/2.6 MB
2022.12.20 22:29:07 INFO  Progress (5): 1.4/12 MB | 987 kB | 112 kB | 2.6 kB | 1.0/2.6 MB
2022.12.20 22:29:07 INFO  Progress (5): 1.4/12 MB | 987 kB | 112 kB | 2.6 kB | 1.0/2.6 MB
2022.12.20 22:29:07 INFO  Progress (5): 1.4/12 MB | 987 kB | 112 kB | 2.6 kB | 1.0/2.6 MB
2022.12.20 22:29:07 INFO  Progress (5): 1.4/12 MB | 987 kB | 112 kB | 2.6 kB | 1.0/2.6 MB
2022.12.20 22:29:07 INFO  Progress (5): 1.4/12 MB | 987 kB | 112 kB | 2.6 kB | 1.1/2.6 MB
2022.12.20 22:29:07 INFO  Progress (5): 1.4/12 MB | 987 kB | 112 kB | 2.6 kB | 1.1/2.6 MB
2022.12.20 22:29:07 INFO  Progress (5): 1.4/12 MB | 987 kB | 112 kB | 2.6 kB | 1.1/2.6 MB
2022.12.20 22:29:07 INFO  Progress (5): 1.4/12 MB | 987 kB | 112 kB | 2.6 kB | 1.1/2.6 MB
2022.12.20 22:29:07 INFO  Progress (5): 1.4/12 MB | 987 kB | 112 kB | 2.6 kB | 1.1/2.6 MB
2022.12.20 22:29:07 INFO  Progress (5): 1.4/12 MB | 987 kB | 112 kB | 2.6 kB | 1.1/2.6 MB
2022.12.20 22:29:07 INFO  Progress (5): 1.4/12 MB | 987 kB | 112 kB | 2.6 kB | 1.2/2.6 MB
2022.12.20 22:29:07 INFO  Progress (5): 1.4/12 MB | 987 kB | 112 kB | 2.6 kB | 1.2/2.6 MB
2022.12.20 22:29:07 INFO  Progress (5): 1.4/12 MB | 987 kB | 112 kB | 2.6 kB | 1.2/2.6 MB
2022.12.20 22:29:07 INFO  Progress (5): 1.4/12 MB | 987 kB | 112 kB | 2.6 kB | 1.2/2.6 MB
2022.12.20 22:29:07 INFO  Progress (5): 1.4/12 MB | 987 kB | 112 kB | 2.6 kB | 1.2/2.6 MB
2022.12.20 22:29:07 INFO  Progress (5): 1.4/12 MB | 987 kB | 112 kB | 2.6 kB | 1.2/2.6 MB
2022.12.20 22:29:07 INFO  Progress (5): 1.5/12 MB | 987 kB | 112 kB | 2.6 kB | 1.2/2.6 MB
2022.12.20 22:29:07 INFO  Progress (5): 1.5/12 MB | 987 kB | 112 kB | 2.6 kB | 1.3/2.6 MB
2022.12.20 22:29:07 INFO  Progress (5): 1.5/12 MB | 987 kB | 112 kB | 2.6 kB | 1.3/2.6 MB
2022.12.20 22:29:07 INFO  Progress (5): 1.5/12 MB | 987 kB | 112 kB | 2.6 kB | 1.3/2.6 MB
2022.12.20 22:29:07 INFO  Progress (5): 1.5/12 MB | 987 kB | 112 kB | 2.6 kB | 1.3/2.6 MB
2022.12.20 22:29:07 INFO  Progress (5): 1.5/12 MB | 987 kB | 112 kB | 2.6 kB | 1.3/2.6 MB
2022.12.20 22:29:07 INFO  Progress (5): 1.5/12 MB | 987 kB | 112 kB | 2.6 kB | 1.3/2.6 MB
2022.12.20 22:29:07 INFO  Progress (5): 1.5/12 MB | 987 kB | 112 kB | 2.6 kB | 1.4/2.6 MB
2022.12.20 22:29:07 INFO  Progress (5): 1.5/12 MB | 987 kB | 112 kB | 2.6 kB | 1.4/2.6 MB
2022.12.20 22:29:07 INFO  Progress (5): 1.5/12 MB | 987 kB | 112 kB | 2.6 kB | 1.4/2.6 MB
2022.12.20 22:29:07 INFO  Progress (5): 1.5/12 MB | 987 kB | 112 kB | 2.6 kB | 1.4/2.6 MB
2022.12.20 22:29:07 INFO  Progress (5): 1.5/12 MB | 987 kB | 112 kB | 2.6 kB | 1.4/2.6 MB
2022.12.20 22:29:07 INFO  Progress (5): 1.5/12 MB | 987 kB | 112 kB | 2.6 kB | 1.4/2.6 MB
2022.12.20 22:29:07 INFO  Progress (5): 1.5/12 MB | 987 kB | 112 kB | 2.6 kB | 1.5/2.6 MB
2022.12.20 22:29:07 INFO  Progress (5): 1.5/12 MB | 987 kB | 112 kB | 2.6 kB | 1.5/2.6 MB
2022.12.20 22:29:07 INFO  Progress (5): 1.5/12 MB | 987 kB | 112 kB | 2.6 kB | 1.5/2.6 MB
2022.12.20 22:29:07 INFO  Progress (5): 1.5/12 MB | 987 kB | 112 kB | 2.6 kB | 1.5/2.6 MB
2022.12.20 22:29:07 INFO  Progress (5): 1.5/12 MB | 987 kB | 112 kB | 2.6 kB | 1.5/2.6 MB
2022.12.20 22:29:07 INFO  Progress (5): 1.5/12 MB | 987 kB | 112 kB | 2.6 kB | 1.5/2.6 MB
2022.12.20 22:29:07 INFO  Progress (5): 1.5/12 MB | 987 kB | 112 kB | 2.6 kB | 1.6/2.6 MB
2022.12.20 22:29:07 INFO  Progress (5): 1.5/12 MB | 987 kB | 112 kB | 2.6 kB | 1.6/2.6 MB
2022.12.20 22:29:07 INFO  Progress (5): 1.5/12 MB | 987 kB | 112 kB | 2.6 kB | 1.6/2.6 MB
2022.12.20 22:29:07 INFO  Progress (5): 1.5/12 MB | 987 kB | 112 kB | 2.6 kB | 1.6/2.6 MB
2022.12.20 22:29:07 INFO  Progress (5): 1.5/12 MB | 987 kB | 112 kB | 2.6 kB | 1.6/2.6 MB
2022.12.20 22:29:07 INFO  Progress (5): 1.5/12 MB | 987 kB | 112 kB | 2.6 kB | 1.6/2.6 MB
2022.12.20 22:29:07 INFO  Progress (5): 1.5/12 MB | 987 kB | 112 kB | 2.6 kB | 1.6/2.6 MB
2022.12.20 22:29:07 INFO  Progress (5): 1.5/12 MB | 987 kB | 112 kB | 2.6 kB | 1.7/2.6 MB
2022.12.20 22:29:07 INFO  Progress (5): 1.5/12 MB | 987 kB | 112 kB | 2.6 kB | 1.7/2.6 MB
2022.12.20 22:29:07 INFO  Progress (5): 1.5/12 MB | 987 kB | 112 kB | 2.6 kB | 1.7/2.6 MB
2022.12.20 22:29:07 INFO  Progress (5): 1.5/12 MB | 987 kB | 112 kB | 2.6 kB | 1.7/2.6 MB
2022.12.20 22:29:07 INFO  Progress (5): 1.5/12 MB | 987 kB | 112 kB | 2.6 kB | 1.7/2.6 MB
2022.12.20 22:29:07 INFO  Progress (5): 1.5/12 MB | 987 kB | 112 kB | 2.6 kB | 1.7/2.6 MB
2022.12.20 22:29:07 INFO  Progress (5): 1.5/12 MB | 987 kB | 112 kB | 2.6 kB | 1.8/2.6 MB
2022.12.20 22:29:07 INFO  Progress (5): 1.5/12 MB | 987 kB | 112 kB | 2.6 kB | 1.8/2.6 MB
2022.12.20 22:29:07 INFO  Progress (5): 1.6/12 MB | 987 kB | 112 kB | 2.6 kB | 1.8/2.6 MB
2022.12.20 22:29:07 INFO  Progress (5): 1.6/12 MB | 987 kB | 112 kB | 2.6 kB | 1.8/2.6 MB
2022.12.20 22:29:07 INFO  Progress (5): 1.6/12 MB | 987 kB | 112 kB | 2.6 kB | 1.8/2.6 MB
2022.12.20 22:29:07 INFO  Progress (5): 1.6/12 MB | 987 kB | 112 kB | 2.6 kB | 1.8/2.6 MB
2022.12.20 22:29:07 INFO  Progress (5): 1.6/12 MB | 987 kB | 112 kB | 2.6 kB | 1.8/2.6 MB
2022.12.20 22:29:07 INFO  Progress (5): 1.6/12 MB | 987 kB | 112 kB | 2.6 kB | 1.9/2.6 MB
2022.12.20 22:29:07 INFO  Progress (5): 1.6/12 MB | 987 kB | 112 kB | 2.6 kB | 1.9/2.6 MB
2022.12.20 22:29:07 INFO  Progress (5): 1.6/12 MB | 987 kB | 112 kB | 2.6 kB | 1.9/2.6 MB
2022.12.20 22:29:07 INFO  Progress (5): 1.6/12 MB | 987 kB | 112 kB | 2.6 kB | 1.9/2.6 MB
2022.12.20 22:29:07 INFO  Progress (5): 1.6/12 MB | 987 kB | 112 kB | 2.6 kB | 1.9/2.6 MB
2022.12.20 22:29:07 INFO  Progress (5): 1.6/12 MB | 987 kB | 112 kB | 2.6 kB | 1.9/2.6 MB
2022.12.20 22:29:07 INFO  Progress (5): 1.6/12 MB | 987 kB | 112 kB | 2.6 kB | 2.0/2.6 MB
2022.12.20 22:29:07 INFO  Progress (5): 1.6/12 MB | 987 kB | 112 kB | 2.6 kB | 2.0/2.6 MB
2022.12.20 22:29:07 INFO  Progress (5): 1.6/12 MB | 987 kB | 112 kB | 2.6 kB | 2.0/2.6 MB
2022.12.20 22:29:07 INFO  Progress (5): 1.6/12 MB | 987 kB | 112 kB | 2.6 kB | 2.0/2.6 MB
2022.12.20 22:29:07 INFO  Progress (5): 1.6/12 MB | 987 kB | 112 kB | 2.6 kB | 2.0/2.6 MB
2022.12.20 22:29:07 INFO  Progress (5): 1.6/12 MB | 987 kB | 112 kB | 2.6 kB | 2.0/2.6 MB
2022.12.20 22:29:07 INFO  Progress (5): 1.6/12 MB | 987 kB | 112 kB | 2.6 kB | 2.0/2.6 MB
2022.12.20 22:29:07 INFO  Progress (5): 1.6/12 MB | 987 kB | 112 kB | 2.6 kB | 2.1/2.6 MB
2022.12.20 22:29:07 INFO  Progress (5): 1.6/12 MB | 987 kB | 112 kB | 2.6 kB | 2.1/2.6 MB
2022.12.20 22:29:07 INFO  Progress (5): 1.6/12 MB | 987 kB | 112 kB | 2.6 kB | 2.1/2.6 MB
2022.12.20 22:29:07 INFO  Progress (5): 1.6/12 MB | 987 kB | 112 kB | 2.6 kB | 2.1/2.6 MB
2022.12.20 22:29:07 INFO  Progress (5): 1.6/12 MB | 987 kB | 112 kB | 2.6 kB | 2.1/2.6 MB
2022.12.20 22:29:07 INFO  Progress (5): 1.6/12 MB | 987 kB | 112 kB | 2.6 kB | 2.1/2.6 MB
2022.12.20 22:29:07 INFO  Progress (5): 1.6/12 MB | 987 kB | 112 kB | 2.6 kB | 2.2/2.6 MB
2022.12.20 22:29:07 INFO  Progress (5): 1.6/12 MB | 987 kB | 112 kB | 2.6 kB | 2.2/2.6 MB
2022.12.20 22:29:07 INFO  Progress (5): 1.6/12 MB | 987 kB | 112 kB | 2.6 kB | 2.2/2.6 MB
2022.12.20 22:29:07 INFO  Progress (5): 1.6/12 MB | 987 kB | 112 kB | 2.6 kB | 2.2/2.6 MB
2022.12.20 22:29:07 INFO  Progress (5): 1.6/12 MB | 987 kB | 112 kB | 2.6 kB | 2.2/2.6 MB
2022.12.20 22:29:07 INFO  Progress (5): 1.6/12 MB | 987 kB | 112 kB | 2.6 kB | 2.2/2.6 MB
2022.12.20 22:29:07 INFO  Progress (5): 1.6/12 MB | 987 kB | 112 kB | 2.6 kB | 2.3/2.6 MB
2022.12.20 22:29:07 INFO  Progress (5): 1.6/12 MB | 987 kB | 112 kB | 2.6 kB | 2.3/2.6 MB
2022.12.20 22:29:07 INFO  Progress (5): 1.6/12 MB | 987 kB | 112 kB | 2.6 kB | 2.3/2.6 MB
2022.12.20 22:29:07 INFO  Progress (5): 1.6/12 MB | 987 kB | 112 kB | 2.6 kB | 2.3/2.6 MB
2022.12.20 22:29:07 INFO  Progress (5): 1.6/12 MB | 987 kB | 112 kB | 2.6 kB | 2.3/2.6 MB
2022.12.20 22:29:07 INFO  Progress (5): 1.6/12 MB | 987 kB | 112 kB | 2.6 kB | 2.3/2.6 MB
2022.12.20 22:29:07 INFO  Progress (5): 1.6/12 MB | 987 kB | 112 kB | 2.6 kB | 2.4/2.6 MB
2022.12.20 22:29:07 INFO  Progress (5): 1.6/12 MB | 987 kB | 112 kB | 2.6 kB | 2.4/2.6 MB
2022.12.20 22:29:07 INFO  Progress (5): 1.6/12 MB | 987 kB | 112 kB | 2.6 kB | 2.4/2.6 MB
2022.12.20 22:29:07 INFO  Progress (5): 1.6/12 MB | 987 kB | 112 kB | 2.6 kB | 2.4/2.6 MB
2022.12.20 22:29:07 INFO  Progress (5): 1.6/12 MB | 987 kB | 112 kB | 2.6 kB | 2.4/2.6 MB
2022.12.20 22:29:07 INFO  Progress (5): 1.6/12 MB | 987 kB | 112 kB | 2.6 kB | 2.4/2.6 MB
2022.12.20 22:29:07 INFO  Progress (5): 1.6/12 MB | 987 kB | 112 kB | 2.6 kB | 2.4/2.6 MB
2022.12.20 22:29:07 INFO  Progress (5): 1.6/12 MB | 987 kB | 112 kB | 2.6 kB | 2.5/2.6 MB
2022.12.20 22:29:07 INFO  Progress (5): 1.6/12 MB | 987 kB | 112 kB | 2.6 kB | 2.5/2.6 MB
2022.12.20 22:29:07 INFO  Progress (5): 1.6/12 MB | 987 kB | 112 kB | 2.6 kB | 2.5/2.6 MB
2022.12.20 22:29:07 INFO  Progress (5): 1.6/12 MB | 987 kB | 112 kB | 2.6 kB | 2.5/2.6 MB
2022.12.20 22:29:07 INFO  Progress (5): 1.6/12 MB | 987 kB | 112 kB | 2.6 kB | 2.5/2.6 MB
2022.12.20 22:29:07 INFO  Progress (5): 1.6/12 MB | 987 kB | 112 kB | 2.6 kB | 2.5/2.6 MB
2022.12.20 22:29:07 INFO  Progress (5): 1.6/12 MB | 987 kB | 112 kB | 2.6 kB | 2.6/2.6 MB
2022.12.20 22:29:07 INFO  Progress (5): 1.6/12 MB | 987 kB | 112 kB | 2.6 kB | 2.6/2.6 MB
2022.12.20 22:29:07 INFO  Progress (5): 1.6/12 MB | 987 kB | 112 kB | 2.6 kB | 2.6/2.6 MB
2022.12.20 22:29:07 INFO  Progress (5): 1.6/12 MB | 987 kB | 112 kB | 2.6 kB | 2.6 MB    
2022.12.20 22:29:07 INFO  Progress (5): 1.7/12 MB | 987 kB | 112 kB | 2.6 kB | 2.6 MB
2022.12.20 22:29:07 INFO                                                             
2022.12.20 22:29:07 INFO  Downloaded from central: https://repo.maven.apache.org/maven2/org/jline/jline/3.19.0/jline-3.19.0.jar (987 kB at 234 kB/s)
2022.12.20 22:29:07 INFO  Downloaded from central: https://repo.maven.apache.org/maven2/org/scala-sbt/compiler-interface/1.5.5/compiler-interface-1.5.5.jar (112 kB at 27 kB/s)
2022.12.20 22:29:07 INFO  Downloading from central: https://repo.maven.apache.org/maven2/org/scala-lang/modules/scala-parallel-collections_2.13/0.2.0/scala-parallel-collections_2.13-0.2.0.jar
2022.12.20 22:29:07 INFO  Downloading from central: https://repo.maven.apache.org/maven2/org/scala-sbt/io_2.13/1.5.0/io_2.13-1.5.0.jar
2022.12.20 22:29:07 INFO  Progress (3): 1.8/12 MB | 2.6 kB | 2.6 MB
2022.12.20 22:29:07 INFO  Progress (3): 1.8/12 MB | 2.6 kB | 2.6 MB
2022.12.20 22:29:07 INFO  Progress (3): 1.9/12 MB | 2.6 kB | 2.6 MB
2022.12.20 22:29:07 INFO  Progress (3): 2.0/12 MB | 2.6 kB | 2.6 MB
2022.12.20 22:29:07 INFO                                           
2022.12.20 22:29:07 INFO  Downloaded from central: https://repo.maven.apache.org/maven2/org/scala-sbt/util-interface/1.5.0/util-interface-1.5.0.jar (2.6 kB at 609 B/s)
2022.12.20 22:29:07 INFO  Downloading from central: https://repo.maven.apache.org/maven2/com/swoval/file-tree-views/2.1.6/file-tree-views-2.1.6.jar
2022.12.20 22:29:07 INFO  Progress (2): 2.0/12 MB | 2.6 MB
2022.12.20 22:29:07 INFO  Progress (2): 2.1/12 MB | 2.6 MB
2022.12.20 22:29:07 INFO  Progress (2): 2.2/12 MB | 2.6 MB
2022.12.20 22:29:07 INFO  Progress (2): 2.2/12 MB | 2.6 MB
2022.12.20 22:29:07 INFO  Progress (2): 2.3/12 MB | 2.6 MB
2022.12.20 22:29:07 INFO  Progress (2): 2.4/12 MB | 2.6 MB
2022.12.20 22:29:07 INFO  Progress (2): 2.4/12 MB | 2.6 MB
2022.12.20 22:29:07 INFO  Progress (2): 2.5/12 MB | 2.6 MB
2022.12.20 22:29:07 INFO  Progress (2): 2.6/12 MB | 2.6 MB
2022.12.20 22:29:07 INFO  Progress (2): 2.6/12 MB | 2.6 MB
2022.12.20 22:29:07 INFO  Progress (2): 2.7/12 MB | 2.6 MB
2022.12.20 22:29:07 INFO  Progress (2): 2.7/12 MB | 2.6 MB
2022.12.20 22:29:07 INFO  Progress (2): 2.8/12 MB | 2.6 MB
2022.12.20 22:29:07 INFO  Progress (2): 2.9/12 MB | 2.6 MB
2022.12.20 22:29:07 INFO  Progress (2): 2.9/12 MB | 2.6 MB
2022.12.20 22:29:07 INFO  Progress (2): 3.0/12 MB | 2.6 MB
2022.12.20 22:29:07 INFO  Progress (2): 3.1/12 MB | 2.6 MB
2022.12.20 22:29:07 INFO  Progress (2): 3.1/12 MB | 2.6 MB
2022.12.20 22:29:07 INFO  Progress (2): 3.2/12 MB | 2.6 MB
2022.12.20 22:29:07 INFO  Progress (2): 3.3/12 MB | 2.6 MB
2022.12.20 22:29:07 INFO  Progress (2): 3.3/12 MB | 2.6 MB
2022.12.20 22:29:07 INFO  Progress (2): 3.4/12 MB | 2.6 MB
2022.12.20 22:29:07 INFO  Progress (2): 3.5/12 MB | 2.6 MB
2022.12.20 22:29:07 INFO  Progress (2): 3.5/12 MB | 2.6 MB
2022.12.20 22:29:07 INFO  Progress (2): 3.6/12 MB | 2.6 MB
2022.12.20 22:29:07 INFO  Progress (2): 3.7/12 MB | 2.6 MB
2022.12.20 22:29:07 INFO  Progress (2): 3.7/12 MB | 2.6 MB
2022.12.20 22:29:07 INFO                                  
2022.12.20 22:29:07 INFO  Downloaded from central: https://repo.maven.apache.org/maven2/org/scala-sbt/zinc-persist-core-assembly/1.5.5/zinc-persist-core-assembly-1.5.5.jar (2.6 MB at 597 kB/s)
2022.12.20 22:29:07 INFO  Downloading from central: https://repo.maven.apache.org/maven2/net/java/dev/jna/jna/5.5.0/jna-5.5.0.jar
2022.12.20 22:29:07 INFO  Progress (1): 3.8/12 MB
2022.12.20 22:29:07 INFO  Progress (1): 3.9/12 MB
2022.12.20 22:29:07 INFO  Progress (2): 3.9/12 MB | 4.1/632 kB
2022.12.20 22:29:07 INFO  Progress (2): 3.9/12 MB | 4.1/632 kB
2022.12.20 22:29:07 INFO  Progress (2): 3.9/12 MB | 8.2/632 kB
2022.12.20 22:29:07 INFO  Progress (2): 3.9/12 MB | 12/632 kB 
2022.12.20 22:29:07 INFO  Progress (2): 3.9/12 MB | 16/632 kB
2022.12.20 22:29:07 INFO  Progress (2): 3.9/12 MB | 20/632 kB
2022.12.20 22:29:07 INFO  Progress (2): 3.9/12 MB | 25/632 kB
2022.12.20 22:29:07 INFO  Progress (2): 3.9/12 MB | 29/632 kB
2022.12.20 22:29:07 INFO  Progress (2): 3.9/12 MB | 33/632 kB
2022.12.20 22:29:07 INFO  Progress (2): 3.9/12 MB | 37/632 kB
2022.12.20 22:29:07 INFO  Progress (2): 3.9/12 MB | 41/632 kB
2022.12.20 22:29:07 INFO  Progress (2): 3.9/12 MB | 45/632 kB
2022.12.20 22:29:07 INFO  Progress (2): 3.9/12 MB | 49/632 kB
2022.12.20 22:29:07 INFO  Progress (2): 3.9/12 MB | 53/632 kB
2022.12.20 22:29:07 INFO  Progress (2): 3.9/12 MB | 57/632 kB
2022.12.20 22:29:07 INFO  Progress (2): 3.9/12 MB | 61/632 kB
2022.12.20 22:29:07 INFO  Progress (2): 3.9/12 MB | 66/632 kB
2022.12.20 22:29:07 INFO  Progress (2): 3.9/12 MB | 70/632 kB
2022.12.20 22:29:07 INFO  Progress (2): 3.9/12 MB | 74/632 kB
2022.12.20 22:29:07 INFO  Progress (2): 3.9/12 MB | 78/632 kB
2022.12.20 22:29:07 INFO  Progress (2): 3.9/12 MB | 82/632 kB
2022.12.20 22:29:07 INFO  Progress (2): 3.9/12 MB | 86/632 kB
2022.12.20 22:29:07 INFO  Progress (2): 3.9/12 MB | 90/632 kB
2022.12.20 22:29:07 INFO  Progress (2): 3.9/12 MB | 94/632 kB
2022.12.20 22:29:07 INFO  Progress (2): 3.9/12 MB | 98/632 kB
2022.12.20 22:29:07 INFO  Progress (2): 3.9/12 MB | 102/632 kB
2022.12.20 22:29:07 INFO  Progress (2): 3.9/12 MB | 106/632 kB
2022.12.20 22:29:07 INFO  Progress (2): 4.0/12 MB | 106/632 kB
2022.12.20 22:29:07 INFO  Progress (2): 4.0/12 MB | 111/632 kB
2022.12.20 22:29:07 INFO  Progress (2): 4.0/12 MB | 115/632 kB
2022.12.20 22:29:07 INFO  Progress (2): 4.0/12 MB | 119/632 kB
2022.12.20 22:29:07 INFO  Progress (2): 4.0/12 MB | 123/632 kB
2022.12.20 22:29:07 INFO  Progress (2): 4.0/12 MB | 127/632 kB
2022.12.20 22:29:07 INFO  Progress (2): 4.1/12 MB | 127/632 kB
2022.12.20 22:29:07 INFO  Progress (2): 4.1/12 MB | 131/632 kB
2022.12.20 22:29:07 INFO  Progress (2): 4.1/12 MB | 135/632 kB
2022.12.20 22:29:07 INFO  Progress (2): 4.1/12 MB | 139/632 kB
2022.12.20 22:29:07 INFO  Progress (2): 4.1/12 MB | 143/632 kB
2022.12.20 22:29:07 INFO  Progress (2): 4.1/12 MB | 147/632 kB
2022.12.20 22:29:07 INFO  Progress (2): 4.1/12 MB | 152/632 kB
2022.12.20 22:29:07 INFO  Progress (3): 4.1/12 MB | 152/632 kB | 4.1/229 kB
2022.12.20 22:29:07 INFO  Progress (3): 4.1/12 MB | 156/632 kB | 4.1/229 kB
2022.12.20 22:29:07 INFO  Progress (3): 4.1/12 MB | 160/632 kB | 4.1/229 kB
2022.12.20 22:29:07 INFO  Progress (3): 4.1/12 MB | 164/632 kB | 4.1/229 kB
2022.12.20 22:29:07 INFO  Progress (3): 4.1/12 MB | 168/632 kB | 4.1/229 kB
2022.12.20 22:29:07 INFO  Progress (3): 4.1/12 MB | 172/632 kB | 4.1/229 kB
2022.12.20 22:29:07 INFO  Progress (3): 4.1/12 MB | 176/632 kB | 4.1/229 kB
2022.12.20 22:29:07 INFO  Progress (3): 4.1/12 MB | 180/632 kB | 4.1/229 kB
2022.12.20 22:29:07 INFO  Progress (3): 4.1/12 MB | 184/632 kB | 4.1/229 kB
2022.12.20 22:29:07 INFO  Progress (3): 4.1/12 MB | 188/632 kB | 4.1/229 kB
2022.12.20 22:29:07 INFO  Progress (3): 4.1/12 MB | 193/632 kB | 4.1/229 kB
2022.12.20 22:29:07 INFO  Progress (3): 4.1/12 MB | 193/632 kB | 8.2/229 kB
2022.12.20 22:29:07 INFO  Progress (3): 4.1/12 MB | 197/632 kB | 8.2/229 kB
2022.12.20 22:29:07 INFO  Progress (3): 4.1/12 MB | 197/632 kB | 8.2/229 kB
2022.12.20 22:29:07 INFO  Progress (3): 4.1/12 MB | 197/632 kB | 12/229 kB 
2022.12.20 22:29:07 INFO  Progress (3): 4.1/12 MB | 201/632 kB | 12/229 kB
2022.12.20 22:29:07 INFO  Progress (3): 4.1/12 MB | 201/632 kB | 16/229 kB
2022.12.20 22:29:07 INFO  Progress (3): 4.1/12 MB | 205/632 kB | 16/229 kB
2022.12.20 22:29:07 INFO  Progress (3): 4.1/12 MB | 205/632 kB | 20/229 kB
2022.12.20 22:29:07 INFO  Progress (3): 4.1/12 MB | 205/632 kB | 25/229 kB
2022.12.20 22:29:07 INFO  Progress (3): 4.1/12 MB | 209/632 kB | 25/229 kB
2022.12.20 22:29:07 INFO  Progress (3): 4.1/12 MB | 209/632 kB | 29/229 kB
2022.12.20 22:29:07 INFO  Progress (3): 4.1/12 MB | 209/632 kB | 33/229 kB
2022.12.20 22:29:07 INFO  Progress (3): 4.1/12 MB | 213/632 kB | 33/229 kB
2022.12.20 22:29:07 INFO  Progress (3): 4.1/12 MB | 217/632 kB | 33/229 kB
2022.12.20 22:29:07 INFO  Progress (3): 4.1/12 MB | 221/632 kB | 33/229 kB
2022.12.20 22:29:07 INFO  Progress (3): 4.1/12 MB | 225/632 kB | 33/229 kB
2022.12.20 22:29:07 INFO  Progress (3): 4.1/12 MB | 229/632 kB | 33/229 kB
2022.12.20 22:29:07 INFO  Progress (3): 4.1/12 MB | 233/632 kB | 33/229 kB
2022.12.20 22:29:07 INFO  Progress (3): 4.1/12 MB | 238/632 kB | 33/229 kB
2022.12.20 22:29:07 INFO  Progress (3): 4.1/12 MB | 242/632 kB | 33/229 kB
2022.12.20 22:29:07 INFO  Progress (3): 4.1/12 MB | 246/632 kB | 33/229 kB
2022.12.20 22:29:07 INFO  Progress (3): 4.1/12 MB | 250/632 kB | 33/229 kB
2022.12.20 22:29:07 INFO  Progress (3): 4.1/12 MB | 254/632 kB | 33/229 kB
2022.12.20 22:29:07 INFO  Progress (3): 4.1/12 MB | 258/632 kB | 33/229 kB
2022.12.20 22:29:07 INFO  Progress (3): 4.1/12 MB | 262/632 kB | 33/229 kB
2022.12.20 22:29:07 INFO  Progress (3): 4.1/12 MB | 266/632 kB | 33/229 kB
2022.12.20 22:29:07 INFO  Progress (3): 4.1/12 MB | 270/632 kB | 33/229 kB
2022.12.20 22:29:07 INFO  Progress (3): 4.1/12 MB | 270/632 kB | 37/229 kB
2022.12.20 22:29:07 INFO  Progress (3): 4.1/12 MB | 270/632 kB | 41/229 kB
2022.12.20 22:29:07 INFO  Progress (3): 4.1/12 MB | 274/632 kB | 41/229 kB
2022.12.20 22:29:07 INFO  Progress (3): 4.1/12 MB | 279/632 kB | 41/229 kB
2022.12.20 22:29:07 INFO  Progress (3): 4.1/12 MB | 283/632 kB | 41/229 kB
2022.12.20 22:29:07 INFO  Progress (3): 4.1/12 MB | 287/632 kB | 41/229 kB
2022.12.20 22:29:07 INFO  Progress (3): 4.1/12 MB | 287/632 kB | 45/229 kB
2022.12.20 22:29:07 INFO  Progress (3): 4.1/12 MB | 291/632 kB | 45/229 kB
2022.12.20 22:29:07 INFO  Progress (3): 4.1/12 MB | 291/632 kB | 49/229 kB
2022.12.20 22:29:07 INFO  Progress (3): 4.1/12 MB | 295/632 kB | 49/229 kB
2022.12.20 22:29:07 INFO  Progress (3): 4.1/12 MB | 299/632 kB | 49/229 kB
2022.12.20 22:29:07 INFO  Progress (3): 4.1/12 MB | 303/632 kB | 49/229 kB
2022.12.20 22:29:07 INFO  Progress (3): 4.1/12 MB | 307/632 kB | 49/229 kB
2022.12.20 22:29:07 INFO  Progress (3): 4.1/12 MB | 311/632 kB | 49/229 kB
2022.12.20 22:29:07 INFO  Progress (3): 4.1/12 MB | 315/632 kB | 49/229 kB
2022.12.20 22:29:07 INFO  Progress (3): 4.1/12 MB | 319/632 kB | 49/229 kB
2022.12.20 22:29:07 INFO  Progress (3): 4.1/12 MB | 324/632 kB | 49/229 kB
2022.12.20 22:29:07 INFO  Progress (4): 4.1/12 MB | 324/632 kB | 49/229 kB | 0/1.1 MB
2022.12.20 22:29:07 INFO  Progress (4): 4.1/12 MB | 328/632 kB | 49/229 kB | 0/1.1 MB
2022.12.20 22:29:07 INFO  Progress (4): 4.1/12 MB | 328/632 kB | 53/229 kB | 0/1.1 MB
2022.12.20 22:29:07 INFO  Progress (4): 4.1/12 MB | 328/632 kB | 57/229 kB | 0/1.1 MB
2022.12.20 22:29:07 INFO  Progress (4): 4.1/12 MB | 332/632 kB | 57/229 kB | 0/1.1 MB
2022.12.20 22:29:07 INFO  Progress (4): 4.2/12 MB | 332/632 kB | 57/229 kB | 0/1.1 MB
2022.12.20 22:29:07 INFO  Progress (4): 4.2/12 MB | 332/632 kB | 61/229 kB | 0/1.1 MB
2022.12.20 22:29:07 INFO  Progress (4): 4.2/12 MB | 332/632 kB | 64/229 kB | 0/1.1 MB
2022.12.20 22:29:07 INFO  Progress (4): 4.2/12 MB | 332/632 kB | 64/229 kB | 0/1.1 MB
2022.12.20 22:29:07 INFO  Progress (4): 4.2/12 MB | 336/632 kB | 64/229 kB | 0/1.1 MB
2022.12.20 22:29:07 INFO  Progress (4): 4.2/12 MB | 340/632 kB | 64/229 kB | 0/1.1 MB
2022.12.20 22:29:07 INFO  Progress (4): 4.2/12 MB | 344/632 kB | 64/229 kB | 0/1.1 MB
2022.12.20 22:29:07 INFO  Progress (4): 4.2/12 MB | 348/632 kB | 64/229 kB | 0/1.1 MB
2022.12.20 22:29:07 INFO  Progress (4): 4.2/12 MB | 352/632 kB | 64/229 kB | 0/1.1 MB
2022.12.20 22:29:07 INFO  Progress (4): 4.2/12 MB | 356/632 kB | 64/229 kB | 0/1.1 MB
2022.12.20 22:29:07 INFO  Progress (4): 4.2/12 MB | 360/632 kB | 64/229 kB | 0/1.1 MB
2022.12.20 22:29:07 INFO  Progress (4): 4.2/12 MB | 365/632 kB | 64/229 kB | 0/1.1 MB
2022.12.20 22:29:07 INFO  Progress (4): 4.2/12 MB | 369/632 kB | 64/229 kB | 0/1.1 MB
2022.12.20 22:29:07 INFO  Progress (4): 4.2/12 MB | 373/632 kB | 64/229 kB | 0/1.1 MB
2022.12.20 22:29:07 INFO  Progress (4): 4.3/12 MB | 373/632 kB | 64/229 kB | 0/1.1 MB
2022.12.20 22:29:07 INFO  Progress (4): 4.3/12 MB | 377/632 kB | 64/229 kB | 0/1.1 MB
2022.12.20 22:29:07 INFO  Progress (4): 4.3/12 MB | 381/632 kB | 64/229 kB | 0/1.1 MB
2022.12.20 22:29:07 INFO  Progress (4): 4.3/12 MB | 385/632 kB | 64/229 kB | 0/1.1 MB
2022.12.20 22:29:07 INFO  Progress (4): 4.3/12 MB | 389/632 kB | 64/229 kB | 0/1.1 MB
2022.12.20 22:29:07 INFO  Progress (4): 4.3/12 MB | 389/632 kB | 68/229 kB | 0/1.1 MB
2022.12.20 22:29:07 INFO  Progress (4): 4.3/12 MB | 393/632 kB | 68/229 kB | 0/1.1 MB
2022.12.20 22:29:07 INFO  Progress (4): 4.3/12 MB | 393/632 kB | 73/229 kB | 0/1.1 MB
2022.12.20 22:29:07 INFO  Progress (4): 4.3/12 MB | 393/632 kB | 77/229 kB | 0/1.1 MB
2022.12.20 22:29:07 INFO  Progress (4): 4.3/12 MB | 397/632 kB | 77/229 kB | 0/1.1 MB
2022.12.20 22:29:07 INFO  Progress (4): 4.3/12 MB | 397/632 kB | 81/229 kB | 0/1.1 MB
2022.12.20 22:29:07 INFO  Progress (4): 4.3/12 MB | 401/632 kB | 81/229 kB | 0/1.1 MB
2022.12.20 22:29:07 INFO  Progress (4): 4.3/12 MB | 406/632 kB | 81/229 kB | 0/1.1 MB
2022.12.20 22:29:07 INFO  Progress (4): 4.3/12 MB | 406/632 kB | 81/229 kB | 0/1.1 MB
2022.12.20 22:29:07 INFO  Progress (4): 4.3/12 MB | 410/632 kB | 81/229 kB | 0/1.1 MB
2022.12.20 22:29:07 INFO  Progress (4): 4.3/12 MB | 414/632 kB | 81/229 kB | 0/1.1 MB
2022.12.20 22:29:07 INFO  Progress (4): 4.3/12 MB | 418/632 kB | 81/229 kB | 0/1.1 MB
2022.12.20 22:29:07 INFO  Progress (4): 4.3/12 MB | 422/632 kB | 81/229 kB | 0/1.1 MB
2022.12.20 22:29:07 INFO  Progress (4): 4.3/12 MB | 426/632 kB | 81/229 kB | 0/1.1 MB
2022.12.20 22:29:07 INFO  Progress (4): 4.3/12 MB | 430/632 kB | 81/229 kB | 0/1.1 MB
2022.12.20 22:29:07 INFO  Progress (4): 4.3/12 MB | 434/632 kB | 81/229 kB | 0/1.1 MB
2022.12.20 22:29:07 INFO  Progress (4): 4.3/12 MB | 438/632 kB | 81/229 kB | 0/1.1 MB
2022.12.20 22:29:07 INFO  Progress (4): 4.3/12 MB | 438/632 kB | 85/229 kB | 0/1.1 MB
2022.12.20 22:29:07 INFO  Progress (4): 4.3/12 MB | 438/632 kB | 89/229 kB | 0/1.1 MB
2022.12.20 22:29:07 INFO  Progress (4): 4.3/12 MB | 442/632 kB | 89/229 kB | 0/1.1 MB
2022.12.20 22:29:07 INFO  Progress (4): 4.3/12 MB | 446/632 kB | 89/229 kB | 0/1.1 MB
2022.12.20 22:29:07 INFO  Progress (4): 4.3/12 MB | 446/632 kB | 93/229 kB | 0/1.1 MB
2022.12.20 22:29:07 INFO  Progress (4): 4.3/12 MB | 451/632 kB | 93/229 kB | 0/1.1 MB
2022.12.20 22:29:07 INFO  Progress (4): 4.3/12 MB | 451/632 kB | 97/229 kB | 0/1.1 MB
2022.12.20 22:29:07 INFO  Progress (4): 4.3/12 MB | 455/632 kB | 97/229 kB | 0/1.1 MB
2022.12.20 22:29:07 INFO  Progress (4): 4.3/12 MB | 459/632 kB | 97/229 kB | 0/1.1 MB
2022.12.20 22:29:07 INFO  Progress (4): 4.3/12 MB | 463/632 kB | 97/229 kB | 0/1.1 MB
2022.12.20 22:29:07 INFO  Progress (4): 4.3/12 MB | 467/632 kB | 97/229 kB | 0/1.1 MB
2022.12.20 22:29:07 INFO  Progress (4): 4.3/12 MB | 471/632 kB | 97/229 kB | 0/1.1 MB
2022.12.20 22:29:07 INFO  Progress (4): 4.3/12 MB | 475/632 kB | 97/229 kB | 0/1.1 MB
2022.12.20 22:29:07 INFO  Progress (4): 4.3/12 MB | 479/632 kB | 97/229 kB | 0/1.1 MB
2022.12.20 22:29:07 INFO  Progress (4): 4.3/12 MB | 483/632 kB | 97/229 kB | 0/1.1 MB
2022.12.20 22:29:07 INFO  Progress (4): 4.3/12 MB | 487/632 kB | 97/229 kB | 0/1.1 MB
2022.12.20 22:29:07 INFO  Progress (4): 4.3/12 MB | 492/632 kB | 97/229 kB | 0/1.1 MB
2022.12.20 22:29:07 INFO  Progress (4): 4.3/12 MB | 496/632 kB | 97/229 kB | 0/1.1 MB
2022.12.20 22:29:07 INFO  Progress (4): 4.3/12 MB | 500/632 kB | 97/229 kB | 0/1.1 MB
2022.12.20 22:29:07 INFO  Progress (4): 4.3/12 MB | 504/632 kB | 97/229 kB | 0/1.1 MB
2022.12.20 22:29:07 INFO  Progress (4): 4.3/12 MB | 508/632 kB | 97/229 kB | 0/1.1 MB
2022.12.20 22:29:07 INFO  Progress (4): 4.3/12 MB | 512/632 kB | 97/229 kB | 0/1.1 MB
2022.12.20 22:29:07 INFO  Progress (4): 4.3/12 MB | 516/632 kB | 97/229 kB | 0/1.1 MB
2022.12.20 22:29:07 INFO  Progress (4): 4.3/12 MB | 520/632 kB | 97/229 kB | 0/1.1 MB
2022.12.20 22:29:07 INFO  Progress (4): 4.3/12 MB | 520/632 kB | 101/229 kB | 0/1.1 MB
2022.12.20 22:29:07 INFO  Progress (4): 4.3/12 MB | 520/632 kB | 101/229 kB | 0/1.1 MB
2022.12.20 22:29:07 INFO  Progress (4): 4.3/12 MB | 524/632 kB | 101/229 kB | 0/1.1 MB
2022.12.20 22:29:07 INFO  Progress (4): 4.3/12 MB | 528/632 kB | 101/229 kB | 0/1.1 MB
2022.12.20 22:29:07 INFO  Progress (4): 4.3/12 MB | 532/632 kB | 101/229 kB | 0/1.1 MB
2022.12.20 22:29:07 INFO  Progress (4): 4.3/12 MB | 532/632 kB | 101/229 kB | 0/1.1 MB
2022.12.20 22:29:07 INFO  Progress (4): 4.3/12 MB | 537/632 kB | 101/229 kB | 0/1.1 MB
2022.12.20 22:29:07 INFO  Progress (4): 4.3/12 MB | 537/632 kB | 105/229 kB | 0/1.1 MB
2022.12.20 22:29:07 INFO  Progress (4): 4.3/12 MB | 537/632 kB | 109/229 kB | 0/1.1 MB
2022.12.20 22:29:07 INFO  Progress (4): 4.3/12 MB | 541/632 kB | 109/229 kB | 0/1.1 MB
2022.12.20 22:29:07 INFO  Progress (4): 4.3/12 MB | 541/632 kB | 114/229 kB | 0/1.1 MB
2022.12.20 22:29:07 INFO  Progress (4): 4.3/12 MB | 545/632 kB | 114/229 kB | 0/1.1 MB
2022.12.20 22:29:07 INFO  Progress (4): 4.3/12 MB | 549/632 kB | 114/229 kB | 0/1.1 MB
2022.12.20 22:29:07 INFO  Progress (4): 4.3/12 MB | 553/632 kB | 114/229 kB | 0/1.1 MB
2022.12.20 22:29:07 INFO  Progress (4): 4.3/12 MB | 557/632 kB | 114/229 kB | 0/1.1 MB
2022.12.20 22:29:07 INFO  Progress (4): 4.3/12 MB | 561/632 kB | 114/229 kB | 0/1.1 MB
2022.12.20 22:29:07 INFO  Progress (4): 4.3/12 MB | 561/632 kB | 118/229 kB | 0/1.1 MB
2022.12.20 22:29:07 INFO  Progress (4): 4.3/12 MB | 565/632 kB | 118/229 kB | 0/1.1 MB
2022.12.20 22:29:07 INFO  Progress (4): 4.3/12 MB | 565/632 kB | 122/229 kB | 0/1.1 MB
2022.12.20 22:29:07 INFO  Progress (4): 4.3/12 MB | 569/632 kB | 122/229 kB | 0/1.1 MB
2022.12.20 22:29:07 INFO  Progress (4): 4.3/12 MB | 569/632 kB | 126/229 kB | 0/1.1 MB
2022.12.20 22:29:07 INFO  Progress (4): 4.3/12 MB | 569/632 kB | 130/229 kB | 0/1.1 MB
2022.12.20 22:29:07 INFO  Progress (4): 4.3/12 MB | 573/632 kB | 130/229 kB | 0/1.1 MB
2022.12.20 22:29:07 INFO  Progress (4): 4.3/12 MB | 578/632 kB | 130/229 kB | 0/1.1 MB
2022.12.20 22:29:07 INFO  Progress (4): 4.3/12 MB | 582/632 kB | 130/229 kB | 0/1.1 MB
2022.12.20 22:29:07 INFO  Progress (4): 4.3/12 MB | 586/632 kB | 130/229 kB | 0/1.1 MB
2022.12.20 22:29:07 INFO  Progress (4): 4.3/12 MB | 590/632 kB | 130/229 kB | 0/1.1 MB
2022.12.20 22:29:07 INFO  Progress (4): 4.3/12 MB | 594/632 kB | 130/229 kB | 0/1.1 MB
2022.12.20 22:29:07 INFO  Progress (4): 4.4/12 MB | 594/632 kB | 130/229 kB | 0/1.1 MB
2022.12.20 22:29:07 INFO  Progress (4): 4.4/12 MB | 598/632 kB | 130/229 kB | 0/1.1 MB
2022.12.20 22:29:07 INFO  Progress (4): 4.4/12 MB | 602/632 kB | 130/229 kB | 0/1.1 MB
2022.12.20 22:29:07 INFO  Progress (4): 4.4/12 MB | 602/632 kB | 134/229 kB | 0/1.1 MB
2022.12.20 22:29:07 INFO  Progress (4): 4.4/12 MB | 606/632 kB | 134/229 kB | 0/1.1 MB
2022.12.20 22:29:07 INFO  Progress (4): 4.4/12 MB | 606/632 kB | 138/229 kB | 0/1.1 MB
2022.12.20 22:29:07 INFO  Progress (4): 4.4/12 MB | 610/632 kB | 138/229 kB | 0/1.1 MB
2022.12.20 22:29:07 INFO  Progress (4): 4.4/12 MB | 610/632 kB | 142/229 kB | 0/1.1 MB
2022.12.20 22:29:07 INFO  Progress (4): 4.4/12 MB | 614/632 kB | 142/229 kB | 0/1.1 MB
2022.12.20 22:29:07 INFO  Progress (4): 4.4/12 MB | 614/632 kB | 146/229 kB | 0/1.1 MB
2022.12.20 22:29:07 INFO  Progress (4): 4.4/12 MB | 618/632 kB | 146/229 kB | 0/1.1 MB
2022.12.20 22:29:07 INFO  Progress (4): 4.4/12 MB | 623/632 kB | 146/229 kB | 0/1.1 MB
2022.12.20 22:29:07 INFO  Progress (4): 4.4/12 MB | 627/632 kB | 146/229 kB | 0/1.1 MB
2022.12.20 22:29:07 INFO  Progress (4): 4.4/12 MB | 631/632 kB | 146/229 kB | 0/1.1 MB
2022.12.20 22:29:07 INFO  Progress (4): 4.4/12 MB | 632 kB | 146/229 kB | 0/1.1 MB    
2022.12.20 22:29:07 INFO  Progress (4): 4.5/12 MB | 632 kB | 146/229 kB | 0/1.1 MB
2022.12.20 22:29:07 INFO  Progress (4): 4.5/12 MB | 632 kB | 146/229 kB | 0/1.1 MB
2022.12.20 22:29:07 INFO  Progress (4): 4.5/12 MB | 632 kB | 150/229 kB | 0/1.1 MB
2022.12.20 22:29:07 INFO  Progress (4): 4.5/12 MB | 632 kB | 150/229 kB | 0/1.1 MB
2022.12.20 22:29:07 INFO  Progress (4): 4.5/12 MB | 632 kB | 155/229 kB | 0/1.1 MB
2022.12.20 22:29:07 INFO  Progress (4): 4.5/12 MB | 632 kB | 159/229 kB | 0/1.1 MB
2022.12.20 22:29:07 INFO  Progress (4): 4.5/12 MB | 632 kB | 163/229 kB | 0/1.1 MB
2022.12.20 22:29:07 INFO  Progress (4): 4.5/12 MB | 632 kB | 167/229 kB | 0/1.1 MB
2022.12.20 22:29:07 INFO  Progress (4): 4.5/12 MB | 632 kB | 167/229 kB | 0/1.1 MB
2022.12.20 22:29:07 INFO  Progress (4): 4.5/12 MB | 632 kB | 171/229 kB | 0/1.1 MB
2022.12.20 22:29:07 INFO  Progress (4): 4.5/12 MB | 632 kB | 175/229 kB | 0/1.1 MB
2022.12.20 22:29:07 INFO  Progress (4): 4.5/12 MB | 632 kB | 179/229 kB | 0/1.1 MB
2022.12.20 22:29:07 INFO  Progress (4): 4.5/12 MB | 632 kB | 183/229 kB | 0/1.1 MB
2022.12.20 22:29:07 INFO  Progress (4): 4.6/12 MB | 632 kB | 183/229 kB | 0/1.1 MB
2022.12.20 22:29:07 INFO  Progress (4): 4.6/12 MB | 632 kB | 187/229 kB | 0/1.1 MB
2022.12.20 22:29:07 INFO  Progress (4): 4.6/12 MB | 632 kB | 191/229 kB | 0/1.1 MB
2022.12.20 22:29:07 INFO  Progress (4): 4.6/12 MB | 632 kB | 195/229 kB | 0/1.1 MB
2022.12.20 22:29:07 INFO  Progress (4): 4.6/12 MB | 632 kB | 195/229 kB | 0.1/1.1 MB
2022.12.20 22:29:07 INFO  Progress (4): 4.6/12 MB | 632 kB | 195/229 kB | 0.1/1.1 MB
2022.12.20 22:29:07 INFO  Progress (4): 4.6/12 MB | 632 kB | 200/229 kB | 0.1/1.1 MB
2022.12.20 22:29:07 INFO  Progress (4): 4.6/12 MB | 632 kB | 204/229 kB | 0.1/1.1 MB
2022.12.20 22:29:07 INFO  Progress (4): 4.6/12 MB | 632 kB | 208/229 kB | 0.1/1.1 MB
2022.12.20 22:29:07 INFO  Progress (4): 4.6/12 MB | 632 kB | 212/229 kB | 0.1/1.1 MB
2022.12.20 22:29:07 INFO  Progress (4): 4.7/12 MB | 632 kB | 212/229 kB | 0.1/1.1 MB
2022.12.20 22:29:07 INFO  Progress (4): 4.7/12 MB | 632 kB | 216/229 kB | 0.1/1.1 MB
2022.12.20 22:29:07 INFO  Progress (4): 4.7/12 MB | 632 kB | 220/229 kB | 0.1/1.1 MB
2022.12.20 22:29:07 INFO  Progress (4): 4.7/12 MB | 632 kB | 224/229 kB | 0.1/1.1 MB
2022.12.20 22:29:07 INFO  Progress (4): 4.7/12 MB | 632 kB | 224/229 kB | 0.1/1.1 MB
2022.12.20 22:29:07 INFO  Progress (4): 4.7/12 MB | 632 kB | 228/229 kB | 0.1/1.1 MB
2022.12.20 22:29:07 INFO  Progress (4): 4.7/12 MB | 632 kB | 229 kB | 0.1/1.1 MB    
2022.12.20 22:29:07 INFO  Progress (4): 4.8/12 MB | 632 kB | 229 kB | 0.1/1.1 MB
2022.12.20 22:29:07 INFO  Progress (4): 4.8/12 MB | 632 kB | 229 kB | 0.1/1.1 MB
2022.12.20 22:29:07 INFO  Progress (4): 4.8/12 MB | 632 kB | 229 kB | 0.1/1.1 MB
2022.12.20 22:29:07 INFO  Progress (4): 4.8/12 MB | 632 kB | 229 kB | 0.1/1.1 MB
2022.12.20 22:29:07 INFO  Progress (4): 4.9/12 MB | 632 kB | 229 kB | 0.1/1.1 MB
2022.12.20 22:29:07 INFO  Progress (4): 4.9/12 MB | 632 kB | 229 kB | 0.1/1.1 MB
2022.12.20 22:29:07 INFO  Progress (4): 4.9/12 MB | 632 kB | 229 kB | 0.1/1.1 MB
2022.12.20 22:29:07 INFO  Progress (4): 4.9/12 MB | 632 kB | 229 kB | 0.1/1.1 MB
2022.12.20 22:29:07 INFO  Progress (4): 4.9/12 MB | 632 kB | 229 kB | 0.1/1.1 MB
2022.12.20 22:29:07 INFO  Progress (4): 5.0/12 MB | 632 kB | 229 kB | 0.1/1.1 MB
2022.12.20 22:29:08 INFO  Progress (4): 5.0/12 MB | 632 kB | 229 kB | 0.1/1.1 MB
2022.12.20 22:29:08 INFO  Progress (4): 5.0/12 MB | 632 kB | 229 kB | 0.1/1.1 MB
2022.12.20 22:29:08 INFO  Progress (4): 5.0/12 MB | 632 kB | 229 kB | 0.1/1.1 MB
2022.12.20 22:29:08 INFO  Progress (4): 5.1/12 MB | 632 kB | 229 kB | 0.1/1.1 MB
2022.12.20 22:29:08 INFO  Progress (4): 5.1/12 MB | 632 kB | 229 kB | 0.1/1.1 MB
2022.12.20 22:29:08 INFO  Progress (4): 5.1/12 MB | 632 kB | 229 kB | 0.1/1.1 MB
2022.12.20 22:29:08 INFO  Progress (4): 5.2/12 MB | 632 kB | 229 kB | 0.1/1.1 MB
2022.12.20 22:29:08 INFO  Progress (4): 5.2/12 MB | 632 kB | 229 kB | 0.1/1.1 MB
2022.12.20 22:29:08 INFO  Progress (4): 5.2/12 MB | 632 kB | 229 kB | 0.2/1.1 MB
2022.12.20 22:29:08 INFO  Progress (4): 5.3/12 MB | 632 kB | 229 kB | 0.2/1.1 MB
2022.12.20 22:29:08 INFO  Progress (4): 5.3/12 MB | 632 kB | 229 kB | 0.2/1.1 MB
2022.12.20 22:29:08 INFO  Progress (4): 5.4/12 MB | 632 kB | 229 kB | 0.2/1.1 MB
2022.12.20 22:29:08 INFO  Progress (4): 5.4/12 MB | 632 kB | 229 kB | 0.2/1.1 MB
2022.12.20 22:29:08 INFO  Progress (4): 5.4/12 MB | 632 kB | 229 kB | 0.2/1.1 MB
2022.12.20 22:29:08 INFO  Progress (4): 5.4/12 MB | 632 kB | 229 kB | 0.2/1.1 MB
2022.12.20 22:29:08 INFO  Progress (4): 5.5/12 MB | 632 kB | 229 kB | 0.2/1.1 MB
2022.12.20 22:29:08 INFO  Progress (4): 5.5/12 MB | 632 kB | 229 kB | 0.2/1.1 MB
2022.12.20 22:29:08 INFO  Progress (4): 5.5/12 MB | 632 kB | 229 kB | 0.2/1.1 MB
2022.12.20 22:29:08 INFO  Progress (4): 5.6/12 MB | 632 kB | 229 kB | 0.2/1.1 MB
2022.12.20 22:29:08 INFO  Progress (4): 5.6/12 MB | 632 kB | 229 kB | 0.2/1.1 MB
2022.12.20 22:29:08 INFO  Progress (4): 5.7/12 MB | 632 kB | 229 kB | 0.2/1.1 MB
2022.12.20 22:29:08 INFO  Progress (4): 5.7/12 MB | 632 kB | 229 kB | 0.2/1.1 MB
2022.12.20 22:29:08 INFO  Progress (4): 5.8/12 MB | 632 kB | 229 kB | 0.2/1.1 MB
2022.12.20 22:29:08 INFO  Progress (4): 5.8/12 MB | 632 kB | 229 kB | 0.2/1.1 MB
2022.12.20 22:29:08 INFO  Progress (4): 5.8/12 MB | 632 kB | 229 kB | 0.2/1.1 MB
2022.12.20 22:29:08 INFO  Progress (4): 5.9/12 MB | 632 kB | 229 kB | 0.2/1.1 MB
2022.12.20 22:29:08 INFO  Progress (4): 5.9/12 MB | 632 kB | 229 kB | 0.2/1.1 MB
2022.12.20 22:29:08 INFO  Progress (4): 5.9/12 MB | 632 kB | 229 kB | 0.2/1.1 MB
2022.12.20 22:29:08 INFO  Progress (4): 6.0/12 MB | 632 kB | 229 kB | 0.2/1.1 MB
2022.12.20 22:29:08 INFO  Progress (4): 6.0/12 MB | 632 kB | 229 kB | 0.2/1.1 MB
2022.12.20 22:29:08 INFO  Progress (4): 6.0/12 MB | 632 kB | 229 kB | 0.2/1.1 MB
2022.12.20 22:29:08 INFO  Progress (4): 6.1/12 MB | 632 kB | 229 kB | 0.2/1.1 MB
2022.12.20 22:29:08 INFO  Progress (4): 6.1/12 MB | 632 kB | 229 kB | 0.2/1.1 MB
2022.12.20 22:29:08 INFO  Progress (4): 6.2/12 MB | 632 kB | 229 kB | 0.2/1.1 MB
2022.12.20 22:29:08 INFO  Progress (4): 6.2/12 MB | 632 kB | 229 kB | 0.2/1.1 MB
2022.12.20 22:29:08 INFO  Progress (4): 6.3/12 MB | 632 kB | 229 kB | 0.2/1.1 MB
2022.12.20 22:29:08 INFO  Progress (4): 6.4/12 MB | 632 kB | 229 kB | 0.2/1.1 MB
2022.12.20 22:29:08 INFO  Progress (4): 6.4/12 MB | 632 kB | 229 kB | 0.2/1.1 MB
2022.12.20 22:29:08 INFO  Progress (4): 6.5/12 MB | 632 kB | 229 kB | 0.2/1.1 MB
2022.12.20 22:29:08 INFO  Progress (4): 6.6/12 MB | 632 kB | 229 kB | 0.2/1.1 MB
2022.12.20 22:29:08 INFO  Progress (4): 6.6/12 MB | 632 kB | 229 kB | 0.2/1.1 MB
2022.12.20 22:29:08 INFO  Progress (5): 6.6/12 MB | 632 kB | 229 kB | 0.2/1.1 MB | 0/1.5 MB
2022.12.20 22:29:08 INFO  Progress (5): 6.6/12 MB | 632 kB | 229 kB | 0.2/1.1 MB | 0/1.5 MB
2022.12.20 22:29:08 INFO  Progress (5): 6.6/12 MB | 632 kB | 229 kB | 0.2/1.1 MB | 0/1.5 MB
2022.12.20 22:29:08 INFO  Progress (5): 6.6/12 MB | 632 kB | 229 kB | 0.2/1.1 MB | 0/1.5 MB
2022.12.20 22:29:08 INFO  Progress (5): 6.6/12 MB | 632 kB | 229 kB | 0.2/1.1 MB | 0/1.5 MB
2022.12.20 22:29:08 INFO  Progress (5): 6.6/12 MB | 632 kB | 229 kB | 0.2/1.1 MB | 0/1.5 MB
2022.12.20 22:29:08 INFO  Progress (5): 6.7/12 MB | 632 kB | 229 kB | 0.2/1.1 MB | 0/1.5 MB
2022.12.20 22:29:08 INFO  Progress (5): 6.7/12 MB | 632 kB | 229 kB | 0.2/1.1 MB | 0.1/1.5 MB
2022.12.20 22:29:08 INFO  Progress (5): 6.7/12 MB | 632 kB | 229 kB | 0.2/1.1 MB | 0.1/1.5 MB
2022.12.20 22:29:08 INFO  Progress (5): 6.7/12 MB | 632 kB | 229 kB | 0.2/1.1 MB | 0.1/1.5 MB
2022.12.20 22:29:08 INFO  Progress (5): 6.7/12 MB | 632 kB | 229 kB | 0.2/1.1 MB | 0.1/1.5 MB
2022.12.20 22:29:08 INFO  Progress (5): 6.7/12 MB | 632 kB | 229 kB | 0.2/1.1 MB | 0.1/1.5 MB
2022.12.20 22:29:08 INFO  Progress (5): 6.7/12 MB | 632 kB | 229 kB | 0.2/1.1 MB | 0.1/1.5 MB
2022.12.20 22:29:08 INFO  Progress (5): 6.7/12 MB | 632 kB | 229 kB | 0.2/1.1 MB | 0.1/1.5 MB
2022.12.20 22:29:08 INFO  Progress (5): 6.7/12 MB | 632 kB | 229 kB | 0.2/1.1 MB | 0.1/1.5 MB
2022.12.20 22:29:08 INFO  Progress (5): 6.7/12 MB | 632 kB | 229 kB | 0.2/1.1 MB | 0.1/1.5 MB
2022.12.20 22:29:08 INFO  Progress (5): 6.7/12 MB | 632 kB | 229 kB | 0.2/1.1 MB | 0.1/1.5 MB
2022.12.20 22:29:08 INFO  Progress (5): 6.7/12 MB | 632 kB | 229 kB | 0.2/1.1 MB | 0.1/1.5 MB
2022.12.20 22:29:08 INFO  Progress (5): 6.7/12 MB | 632 kB | 229 kB | 0.2/1.1 MB | 0.1/1.5 MB
2022.12.20 22:29:08 INFO  Progress (5): 6.7/12 MB | 632 kB | 229 kB | 0.2/1.1 MB | 0.1/1.5 MB
2022.12.20 22:29:08 INFO  Progress (5): 6.8/12 MB | 632 kB | 229 kB | 0.2/1.1 MB | 0.1/1.5 MB
2022.12.20 22:29:08 INFO  Progress (5): 6.8/12 MB | 632 kB | 229 kB | 0.2/1.1 MB | 0.2/1.5 MB
2022.12.20 22:29:08 INFO  Progress (5): 6.8/12 MB | 632 kB | 229 kB | 0.2/1.1 MB | 0.2/1.5 MB
2022.12.20 22:29:08 INFO  Progress (5): 6.8/12 MB | 632 kB | 229 kB | 0.2/1.1 MB | 0.2/1.5 MB
2022.12.20 22:29:08 INFO  Progress (5): 6.8/12 MB | 632 kB | 229 kB | 0.2/1.1 MB | 0.2/1.5 MB
2022.12.20 22:29:08 INFO  Progress (5): 6.8/12 MB | 632 kB | 229 kB | 0.2/1.1 MB | 0.2/1.5 MB
2022.12.20 22:29:08 INFO  Progress (5): 6.8/12 MB | 632 kB | 229 kB | 0.2/1.1 MB | 0.2/1.5 MB
2022.12.20 22:29:08 INFO  Progress (5): 6.8/12 MB | 632 kB | 229 kB | 0.2/1.1 MB | 0.2/1.5 MB
2022.12.20 22:29:08 INFO  Progress (5): 6.8/12 MB | 632 kB | 229 kB | 0.2/1.1 MB | 0.2/1.5 MB
2022.12.20 22:29:08 INFO  Progress (5): 6.9/12 MB | 632 kB | 229 kB | 0.2/1.1 MB | 0.2/1.5 MB
2022.12.20 22:29:08 INFO  Progress (5): 6.9/12 MB | 632 kB | 229 kB | 0.2/1.1 MB | 0.2/1.5 MB
2022.12.20 22:29:08 INFO  Progress (5): 6.9/12 MB | 632 kB | 229 kB | 0.2/1.1 MB | 0.2/1.5 MB
2022.12.20 22:29:08 INFO  Progress (5): 6.9/12 MB | 632 kB | 229 kB | 0.2/1.1 MB | 0.2/1.5 MB
2022.12.20 22:29:08 INFO  Progress (5): 6.9/12 MB | 632 kB | 229 kB | 0.2/1.1 MB | 0.2/1.5 MB
2022.12.20 22:29:08 INFO  Progress (5): 6.9/12 MB | 632 kB | 229 kB | 0.2/1.1 MB | 0.3/1.5 MB
2022.12.20 22:29:08 INFO  Progress (5): 6.9/12 MB | 632 kB | 229 kB | 0.2/1.1 MB | 0.3/1.5 MB
2022.12.20 22:29:08 INFO  Progress (5): 6.9/12 MB | 632 kB | 229 kB | 0.2/1.1 MB | 0.3/1.5 MB
2022.12.20 22:29:08 INFO  Progress (5): 6.9/12 MB | 632 kB | 229 kB | 0.2/1.1 MB | 0.3/1.5 MB
2022.12.20 22:29:08 INFO  Progress (5): 6.9/12 MB | 632 kB | 229 kB | 0.2/1.1 MB | 0.3/1.5 MB
2022.12.20 22:29:08 INFO  Progress (5): 6.9/12 MB | 632 kB | 229 kB | 0.2/1.1 MB | 0.3/1.5 MB
2022.12.20 22:29:08 INFO  Progress (5): 6.9/12 MB | 632 kB | 229 kB | 0.2/1.1 MB | 0.3/1.5 MB
2022.12.20 22:29:08 INFO  Progress (5): 6.9/12 MB | 632 kB | 229 kB | 0.2/1.1 MB | 0.3/1.5 MB
2022.12.20 22:29:08 INFO  Progress (5): 7.0/12 MB | 632 kB | 229 kB | 0.2/1.1 MB | 0.3/1.5 MB
2022.12.20 22:29:08 INFO  Progress (5): 7.0/12 MB | 632 kB | 229 kB | 0.2/1.1 MB | 0.3/1.5 MB
2022.12.20 22:29:08 INFO  Progress (5): 7.0/12 MB | 632 kB | 229 kB | 0.2/1.1 MB | 0.3/1.5 MB
2022.12.20 22:29:08 INFO  Progress (5): 7.0/12 MB | 632 kB | 229 kB | 0.2/1.1 MB | 0.3/1.5 MB
2022.12.20 22:29:08 INFO  Progress (5): 7.0/12 MB | 632 kB | 229 kB | 0.2/1.1 MB | 0.3/1.5 MB
2022.12.20 22:29:08 INFO  Progress (5): 7.0/12 MB | 632 kB | 229 kB | 0.2/1.1 MB | 0.3/1.5 MB
2022.12.20 22:29:08 INFO  Progress (5): 7.0/12 MB | 632 kB | 229 kB | 0.2/1.1 MB | 0.4/1.5 MB
2022.12.20 22:29:08 INFO  Progress (5): 7.0/12 MB | 632 kB | 229 kB | 0.2/1.1 MB | 0.4/1.5 MB
2022.12.20 22:29:08 INFO  Progress (5): 7.1/12 MB | 632 kB | 229 kB | 0.2/1.1 MB | 0.4/1.5 MB
2022.12.20 22:29:08 INFO  Progress (5): 7.1/12 MB | 632 kB | 229 kB | 0.2/1.1 MB | 0.4/1.5 MB
2022.12.20 22:29:08 INFO  Progress (5): 7.1/12 MB | 632 kB | 229 kB | 0.2/1.1 MB | 0.4/1.5 MB
2022.12.20 22:29:08 INFO  Progress (5): 7.1/12 MB | 632 kB | 229 kB | 0.2/1.1 MB | 0.4/1.5 MB
2022.12.20 22:29:08 INFO  Progress (5): 7.1/12 MB | 632 kB | 229 kB | 0.2/1.1 MB | 0.4/1.5 MB
2022.12.20 22:29:08 INFO  Progress (5): 7.1/12 MB | 632 kB | 229 kB | 0.2/1.1 MB | 0.4/1.5 MB
2022.12.20 22:29:08 INFO  Progress (5): 7.1/12 MB | 632 kB | 229 kB | 0.2/1.1 MB | 0.4/1.5 MB
2022.12.20 22:29:08 INFO  Progress (5): 7.1/12 MB | 632 kB | 229 kB | 0.2/1.1 MB | 0.4/1.5 MB
2022.12.20 22:29:08 INFO  Progress (5): 7.1/12 MB | 632 kB | 229 kB | 0.2/1.1 MB | 0.4/1.5 MB
2022.12.20 22:29:08 INFO  Progress (5): 7.1/12 MB | 632 kB | 229 kB | 0.2/1.1 MB | 0.4/1.5 MB
2022.12.20 22:29:08 INFO  Progress (5): 7.1/12 MB | 632 kB | 229 kB | 0.2/1.1 MB | 0.4/1.5 MB
2022.12.20 22:29:08 INFO  Progress (5): 7.1/12 MB | 632 kB | 229 kB | 0.2/1.1 MB | 0.4/1.5 MB
2022.12.20 22:29:08 INFO  Progress (5): 7.1/12 MB | 632 kB | 229 kB | 0.2/1.1 MB | 0.5/1.5 MB
2022.12.20 22:29:08 INFO  Progress (5): 7.1/12 MB | 632 kB | 229 kB | 0.2/1.1 MB | 0.5/1.5 MB
2022.12.20 22:29:08 INFO  Progress (5): 7.1/12 MB | 632 kB | 229 kB | 0.2/1.1 MB | 0.5/1.5 MB
2022.12.20 22:29:08 INFO  Progress (5): 7.1/12 MB | 632 kB | 229 kB | 0.2/1.1 MB | 0.5/1.5 MB
2022.12.20 22:29:08 INFO  Progress (5): 7.2/12 MB | 632 kB | 229 kB | 0.2/1.1 MB | 0.5/1.5 MB
2022.12.20 22:29:08 INFO  Progress (5): 7.2/12 MB | 632 kB | 229 kB | 0.2/1.1 MB | 0.5/1.5 MB
2022.12.20 22:29:08 INFO  Progress (5): 7.2/12 MB | 632 kB | 229 kB | 0.2/1.1 MB | 0.5/1.5 MB
2022.12.20 22:29:08 INFO  Progress (5): 7.2/12 MB | 632 kB | 229 kB | 0.2/1.1 MB | 0.5/1.5 MB
2022.12.20 22:29:08 INFO  Progress (5): 7.2/12 MB | 632 kB | 229 kB | 0.2/1.1 MB | 0.5/1.5 MB
2022.12.20 22:29:08 INFO  Progress (5): 7.3/12 MB | 632 kB | 229 kB | 0.2/1.1 MB | 0.5/1.5 MB
2022.12.20 22:29:08 INFO  Progress (5): 7.3/12 MB | 632 kB | 229 kB | 0.2/1.1 MB | 0.5/1.5 MB
2022.12.20 22:29:08 INFO  Progress (5): 7.3/12 MB | 632 kB | 229 kB | 0.2/1.1 MB | 0.5/1.5 MB
2022.12.20 22:29:08 INFO  Progress (5): 7.3/12 MB | 632 kB | 229 kB | 0.2/1.1 MB | 0.5/1.5 MB
2022.12.20 22:29:08 INFO  Progress (5): 7.3/12 MB | 632 kB | 229 kB | 0.2/1.1 MB | 0.5/1.5 MB
2022.12.20 22:29:08 INFO  Progress (5): 7.3/12 MB | 632 kB | 229 kB | 0.2/1.1 MB | 0.5/1.5 MB
2022.12.20 22:29:08 INFO  Progress (5): 7.3/12 MB | 632 kB | 229 kB | 0.2/1.1 MB | 0.6/1.5 MB
2022.12.20 22:29:08 INFO  Progress (5): 7.3/12 MB | 632 kB | 229 kB | 0.2/1.1 MB | 0.6/1.5 MB
2022.12.20 22:29:08 INFO  Progress (5): 7.3/12 MB | 632 kB | 229 kB | 0.2/1.1 MB | 0.6/1.5 MB
2022.12.20 22:29:08 INFO  Progress (5): 7.3/12 MB | 632 kB | 229 kB | 0.2/1.1 MB | 0.6/1.5 MB
2022.12.20 22:29:08 INFO  Progress (5): 7.3/12 MB | 632 kB | 229 kB | 0.2/1.1 MB | 0.6/1.5 MB
2022.12.20 22:29:08 INFO  Progress (5): 7.3/12 MB | 632 kB | 229 kB | 0.2/1.1 MB | 0.6/1.5 MB
2022.12.20 22:29:08 INFO  Progress (5): 7.3/12 MB | 632 kB | 229 kB | 0.2/1.1 MB | 0.6/1.5 MB
2022.12.20 22:29:08 INFO  Progress (5): 7.3/12 MB | 632 kB | 229 kB | 0.2/1.1 MB | 0.6/1.5 MB
2022.12.20 22:29:08 INFO  Progress (5): 7.4/12 MB | 632 kB | 229 kB | 0.2/1.1 MB | 0.6/1.5 MB
2022.12.20 22:29:08 INFO  Progress (5): 7.4/12 MB | 632 kB | 229 kB | 0.2/1.1 MB | 0.6/1.5 MB
2022.12.20 22:29:08 INFO  Progress (5): 7.4/12 MB | 632 kB | 229 kB | 0.2/1.1 MB | 0.6/1.5 MB
2022.12.20 22:29:08 INFO  Progress (5): 7.4/12 MB | 632 kB | 229 kB | 0.2/1.1 MB | 0.6/1.5 MB
2022.12.20 22:29:08 INFO  Progress (5): 7.4/12 MB | 632 kB | 229 kB | 0.2/1.1 MB | 0.6/1.5 MB
2022.12.20 22:29:08 INFO  Progress (5): 7.4/12 MB | 632 kB | 229 kB | 0.2/1.1 MB | 0.6/1.5 MB
2022.12.20 22:29:08 INFO  Progress (5): 7.5/12 MB | 632 kB | 229 kB | 0.2/1.1 MB | 0.6/1.5 MB
2022.12.20 22:29:08 INFO  Progress (5): 7.5/12 MB | 632 kB | 229 kB | 0.2/1.1 MB | 0.7/1.5 MB
2022.12.20 22:29:08 INFO  Progress (5): 7.5/12 MB | 632 kB | 229 kB | 0.2/1.1 MB | 0.7/1.5 MB
2022.12.20 22:29:08 INFO  Progress (5): 7.5/12 MB | 632 kB | 229 kB | 0.2/1.1 MB | 0.7/1.5 MB
2022.12.20 22:29:08 INFO  Progress (5): 7.5/12 MB | 632 kB | 229 kB | 0.2/1.1 MB | 0.7/1.5 MB
2022.12.20 22:29:08 INFO  Progress (5): 7.5/12 MB | 632 kB | 229 kB | 0.3/1.1 MB | 0.7/1.5 MB
2022.12.20 22:29:08 INFO  Progress (5): 7.5/12 MB | 632 kB | 229 kB | 0.3/1.1 MB | 0.7/1.5 MB
2022.12.20 22:29:08 INFO  Progress (5): 7.5/12 MB | 632 kB | 229 kB | 0.3/1.1 MB | 0.7/1.5 MB
2022.12.20 22:29:08 INFO  Progress (5): 7.5/12 MB | 632 kB | 229 kB | 0.3/1.1 MB | 0.7/1.5 MB
2022.12.20 22:29:08 INFO  Progress (5): 7.5/12 MB | 632 kB | 229 kB | 0.3/1.1 MB | 0.7/1.5 MB
2022.12.20 22:29:08 INFO  Progress (5): 7.5/12 MB | 632 kB | 229 kB | 0.3/1.1 MB | 0.7/1.5 MB
2022.12.20 22:29:08 INFO  Progress (5): 7.5/12 MB | 632 kB | 229 kB | 0.3/1.1 MB | 0.7/1.5 MB
2022.12.20 22:29:08 INFO  Progress (5): 7.5/12 MB | 632 kB | 229 kB | 0.3/1.1 MB | 0.7/1.5 MB
2022.12.20 22:29:08 INFO  Progress (5): 7.5/12 MB | 632 kB | 229 kB | 0.3/1.1 MB | 0.7/1.5 MB
2022.12.20 22:29:08 INFO  Progress (5): 7.5/12 MB | 632 kB | 229 kB | 0.3/1.1 MB | 0.7/1.5 MB
2022.12.20 22:29:08 INFO  Progress (5): 7.6/12 MB | 632 kB | 229 kB | 0.3/1.1 MB | 0.7/1.5 MB
2022.12.20 22:29:08 INFO  Progress (5): 7.6/12 MB | 632 kB | 229 kB | 0.3/1.1 MB | 0.7/1.5 MB
2022.12.20 22:29:08 INFO  Progress (5): 7.6/12 MB | 632 kB | 229 kB | 0.3/1.1 MB | 0.8/1.5 MB
2022.12.20 22:29:08 INFO  Progress (5): 7.6/12 MB | 632 kB | 229 kB | 0.3/1.1 MB | 0.8/1.5 MB
2022.12.20 22:29:08 INFO                                                                     
2022.12.20 22:29:08 INFO  Downloaded from central: https://repo.maven.apache.org/maven2/org/scala-sbt/io_2.13/1.5.0/io_2.13-1.5.0.jar (632 kB at 136 kB/s)
2022.12.20 22:29:08 INFO  Downloading from central: https://repo.maven.apache.org/maven2/net/java/dev/jna/jna-platform/5.5.0/jna-platform-5.5.0.jar
2022.12.20 22:29:08 INFO  Downloaded from central: https://repo.maven.apache.org/maven2/com/swoval/file-tree-views/2.1.6/file-tree-views-2.1.6.jar (229 kB at 49 kB/s)
2022.12.20 22:29:08 INFO  Downloading from central: https://repo.maven.apache.org/maven2/org/scala-sbt/util-logging_2.13/1.5.0/util-logging_2.13-1.5.0.jar
2022.12.20 22:29:08 INFO  Progress (3): 7.6/12 MB | 0.3/1.1 MB | 0.8/1.5 MB
2022.12.20 22:29:08 INFO  Progress (3): 7.6/12 MB | 0.3/1.1 MB | 0.8/1.5 MB
2022.12.20 22:29:08 INFO  Progress (3): 7.6/12 MB | 0.3/1.1 MB | 0.8/1.5 MB
2022.12.20 22:29:08 INFO  Progress (3): 7.6/12 MB | 0.3/1.1 MB | 0.8/1.5 MB
2022.12.20 22:29:08 INFO  Progress (3): 7.6/12 MB | 0.3/1.1 MB | 0.8/1.5 MB
2022.12.20 22:29:08 INFO  Progress (3): 7.6/12 MB | 0.3/1.1 MB | 0.8/1.5 MB
2022.12.20 22:29:08 INFO  Progress (3): 7.6/12 MB | 0.3/1.1 MB | 0.8/1.5 MB
2022.12.20 22:29:08 INFO  Progress (3): 7.6/12 MB | 0.3/1.1 MB | 0.8/1.5 MB
2022.12.20 22:29:08 INFO  Progress (3): 7.6/12 MB | 0.3/1.1 MB | 0.8/1.5 MB
2022.12.20 22:29:08 INFO  Progress (3): 7.6/12 MB | 0.3/1.1 MB | 0.8/1.5 MB
2022.12.20 22:29:08 INFO  Progress (3): 7.7/12 MB | 0.3/1.1 MB | 0.8/1.5 MB
2022.12.20 22:29:08 INFO  Progress (3): 7.7/12 MB | 0.3/1.1 MB | 0.9/1.5 MB
2022.12.20 22:29:08 INFO  Progress (3): 7.7/12 MB | 0.3/1.1 MB | 0.9/1.5 MB
2022.12.20 22:29:08 INFO  Progress (3): 7.7/12 MB | 0.3/1.1 MB | 0.9/1.5 MB
2022.12.20 22:29:08 INFO  Progress (3): 7.7/12 MB | 0.3/1.1 MB | 0.9/1.5 MB
2022.12.20 22:29:08 INFO  Progress (3): 7.7/12 MB | 0.3/1.1 MB | 0.9/1.5 MB
2022.12.20 22:29:08 INFO  Progress (3): 7.7/12 MB | 0.3/1.1 MB | 0.9/1.5 MB
2022.12.20 22:29:08 INFO  Progress (3): 7.7/12 MB | 0.3/1.1 MB | 0.9/1.5 MB
2022.12.20 22:29:08 INFO  Progress (3): 7.7/12 MB | 0.3/1.1 MB | 0.9/1.5 MB
2022.12.20 22:29:08 INFO  Progress (3): 7.7/12 MB | 0.3/1.1 MB | 0.9/1.5 MB
2022.12.20 22:29:08 INFO  Progress (3): 7.7/12 MB | 0.3/1.1 MB | 0.9/1.5 MB
2022.12.20 22:29:08 INFO  Progress (3): 7.7/12 MB | 0.3/1.1 MB | 0.9/1.5 MB
2022.12.20 22:29:08 INFO  Progress (3): 7.7/12 MB | 0.3/1.1 MB | 0.9/1.5 MB
2022.12.20 22:29:08 INFO  Progress (3): 7.7/12 MB | 0.3/1.1 MB | 0.9/1.5 MB
2022.12.20 22:29:08 INFO  Progress (3): 7.7/12 MB | 0.3/1.1 MB | 1.0/1.5 MB
2022.12.20 22:29:08 INFO  Progress (3): 7.7/12 MB | 0.3/1.1 MB | 1.0/1.5 MB
2022.12.20 22:29:08 INFO  Progress (3): 7.7/12 MB | 0.3/1.1 MB | 1.0/1.5 MB
2022.12.20 22:29:08 INFO  Progress (3): 7.7/12 MB | 0.3/1.1 MB | 1.0/1.5 MB
2022.12.20 22:29:08 INFO  Progress (3): 7.7/12 MB | 0.3/1.1 MB | 1.0/1.5 MB
2022.12.20 22:29:08 INFO  Progress (3): 7.7/12 MB | 0.3/1.1 MB | 1.0/1.5 MB
2022.12.20 22:29:08 INFO  Progress (3): 7.7/12 MB | 0.3/1.1 MB | 1.0/1.5 MB
2022.12.20 22:29:08 INFO  Progress (3): 7.7/12 MB | 0.3/1.1 MB | 1.0/1.5 MB
2022.12.20 22:29:08 INFO  Progress (3): 7.7/12 MB | 0.3/1.1 MB | 1.0/1.5 MB
2022.12.20 22:29:08 INFO  Progress (3): 7.7/12 MB | 0.3/1.1 MB | 1.0/1.5 MB
2022.12.20 22:29:08 INFO  Progress (3): 7.7/12 MB | 0.3/1.1 MB | 1.0/1.5 MB
2022.12.20 22:29:08 INFO  Progress (3): 7.7/12 MB | 0.3/1.1 MB | 1.0/1.5 MB
2022.12.20 22:29:08 INFO  Progress (3): 7.7/12 MB | 0.3/1.1 MB | 1.0/1.5 MB
2022.12.20 22:29:08 INFO  Progress (3): 7.7/12 MB | 0.3/1.1 MB | 1.1/1.5 MB
2022.12.20 22:29:08 INFO  Progress (3): 7.7/12 MB | 0.3/1.1 MB | 1.1/1.5 MB
2022.12.20 22:29:08 INFO  Progress (3): 7.7/12 MB | 0.3/1.1 MB | 1.1/1.5 MB
2022.12.20 22:29:08 INFO  Progress (3): 7.7/12 MB | 0.3/1.1 MB | 1.1/1.5 MB
2022.12.20 22:29:08 INFO  Progress (3): 7.7/12 MB | 0.3/1.1 MB | 1.1/1.5 MB
2022.12.20 22:29:08 INFO  Progress (3): 7.7/12 MB | 0.3/1.1 MB | 1.1/1.5 MB
2022.12.20 22:29:08 INFO  Progress (3): 7.7/12 MB | 0.3/1.1 MB | 1.1/1.5 MB
2022.12.20 22:29:08 INFO  Progress (3): 7.7/12 MB | 0.3/1.1 MB | 1.1/1.5 MB
2022.12.20 22:29:08 INFO  Progress (3): 7.7/12 MB | 0.3/1.1 MB | 1.1/1.5 MB
2022.12.20 22:29:08 INFO  Progress (3): 7.7/12 MB | 0.3/1.1 MB | 1.1/1.5 MB
2022.12.20 22:29:08 INFO  Progress (3): 7.7/12 MB | 0.3/1.1 MB | 1.1/1.5 MB
2022.12.20 22:29:08 INFO  Progress (3): 7.7/12 MB | 0.3/1.1 MB | 1.1/1.5 MB
2022.12.20 22:29:08 INFO  Progress (3): 7.7/12 MB | 0.3/1.1 MB | 1.2/1.5 MB
2022.12.20 22:29:08 INFO  Progress (3): 7.7/12 MB | 0.3/1.1 MB | 1.2/1.5 MB
2022.12.20 22:29:08 INFO  Progress (3): 7.7/12 MB | 0.3/1.1 MB | 1.2/1.5 MB
2022.12.20 22:29:08 INFO  Progress (3): 7.7/12 MB | 0.3/1.1 MB | 1.2/1.5 MB
2022.12.20 22:29:08 INFO  Progress (3): 7.7/12 MB | 0.3/1.1 MB | 1.2/1.5 MB
2022.12.20 22:29:08 INFO  Progress (3): 7.7/12 MB | 0.3/1.1 MB | 1.2/1.5 MB
2022.12.20 22:29:08 INFO  Progress (3): 7.7/12 MB | 0.3/1.1 MB | 1.2/1.5 MB
2022.12.20 22:29:08 INFO  Progress (3): 7.8/12 MB | 0.3/1.1 MB | 1.2/1.5 MB
2022.12.20 22:29:08 INFO  Progress (3): 7.8/12 MB | 0.3/1.1 MB | 1.2/1.5 MB
2022.12.20 22:29:08 INFO  Progress (3): 7.8/12 MB | 0.3/1.1 MB | 1.2/1.5 MB
2022.12.20 22:29:08 INFO  Progress (3): 7.8/12 MB | 0.3/1.1 MB | 1.2/1.5 MB
2022.12.20 22:29:08 INFO  Progress (3): 7.8/12 MB | 0.3/1.1 MB | 1.2/1.5 MB
2022.12.20 22:29:08 INFO  Progress (3): 7.8/12 MB | 0.3/1.1 MB | 1.2/1.5 MB
2022.12.20 22:29:08 INFO  Progress (3): 7.8/12 MB | 0.3/1.1 MB | 1.3/1.5 MB
2022.12.20 22:29:08 INFO  Progress (3): 7.8/12 MB | 0.3/1.1 MB | 1.3/1.5 MB
2022.12.20 22:29:08 INFO  Progress (3): 7.8/12 MB | 0.3/1.1 MB | 1.3/1.5 MB
2022.12.20 22:29:08 INFO  Progress (3): 7.8/12 MB | 0.3/1.1 MB | 1.3/1.5 MB
2022.12.20 22:29:08 INFO  Progress (3): 7.8/12 MB | 0.3/1.1 MB | 1.3/1.5 MB
2022.12.20 22:29:08 INFO  Progress (3): 7.8/12 MB | 0.3/1.1 MB | 1.3/1.5 MB
2022.12.20 22:29:08 INFO  Progress (3): 7.8/12 MB | 0.3/1.1 MB | 1.3/1.5 MB
2022.12.20 22:29:08 INFO  Progress (3): 7.8/12 MB | 0.3/1.1 MB | 1.3/1.5 MB
2022.12.20 22:29:08 INFO  Progress (3): 7.8/12 MB | 0.3/1.1 MB | 1.3/1.5 MB
2022.12.20 22:29:08 INFO  Progress (3): 7.9/12 MB | 0.3/1.1 MB | 1.3/1.5 MB
2022.12.20 22:29:08 INFO  Progress (3): 7.9/12 MB | 0.3/1.1 MB | 1.3/1.5 MB
2022.12.20 22:29:08 INFO  Progress (3): 7.9/12 MB | 0.3/1.1 MB | 1.3/1.5 MB
2022.12.20 22:29:08 INFO  Progress (3): 7.9/12 MB | 0.3/1.1 MB | 1.3/1.5 MB
2022.12.20 22:29:08 INFO  Progress (3): 7.9/12 MB | 0.3/1.1 MB | 1.4/1.5 MB
2022.12.20 22:29:08 INFO  Progress (3): 7.9/12 MB | 0.3/1.1 MB | 1.4/1.5 MB
2022.12.20 22:29:08 INFO  Progress (3): 7.9/12 MB | 0.3/1.1 MB | 1.4/1.5 MB
2022.12.20 22:29:08 INFO  Progress (3): 7.9/12 MB | 0.3/1.1 MB | 1.4/1.5 MB
2022.12.20 22:29:08 INFO  Progress (3): 7.9/12 MB | 0.3/1.1 MB | 1.4/1.5 MB
2022.12.20 22:29:08 INFO  Progress (3): 7.9/12 MB | 0.3/1.1 MB | 1.4/1.5 MB
2022.12.20 22:29:08 INFO  Progress (3): 7.9/12 MB | 0.3/1.1 MB | 1.4/1.5 MB
2022.12.20 22:29:08 INFO  Progress (3): 7.9/12 MB | 0.3/1.1 MB | 1.4/1.5 MB
2022.12.20 22:29:08 INFO  Progress (3): 7.9/12 MB | 0.3/1.1 MB | 1.4/1.5 MB
2022.12.20 22:29:08 INFO  Progress (3): 7.9/12 MB | 0.3/1.1 MB | 1.4/1.5 MB
2022.12.20 22:29:08 INFO  Progress (3): 7.9/12 MB | 0.3/1.1 MB | 1.4/1.5 MB
2022.12.20 22:29:08 INFO  Progress (3): 7.9/12 MB | 0.3/1.1 MB | 1.4/1.5 MB
2022.12.20 22:29:08 INFO  Progress (3): 7.9/12 MB | 0.3/1.1 MB | 1.4/1.5 MB
2022.12.20 22:29:08 INFO  Progress (3): 7.9/12 MB | 0.3/1.1 MB | 1.4/1.5 MB
2022.12.20 22:29:08 INFO  Progress (3): 7.9/12 MB | 0.3/1.1 MB | 1.4/1.5 MB
2022.12.20 22:29:08 INFO  Progress (3): 7.9/12 MB | 0.3/1.1 MB | 1.4/1.5 MB
2022.12.20 22:29:08 INFO  Progress (3): 8.0/12 MB | 0.3/1.1 MB | 1.4/1.5 MB
2022.12.20 22:29:08 INFO  Progress (3): 8.0/12 MB | 0.3/1.1 MB | 1.4/1.5 MB
2022.12.20 22:29:08 INFO  Progress (3): 8.0/12 MB | 0.4/1.1 MB | 1.4/1.5 MB
2022.12.20 22:29:08 INFO  Progress (3): 8.0/12 MB | 0.4/1.1 MB | 1.4/1.5 MB
2022.12.20 22:29:08 INFO  Progress (3): 8.0/12 MB | 0.4/1.1 MB | 1.4/1.5 MB
2022.12.20 22:29:08 INFO  Progress (3): 8.0/12 MB | 0.4/1.1 MB | 1.4/1.5 MB
2022.12.20 22:29:08 INFO  Progress (3): 8.0/12 MB | 0.4/1.1 MB | 1.4/1.5 MB
2022.12.20 22:29:08 INFO  Progress (3): 8.0/12 MB | 0.4/1.1 MB | 1.4/1.5 MB
2022.12.20 22:29:08 INFO  Progress (3): 8.0/12 MB | 0.4/1.1 MB | 1.4/1.5 MB
2022.12.20 22:29:08 INFO  Progress (3): 8.0/12 MB | 0.4/1.1 MB | 1.4/1.5 MB
2022.12.20 22:29:08 INFO  Progress (3): 8.1/12 MB | 0.4/1.1 MB | 1.4/1.5 MB
2022.12.20 22:29:08 INFO  Progress (3): 8.1/12 MB | 0.4/1.1 MB | 1.4/1.5 MB
2022.12.20 22:29:08 INFO  Progress (3): 8.1/12 MB | 0.4/1.1 MB | 1.4/1.5 MB
2022.12.20 22:29:08 INFO  Progress (3): 8.1/12 MB | 0.4/1.1 MB | 1.4/1.5 MB
2022.12.20 22:29:08 INFO  Progress (3): 8.1/12 MB | 0.4/1.1 MB | 1.4/1.5 MB
2022.12.20 22:29:08 INFO  Progress (3): 8.1/12 MB | 0.5/1.1 MB | 1.4/1.5 MB
2022.12.20 22:29:08 INFO  Progress (3): 8.1/12 MB | 0.5/1.1 MB | 1.4/1.5 MB
2022.12.20 22:29:08 INFO  Progress (3): 8.1/12 MB | 0.5/1.1 MB | 1.4/1.5 MB
2022.12.20 22:29:08 INFO  Progress (3): 8.1/12 MB | 0.5/1.1 MB | 1.4/1.5 MB
2022.12.20 22:29:08 INFO  Progress (3): 8.1/12 MB | 0.5/1.1 MB | 1.4/1.5 MB
2022.12.20 22:29:08 INFO  Progress (3): 8.1/12 MB | 0.5/1.1 MB | 1.4/1.5 MB
2022.12.20 22:29:08 INFO  Progress (3): 8.1/12 MB | 0.5/1.1 MB | 1.4/1.5 MB
2022.12.20 22:29:08 INFO  Progress (3): 8.1/12 MB | 0.5/1.1 MB | 1.4/1.5 MB
2022.12.20 22:29:08 INFO  Progress (3): 8.1/12 MB | 0.5/1.1 MB | 1.4/1.5 MB
2022.12.20 22:29:08 INFO  Progress (4): 8.1/12 MB | 0.5/1.1 MB | 1.4/1.5 MB | 4.1/457 kB
2022.12.20 22:29:08 INFO  Progress (4): 8.1/12 MB | 0.5/1.1 MB | 1.4/1.5 MB | 4.1/457 kB
2022.12.20 22:29:08 INFO  Progress (4): 8.1/12 MB | 0.5/1.1 MB | 1.4/1.5 MB | 4.1/457 kB
2022.12.20 22:29:08 INFO  Progress (4): 8.1/12 MB | 0.5/1.1 MB | 1.4/1.5 MB | 4.1/457 kB
2022.12.20 22:29:08 INFO  Progress (4): 8.2/12 MB | 0.5/1.1 MB | 1.4/1.5 MB | 4.1/457 kB
2022.12.20 22:29:08 INFO  Progress (4): 8.2/12 MB | 0.5/1.1 MB | 1.4/1.5 MB | 4.1/457 kB
2022.12.20 22:29:08 INFO  Progress (4): 8.2/12 MB | 0.5/1.1 MB | 1.4/1.5 MB | 8.2/457 kB
2022.12.20 22:29:08 INFO  Progress (4): 8.2/12 MB | 0.5/1.1 MB | 1.4/1.5 MB | 8.2/457 kB
2022.12.20 22:29:08 INFO  Progress (4): 8.2/12 MB | 0.5/1.1 MB | 1.4/1.5 MB | 12/457 kB 
2022.12.20 22:29:08 INFO  Progress (4): 8.2/12 MB | 0.6/1.1 MB | 1.4/1.5 MB | 12/457 kB
2022.12.20 22:29:08 INFO  Progress (4): 8.2/12 MB | 0.6/1.1 MB | 1.4/1.5 MB | 16/457 kB
2022.12.20 22:29:08 INFO  Progress (4): 8.3/12 MB | 0.6/1.1 MB | 1.4/1.5 MB | 16/457 kB
2022.12.20 22:29:08 INFO  Progress (4): 8.3/12 MB | 0.6/1.1 MB | 1.4/1.5 MB | 16/457 kB
2022.12.20 22:29:08 INFO  Progress (4): 8.3/12 MB | 0.6/1.1 MB | 1.4/1.5 MB | 16/457 kB
2022.12.20 22:29:08 INFO  Progress (4): 8.3/12 MB | 0.6/1.1 MB | 1.4/1.5 MB | 16/457 kB
2022.12.20 22:29:08 INFO  Progress (4): 8.3/12 MB | 0.6/1.1 MB | 1.4/1.5 MB | 16/457 kB
2022.12.20 22:29:08 INFO  Progress (4): 8.3/12 MB | 0.6/1.1 MB | 1.4/1.5 MB | 16/457 kB
2022.12.20 22:29:08 INFO  Progress (4): 8.4/12 MB | 0.6/1.1 MB | 1.4/1.5 MB | 16/457 kB
2022.12.20 22:29:08 INFO  Progress (4): 8.4/12 MB | 0.6/1.1 MB | 1.4/1.5 MB | 16/457 kB
2022.12.20 22:29:08 INFO  Progress (4): 8.4/12 MB | 0.6/1.1 MB | 1.4/1.5 MB | 16/457 kB
2022.12.20 22:29:08 INFO  Progress (4): 8.5/12 MB | 0.6/1.1 MB | 1.4/1.5 MB | 16/457 kB
2022.12.20 22:29:08 INFO  Progress (4): 8.5/12 MB | 0.6/1.1 MB | 1.4/1.5 MB | 16/457 kB
2022.12.20 22:29:08 INFO  Progress (4): 8.6/12 MB | 0.6/1.1 MB | 1.4/1.5 MB | 16/457 kB
2022.12.20 22:29:08 INFO  Progress (4): 8.6/12 MB | 0.6/1.1 MB | 1.4/1.5 MB | 16/457 kB
2022.12.20 22:29:08 INFO  Progress (4): 8.7/12 MB | 0.6/1.1 MB | 1.4/1.5 MB | 16/457 kB
2022.12.20 22:29:08 INFO  Progress (4): 8.8/12 MB | 0.6/1.1 MB | 1.4/1.5 MB | 16/457 kB
2022.12.20 22:29:08 INFO  Progress (4): 8.8/12 MB | 0.6/1.1 MB | 1.4/1.5 MB | 16/457 kB
2022.12.20 22:29:08 INFO  Progress (4): 8.9/12 MB | 0.6/1.1 MB | 1.4/1.5 MB | 16/457 kB
2022.12.20 22:29:08 INFO  Progress (4): 9.0/12 MB | 0.6/1.1 MB | 1.4/1.5 MB | 16/457 kB
2022.12.20 22:29:08 INFO  Progress (4): 9.0/12 MB | 0.6/1.1 MB | 1.4/1.5 MB | 16/457 kB
2022.12.20 22:29:08 INFO  Progress (4): 9.0/12 MB | 0.6/1.1 MB | 1.4/1.5 MB | 20/457 kB
2022.12.20 22:29:08 INFO  Progress (4): 9.0/12 MB | 0.6/1.1 MB | 1.4/1.5 MB | 25/457 kB
2022.12.20 22:29:08 INFO  Progress (4): 9.0/12 MB | 0.6/1.1 MB | 1.4/1.5 MB | 29/457 kB
2022.12.20 22:29:08 INFO  Progress (4): 9.1/12 MB | 0.6/1.1 MB | 1.4/1.5 MB | 29/457 kB
2022.12.20 22:29:08 INFO  Progress (4): 9.1/12 MB | 0.6/1.1 MB | 1.4/1.5 MB | 33/457 kB
2022.12.20 22:29:08 INFO  Progress (4): 9.1/12 MB | 0.6/1.1 MB | 1.4/1.5 MB | 37/457 kB
2022.12.20 22:29:08 INFO  Progress (4): 9.1/12 MB | 0.6/1.1 MB | 1.4/1.5 MB | 41/457 kB
2022.12.20 22:29:08 INFO  Progress (4): 9.1/12 MB | 0.6/1.1 MB | 1.4/1.5 MB | 45/457 kB
2022.12.20 22:29:08 INFO  Progress (4): 9.1/12 MB | 0.6/1.1 MB | 1.4/1.5 MB | 49/457 kB
2022.12.20 22:29:08 INFO  Progress (4): 9.1/12 MB | 0.6/1.1 MB | 1.4/1.5 MB | 53/457 kB
2022.12.20 22:29:08 INFO  Progress (4): 9.1/12 MB | 0.6/1.1 MB | 1.4/1.5 MB | 57/457 kB
2022.12.20 22:29:08 INFO  Progress (4): 9.1/12 MB | 0.6/1.1 MB | 1.4/1.5 MB | 61/457 kB
2022.12.20 22:29:08 INFO  Progress (4): 9.2/12 MB | 0.6/1.1 MB | 1.4/1.5 MB | 61/457 kB
2022.12.20 22:29:08 INFO  Progress (4): 9.2/12 MB | 0.6/1.1 MB | 1.4/1.5 MB | 66/457 kB
2022.12.20 22:29:08 INFO  Progress (4): 9.2/12 MB | 0.6/1.1 MB | 1.4/1.5 MB | 70/457 kB
2022.12.20 22:29:08 INFO  Progress (4): 9.2/12 MB | 0.6/1.1 MB | 1.4/1.5 MB | 74/457 kB
2022.12.20 22:29:08 INFO  Progress (4): 9.2/12 MB | 0.6/1.1 MB | 1.4/1.5 MB | 78/457 kB
2022.12.20 22:29:08 INFO  Progress (4): 9.2/12 MB | 0.6/1.1 MB | 1.4/1.5 MB | 82/457 kB
2022.12.20 22:29:08 INFO  Progress (4): 9.2/12 MB | 0.6/1.1 MB | 1.4/1.5 MB | 82/457 kB
2022.12.20 22:29:08 INFO  Progress (4): 9.3/12 MB | 0.6/1.1 MB | 1.4/1.5 MB | 82/457 kB
2022.12.20 22:29:08 INFO  Progress (4): 9.4/12 MB | 0.6/1.1 MB | 1.4/1.5 MB | 82/457 kB
2022.12.20 22:29:08 INFO  Progress (4): 9.4/12 MB | 0.6/1.1 MB | 1.4/1.5 MB | 82/457 kB
2022.12.20 22:29:08 INFO  Progress (4): 9.5/12 MB | 0.6/1.1 MB | 1.4/1.5 MB | 82/457 kB
2022.12.20 22:29:08 INFO  Progress (4): 9.6/12 MB | 0.6/1.1 MB | 1.4/1.5 MB | 82/457 kB
2022.12.20 22:29:08 INFO  Progress (4): 9.6/12 MB | 0.6/1.1 MB | 1.4/1.5 MB | 82/457 kB
2022.12.20 22:29:08 INFO  Progress (4): 9.6/12 MB | 0.6/1.1 MB | 1.4/1.5 MB | 86/457 kB
2022.12.20 22:29:08 INFO  Progress (4): 9.6/12 MB | 0.6/1.1 MB | 1.4/1.5 MB | 90/457 kB
2022.12.20 22:29:08 INFO  Progress (4): 9.6/12 MB | 0.6/1.1 MB | 1.4/1.5 MB | 94/457 kB
2022.12.20 22:29:08 INFO  Progress (4): 9.6/12 MB | 0.6/1.1 MB | 1.4/1.5 MB | 98/457 kB
2022.12.20 22:29:08 INFO  Progress (4): 9.7/12 MB | 0.6/1.1 MB | 1.4/1.5 MB | 98/457 kB
2022.12.20 22:29:08 INFO  Progress (4): 9.7/12 MB | 0.6/1.1 MB | 1.4/1.5 MB | 102/457 kB
2022.12.20 22:29:08 INFO  Progress (4): 9.7/12 MB | 0.6/1.1 MB | 1.4/1.5 MB | 106/457 kB
2022.12.20 22:29:08 INFO  Progress (4): 9.7/12 MB | 0.6/1.1 MB | 1.4/1.5 MB | 111/457 kB
2022.12.20 22:29:08 INFO  Progress (4): 9.7/12 MB | 0.6/1.1 MB | 1.4/1.5 MB | 115/457 kB
2022.12.20 22:29:08 INFO  Progress (4): 9.8/12 MB | 0.6/1.1 MB | 1.4/1.5 MB | 115/457 kB
2022.12.20 22:29:08 INFO  Progress (4): 9.8/12 MB | 0.6/1.1 MB | 1.4/1.5 MB | 115/457 kB
2022.12.20 22:29:08 INFO  Progress (4): 9.9/12 MB | 0.6/1.1 MB | 1.4/1.5 MB | 115/457 kB
2022.12.20 22:29:08 INFO  Progress (4): 10.0/12 MB | 0.6/1.1 MB | 1.4/1.5 MB | 115/457 kB
2022.12.20 22:29:08 INFO  Progress (4): 10/12 MB | 0.6/1.1 MB | 1.4/1.5 MB | 115/457 kB  
2022.12.20 22:29:08 INFO  Progress (4): 10/12 MB | 0.6/1.1 MB | 1.4/1.5 MB | 115/457 kB
2022.12.20 22:29:08 INFO  Progress (4): 10/12 MB | 0.6/1.1 MB | 1.4/1.5 MB | 115/457 kB
2022.12.20 22:29:08 INFO  Progress (4): 10/12 MB | 0.6/1.1 MB | 1.4/1.5 MB | 115/457 kB
2022.12.20 22:29:08 INFO  Progress (4): 10/12 MB | 0.6/1.1 MB | 1.4/1.5 MB | 119/457 kB
2022.12.20 22:29:08 INFO  Progress (4): 10/12 MB | 0.6/1.1 MB | 1.4/1.5 MB | 119/457 kB
2022.12.20 22:29:08 INFO  Progress (4): 10/12 MB | 0.6/1.1 MB | 1.4/1.5 MB | 123/457 kB
2022.12.20 22:29:08 INFO  Progress (4): 10/12 MB | 0.6/1.1 MB | 1.4/1.5 MB | 127/457 kB
2022.12.20 22:29:08 INFO  Progress (4): 10/12 MB | 0.6/1.1 MB | 1.4/1.5 MB | 131/457 kB
2022.12.20 22:29:08 INFO  Progress (4): 10/12 MB | 0.6/1.1 MB | 1.4/1.5 MB | 131/457 kB
2022.12.20 22:29:08 INFO  Progress (4): 10/12 MB | 0.6/1.1 MB | 1.4/1.5 MB | 131/457 kB
2022.12.20 22:29:08 INFO  Progress (4): 10/12 MB | 0.6/1.1 MB | 1.4/1.5 MB | 131/457 kB
2022.12.20 22:29:08 INFO  Progress (4): 11/12 MB | 0.6/1.1 MB | 1.4/1.5 MB | 131/457 kB
2022.12.20 22:29:08 INFO  Progress (4): 11/12 MB | 0.6/1.1 MB | 1.4/1.5 MB | 131/457 kB
2022.12.20 22:29:08 INFO  Progress (4): 11/12 MB | 0.6/1.1 MB | 1.4/1.5 MB | 131/457 kB
2022.12.20 22:29:08 INFO  Progress (4): 11/12 MB | 0.6/1.1 MB | 1.4/1.5 MB | 131/457 kB
2022.12.20 22:29:08 INFO  Progress (4): 11/12 MB | 0.6/1.1 MB | 1.4/1.5 MB | 131/457 kB
2022.12.20 22:29:08 INFO  Progress (4): 11/12 MB | 0.6/1.1 MB | 1.4/1.5 MB | 131/457 kB
2022.12.20 22:29:08 INFO  Progress (4): 11/12 MB | 0.6/1.1 MB | 1.4/1.5 MB | 131/457 kB
2022.12.20 22:29:08 INFO  Progress (4): 11/12 MB | 0.6/1.1 MB | 1.4/1.5 MB | 131/457 kB
2022.12.20 22:29:08 INFO  Progress (4): 11/12 MB | 0.6/1.1 MB | 1.4/1.5 MB | 131/457 kB
2022.12.20 22:29:08 INFO  Progress (4): 11/12 MB | 0.6/1.1 MB | 1.4/1.5 MB | 131/457 kB
2022.12.20 22:29:08 INFO  Progress (4): 11/12 MB | 0.6/1.1 MB | 1.4/1.5 MB | 135/457 kB
2022.12.20 22:29:08 INFO  Progress (4): 11/12 MB | 0.6/1.1 MB | 1.4/1.5 MB | 135/457 kB
2022.12.20 22:29:08 INFO  Progress (4): 11/12 MB | 0.6/1.1 MB | 1.4/1.5 MB | 139/457 kB
2022.12.20 22:29:08 INFO  Progress (4): 11/12 MB | 0.6/1.1 MB | 1.4/1.5 MB | 143/457 kB
2022.12.20 22:29:08 INFO  Progress (4): 11/12 MB | 0.6/1.1 MB | 1.4/1.5 MB | 147/457 kB
2022.12.20 22:29:08 INFO  Progress (4): 11/12 MB | 0.6/1.1 MB | 1.4/1.5 MB | 147/457 kB
2022.12.20 22:29:08 INFO  Progress (4): 11/12 MB | 0.6/1.1 MB | 1.4/1.5 MB | 152/457 kB
2022.12.20 22:29:08 INFO  Progress (4): 11/12 MB | 0.6/1.1 MB | 1.4/1.5 MB | 156/457 kB
2022.12.20 22:29:08 INFO  Progress (4): 11/12 MB | 0.6/1.1 MB | 1.4/1.5 MB | 160/457 kB
2022.12.20 22:29:08 INFO  Progress (4): 11/12 MB | 0.6/1.1 MB | 1.4/1.5 MB | 164/457 kB
2022.12.20 22:29:08 INFO  Progress (4): 11/12 MB | 0.6/1.1 MB | 1.4/1.5 MB | 168/457 kB
2022.12.20 22:29:08 INFO  Progress (4): 11/12 MB | 0.6/1.1 MB | 1.4/1.5 MB | 172/457 kB
2022.12.20 22:29:08 INFO  Progress (4): 11/12 MB | 0.6/1.1 MB | 1.4/1.5 MB | 172/457 kB
2022.12.20 22:29:08 INFO  Progress (4): 11/12 MB | 0.6/1.1 MB | 1.4/1.5 MB | 176/457 kB
2022.12.20 22:29:08 INFO  Progress (4): 11/12 MB | 0.6/1.1 MB | 1.4/1.5 MB | 180/457 kB
2022.12.20 22:29:08 INFO  Progress (4): 11/12 MB | 0.6/1.1 MB | 1.4/1.5 MB | 180/457 kB
2022.12.20 22:29:08 INFO  Progress (4): 11/12 MB | 0.6/1.1 MB | 1.4/1.5 MB | 184/457 kB
2022.12.20 22:29:08 INFO  Progress (4): 11/12 MB | 0.6/1.1 MB | 1.4/1.5 MB | 188/457 kB
2022.12.20 22:29:08 INFO  Progress (4): 11/12 MB | 0.6/1.1 MB | 1.4/1.5 MB | 193/457 kB
2022.12.20 22:29:08 INFO  Progress (4): 11/12 MB | 0.6/1.1 MB | 1.4/1.5 MB | 193/457 kB
2022.12.20 22:29:08 INFO  Progress (4): 11/12 MB | 0.6/1.1 MB | 1.4/1.5 MB | 197/457 kB
2022.12.20 22:29:08 INFO  Progress (4): 12/12 MB | 0.6/1.1 MB | 1.4/1.5 MB | 197/457 kB
2022.12.20 22:29:08 INFO  Progress (4): 12/12 MB | 0.6/1.1 MB | 1.4/1.5 MB | 197/457 kB
2022.12.20 22:29:08 INFO  Progress (4): 12/12 MB | 0.6/1.1 MB | 1.4/1.5 MB | 201/457 kB
2022.12.20 22:29:08 INFO  Progress (4): 12/12 MB | 0.6/1.1 MB | 1.4/1.5 MB | 205/457 kB
2022.12.20 22:29:08 INFO  Progress (4): 12/12 MB | 0.6/1.1 MB | 1.4/1.5 MB | 209/457 kB
2022.12.20 22:29:08 INFO  Progress (4): 12/12 MB | 0.6/1.1 MB | 1.4/1.5 MB | 213/457 kB
2022.12.20 22:29:08 INFO  Progress (4): 12/12 MB | 0.6/1.1 MB | 1.4/1.5 MB | 217/457 kB
2022.12.20 22:29:08 INFO  Progress (4): 12/12 MB | 0.6/1.1 MB | 1.4/1.5 MB | 221/457 kB
2022.12.20 22:29:08 INFO  Progress (4): 12/12 MB | 0.6/1.1 MB | 1.4/1.5 MB | 225/457 kB
2022.12.20 22:29:08 INFO  Progress (4): 12/12 MB | 0.6/1.1 MB | 1.4/1.5 MB | 229/457 kB
2022.12.20 22:29:08 INFO  Progress (4): 12/12 MB | 0.6/1.1 MB | 1.4/1.5 MB | 233/457 kB
2022.12.20 22:29:08 INFO  Progress (4): 12/12 MB | 0.6/1.1 MB | 1.4/1.5 MB | 238/457 kB
2022.12.20 22:29:08 INFO  Progress (4): 12/12 MB | 0.6/1.1 MB | 1.4/1.5 MB | 238/457 kB
2022.12.20 22:29:08 INFO  Progress (4): 12/12 MB | 0.6/1.1 MB | 1.4/1.5 MB | 242/457 kB
2022.12.20 22:29:08 INFO  Progress (4): 12/12 MB | 0.6/1.1 MB | 1.4/1.5 MB | 242/457 kB
2022.12.20 22:29:08 INFO  Progress (4): 12/12 MB | 0.6/1.1 MB | 1.4/1.5 MB | 246/457 kB
2022.12.20 22:29:08 INFO  Progress (4): 12/12 MB | 0.6/1.1 MB | 1.4/1.5 MB | 250/457 kB
2022.12.20 22:29:08 INFO  Progress (4): 12/12 MB | 0.6/1.1 MB | 1.4/1.5 MB | 254/457 kB
2022.12.20 22:29:08 INFO  Progress (4): 12/12 MB | 0.6/1.1 MB | 1.4/1.5 MB | 258/457 kB
2022.12.20 22:29:08 INFO  Progress (4): 12/12 MB | 0.6/1.1 MB | 1.4/1.5 MB | 262/457 kB
2022.12.20 22:29:08 INFO  Progress (4): 12/12 MB | 0.6/1.1 MB | 1.4/1.5 MB | 266/457 kB
2022.12.20 22:29:08 INFO  Progress (4): 12/12 MB | 0.6/1.1 MB | 1.4/1.5 MB | 270/457 kB
2022.12.20 22:29:08 INFO  Progress (4): 12/12 MB | 0.6/1.1 MB | 1.4/1.5 MB | 274/457 kB
2022.12.20 22:29:08 INFO  Progress (4): 12/12 MB | 0.6/1.1 MB | 1.4/1.5 MB | 279/457 kB
2022.12.20 22:29:08 INFO  Progress (4): 12/12 MB | 0.6/1.1 MB | 1.4/1.5 MB | 283/457 kB
2022.12.20 22:29:08 INFO  Progress (4): 12/12 MB | 0.6/1.1 MB | 1.4/1.5 MB | 287/457 kB
2022.12.20 22:29:08 INFO  Progress (4): 12/12 MB | 0.6/1.1 MB | 1.4/1.5 MB | 291/457 kB
2022.12.20 22:29:08 INFO  Progress (4): 12/12 MB | 0.6/1.1 MB | 1.4/1.5 MB | 295/457 kB
2022.12.20 22:29:08 INFO  Progress (4): 12/12 MB | 0.6/1.1 MB | 1.4/1.5 MB | 299/457 kB
2022.12.20 22:29:08 INFO  Progress (4): 12/12 MB | 0.6/1.1 MB | 1.4/1.5 MB | 303/457 kB
2022.12.20 22:29:08 INFO  Progress (4): 12/12 MB | 0.6/1.1 MB | 1.4/1.5 MB | 307/457 kB
2022.12.20 22:29:08 INFO  Progress (4): 12/12 MB | 0.6/1.1 MB | 1.4/1.5 MB | 311/457 kB
2022.12.20 22:29:08 INFO  Progress (4): 12/12 MB | 0.6/1.1 MB | 1.4/1.5 MB | 315/457 kB
2022.12.20 22:29:08 INFO  Progress (4): 12/12 MB | 0.6/1.1 MB | 1.4/1.5 MB | 319/457 kB
2022.12.20 22:29:08 INFO  Progress (4): 12/12 MB | 0.6/1.1 MB | 1.4/1.5 MB | 324/457 kB
2022.12.20 22:29:08 INFO  Progress (4): 12/12 MB | 0.6/1.1 MB | 1.4/1.5 MB | 328/457 kB
2022.12.20 22:29:08 INFO  Progress (4): 12/12 MB | 0.6/1.1 MB | 1.4/1.5 MB | 332/457 kB
2022.12.20 22:29:08 INFO  Progress (4): 12/12 MB | 0.6/1.1 MB | 1.4/1.5 MB | 336/457 kB
2022.12.20 22:29:08 INFO  Progress (4): 12/12 MB | 0.6/1.1 MB | 1.4/1.5 MB | 340/457 kB
2022.12.20 22:29:08 INFO  Progress (4): 12/12 MB | 0.6/1.1 MB | 1.4/1.5 MB | 344/457 kB
2022.12.20 22:29:08 INFO  Progress (4): 12/12 MB | 0.6/1.1 MB | 1.4/1.5 MB | 348/457 kB
2022.12.20 22:29:08 INFO  Progress (4): 12/12 MB | 0.6/1.1 MB | 1.4/1.5 MB | 348/457 kB
2022.12.20 22:29:08 INFO  Progress (4): 12/12 MB | 0.6/1.1 MB | 1.4/1.5 MB | 352/457 kB
2022.12.20 22:29:08 INFO  Progress (4): 12/12 MB | 0.6/1.1 MB | 1.4/1.5 MB | 356/457 kB
2022.12.20 22:29:08 INFO  Progress (4): 12/12 MB | 0.6/1.1 MB | 1.4/1.5 MB | 360/457 kB
2022.12.20 22:29:08 INFO  Progress (4): 12/12 MB | 0.6/1.1 MB | 1.4/1.5 MB | 365/457 kB
2022.12.20 22:29:08 INFO  Progress (4): 12/12 MB | 0.6/1.1 MB | 1.4/1.5 MB | 369/457 kB
2022.12.20 22:29:08 INFO  Progress (4): 12/12 MB | 0.6/1.1 MB | 1.4/1.5 MB | 373/457 kB
2022.12.20 22:29:08 INFO  Progress (4): 12/12 MB | 0.6/1.1 MB | 1.4/1.5 MB | 377/457 kB
2022.12.20 22:29:08 INFO  Progress (4): 12/12 MB | 0.6/1.1 MB | 1.4/1.5 MB | 381/457 kB
2022.12.20 22:29:08 INFO  Progress (4): 12/12 MB | 0.6/1.1 MB | 1.4/1.5 MB | 385/457 kB
2022.12.20 22:29:08 INFO  Progress (4): 12/12 MB | 0.6/1.1 MB | 1.4/1.5 MB | 389/457 kB
2022.12.20 22:29:08 INFO  Progress (4): 12/12 MB | 0.6/1.1 MB | 1.4/1.5 MB | 393/457 kB
2022.12.20 22:29:08 INFO  Progress (4): 12/12 MB | 0.6/1.1 MB | 1.4/1.5 MB | 397/457 kB
2022.12.20 22:29:08 INFO  Progress (4): 12/12 MB | 0.6/1.1 MB | 1.4/1.5 MB | 401/457 kB
2022.12.20 22:29:08 INFO  Progress (4): 12/12 MB | 0.6/1.1 MB | 1.4/1.5 MB | 406/457 kB
2022.12.20 22:29:08 INFO  Progress (4): 12/12 MB | 0.6/1.1 MB | 1.4/1.5 MB | 410/457 kB
2022.12.20 22:29:08 INFO  Progress (4): 12/12 MB | 0.6/1.1 MB | 1.4/1.5 MB | 414/457 kB
2022.12.20 22:29:08 INFO  Progress (4): 12/12 MB | 0.6/1.1 MB | 1.4/1.5 MB | 414/457 kB
2022.12.20 22:29:08 INFO  Progress (4): 12/12 MB | 0.6/1.1 MB | 1.4/1.5 MB | 418/457 kB
2022.12.20 22:29:08 INFO  Progress (4): 12/12 MB | 0.6/1.1 MB | 1.4/1.5 MB | 422/457 kB
2022.12.20 22:29:08 INFO  Progress (4): 12/12 MB | 0.6/1.1 MB | 1.4/1.5 MB | 426/457 kB
2022.12.20 22:29:08 INFO  Progress (4): 12/12 MB | 0.6/1.1 MB | 1.4/1.5 MB | 430/457 kB
2022.12.20 22:29:08 INFO  Progress (4): 12/12 MB | 0.6/1.1 MB | 1.4/1.5 MB | 434/457 kB
2022.12.20 22:29:08 INFO  Progress (4): 12/12 MB | 0.6/1.1 MB | 1.4/1.5 MB | 438/457 kB
2022.12.20 22:29:08 INFO  Progress (4): 12/12 MB | 0.6/1.1 MB | 1.4/1.5 MB | 442/457 kB
2022.12.20 22:29:08 INFO  Progress (4): 12/12 MB | 0.6/1.1 MB | 1.4/1.5 MB | 446/457 kB
2022.12.20 22:29:08 INFO  Progress (4): 12/12 MB | 0.6/1.1 MB | 1.4/1.5 MB | 451/457 kB
2022.12.20 22:29:08 INFO  Progress (4): 12/12 MB | 0.6/1.1 MB | 1.4/1.5 MB | 455/457 kB
2022.12.20 22:29:08 INFO  Progress (4): 12/12 MB | 0.6/1.1 MB | 1.4/1.5 MB | 457 kB    
2022.12.20 22:29:08 INFO  Progress (4): 12/12 MB | 0.6/1.1 MB | 1.4/1.5 MB | 457 kB
2022.12.20 22:29:08 INFO  Progress (5): 12/12 MB | 0.6/1.1 MB | 1.4/1.5 MB | 457 kB | 0/2.7 MB
2022.12.20 22:29:08 INFO  Progress (5): 12/12 MB | 0.6/1.1 MB | 1.4/1.5 MB | 457 kB | 0/2.7 MB
2022.12.20 22:29:08 INFO  Progress (5): 12/12 MB | 0.6/1.1 MB | 1.4/1.5 MB | 457 kB | 0/2.7 MB
2022.12.20 22:29:08 INFO  Progress (5): 12/12 MB | 0.6/1.1 MB | 1.4/1.5 MB | 457 kB | 0/2.7 MB
2022.12.20 22:29:08 INFO  Progress (5): 12/12 MB | 0.6/1.1 MB | 1.4/1.5 MB | 457 kB | 0/2.7 MB
2022.12.20 22:29:08 INFO  Progress (5): 12/12 MB | 0.6/1.1 MB | 1.4/1.5 MB | 457 kB | 0/2.7 MB
2022.12.20 22:29:08 INFO  Progress (5): 12/12 MB | 0.6/1.1 MB | 1.4/1.5 MB | 457 kB | 0/2.7 MB
2022.12.20 22:29:08 INFO  Progress (5): 12/12 MB | 0.6/1.1 MB | 1.4/1.5 MB | 457 kB | 0.1/2.7 MB
2022.12.20 22:29:08 INFO  Progress (5): 12/12 MB | 0.6/1.1 MB | 1.4/1.5 MB | 457 kB | 0.1/2.7 MB
2022.12.20 22:29:08 INFO  Progress (5): 12/12 MB | 0.6/1.1 MB | 1.4/1.5 MB | 457 kB | 0.1/2.7 MB
2022.12.20 22:29:08 INFO  Progress (5): 12 MB | 0.6/1.1 MB | 1.4/1.5 MB | 457 kB | 0.1/2.7 MB   
2022.12.20 22:29:08 INFO  Progress (5): 12 MB | 0.6/1.1 MB | 1.4/1.5 MB | 457 kB | 0.1/2.7 MB
2022.12.20 22:29:08 INFO  Progress (5): 12 MB | 0.7/1.1 MB | 1.4/1.5 MB | 457 kB | 0.1/2.7 MB
2022.12.20 22:29:08 INFO  Progress (5): 12 MB | 0.7/1.1 MB | 1.4/1.5 MB | 457 kB | 0.1/2.7 MB
2022.12.20 22:29:08 INFO  Progress (5): 12 MB | 0.7/1.1 MB | 1.4/1.5 MB | 457 kB | 0.1/2.7 MB
2022.12.20 22:29:08 INFO  Progress (5): 12 MB | 0.7/1.1 MB | 1.4/1.5 MB | 457 kB | 0.1/2.7 MB
2022.12.20 22:29:08 INFO  Progress (5): 12 MB | 0.7/1.1 MB | 1.4/1.5 MB | 457 kB | 0.1/2.7 MB
2022.12.20 22:29:08 INFO  Progress (5): 12 MB | 0.7/1.1 MB | 1.4/1.5 MB | 457 kB | 0.2/2.7 MB
2022.12.20 22:29:08 INFO  Progress (5): 12 MB | 0.7/1.1 MB | 1.4/1.5 MB | 457 kB | 0.2/2.7 MB
2022.12.20 22:29:08 INFO  Progress (5): 12 MB | 0.7/1.1 MB | 1.4/1.5 MB | 457 kB | 0.2/2.7 MB
2022.12.20 22:29:08 INFO  Progress (5): 12 MB | 0.7/1.1 MB | 1.4/1.5 MB | 457 kB | 0.2/2.7 MB
2022.12.20 22:29:08 INFO  Progress (5): 12 MB | 0.7/1.1 MB | 1.4/1.5 MB | 457 kB | 0.2/2.7 MB
2022.12.20 22:29:08 INFO  Progress (5): 12 MB | 0.7/1.1 MB | 1.4/1.5 MB | 457 kB | 0.2/2.7 MB
2022.12.20 22:29:08 INFO  Progress (5): 12 MB | 0.7/1.1 MB | 1.4/1.5 MB | 457 kB | 0.2/2.7 MB
2022.12.20 22:29:08 INFO  Progress (5): 12 MB | 0.7/1.1 MB | 1.4/1.5 MB | 457 kB | 0.2/2.7 MB
2022.12.20 22:29:08 INFO  Progress (5): 12 MB | 0.7/1.1 MB | 1.4/1.5 MB | 457 kB | 0.2/2.7 MB
2022.12.20 22:29:08 INFO  Progress (5): 12 MB | 0.7/1.1 MB | 1.4/1.5 MB | 457 kB | 0.2/2.7 MB
2022.12.20 22:29:08 INFO  Progress (5): 12 MB | 0.7/1.1 MB | 1.4/1.5 MB | 457 kB | 0.3/2.7 MB
2022.12.20 22:29:08 INFO  Progress (5): 12 MB | 0.7/1.1 MB | 1.4/1.5 MB | 457 kB | 0.3/2.7 MB
2022.12.20 22:29:08 INFO  Progress (5): 12 MB | 0.7/1.1 MB | 1.4/1.5 MB | 457 kB | 0.3/2.7 MB
2022.12.20 22:29:08 INFO  Progress (5): 12 MB | 0.7/1.1 MB | 1.4/1.5 MB | 457 kB | 0.3/2.7 MB
2022.12.20 22:29:08 INFO  Progress (5): 12 MB | 0.7/1.1 MB | 1.4/1.5 MB | 457 kB | 0.3/2.7 MB
2022.12.20 22:29:08 INFO  Progress (5): 12 MB | 0.7/1.1 MB | 1.4/1.5 MB | 457 kB | 0.3/2.7 MB
2022.12.20 22:29:08 INFO  Progress (5): 12 MB | 0.7/1.1 MB | 1.4/1.5 MB | 457 kB | 0.3/2.7 MB
2022.12.20 22:29:08 INFO  Progress (5): 12 MB | 0.7/1.1 MB | 1.4/1.5 MB | 457 kB | 0.3/2.7 MB
2022.12.20 22:29:08 INFO  Progress (5): 12 MB | 0.7/1.1 MB | 1.4/1.5 MB | 457 kB | 0.3/2.7 MB
2022.12.20 22:29:08 INFO  Progress (5): 12 MB | 0.7/1.1 MB | 1.4/1.5 MB | 457 kB | 0.3/2.7 MB
2022.12.20 22:29:08 INFO  Progress (5): 12 MB | 0.7/1.1 MB | 1.4/1.5 MB | 457 kB | 0.4/2.7 MB
2022.12.20 22:29:08 INFO  Progress (5): 12 MB | 0.7/1.1 MB | 1.4/1.5 MB | 457 kB | 0.4/2.7 MB
2022.12.20 22:29:08 INFO  Progress (5): 12 MB | 0.7/1.1 MB | 1.4/1.5 MB | 457 kB | 0.4/2.7 MB
2022.12.20 22:29:08 INFO  Progress (5): 12 MB | 0.7/1.1 MB | 1.4/1.5 MB | 457 kB | 0.4/2.7 MB
2022.12.20 22:29:08 INFO  Progress (5): 12 MB | 0.7/1.1 MB | 1.4/1.5 MB | 457 kB | 0.4/2.7 MB
2022.12.20 22:29:08 INFO  Progress (5): 12 MB | 0.7/1.1 MB | 1.4/1.5 MB | 457 kB | 0.4/2.7 MB
2022.12.20 22:29:08 INFO  Progress (5): 12 MB | 0.7/1.1 MB | 1.4/1.5 MB | 457 kB | 0.4/2.7 MB
2022.12.20 22:29:08 INFO  Progress (5): 12 MB | 0.7/1.1 MB | 1.4/1.5 MB | 457 kB | 0.4/2.7 MB
2022.12.20 22:29:08 INFO  Progress (5): 12 MB | 0.7/1.1 MB | 1.4/1.5 MB | 457 kB | 0.5/2.7 MB
2022.12.20 22:29:08 INFO  Progress (5): 12 MB | 0.7/1.1 MB | 1.4/1.5 MB | 457 kB | 0.5/2.7 MB
2022.12.20 22:29:08 INFO  Progress (5): 12 MB | 0.7/1.1 MB | 1.4/1.5 MB | 457 kB | 0.5/2.7 MB
2022.12.20 22:29:08 INFO  Progress (5): 12 MB | 0.7/1.1 MB | 1.4/1.5 MB | 457 kB | 0.5/2.7 MB
2022.12.20 22:29:08 INFO  Progress (5): 12 MB | 0.8/1.1 MB | 1.4/1.5 MB | 457 kB | 0.5/2.7 MB
2022.12.20 22:29:08 INFO  Progress (5): 12 MB | 0.8/1.1 MB | 1.4/1.5 MB | 457 kB | 0.5/2.7 MB
2022.12.20 22:29:08 INFO  Progress (5): 12 MB | 0.8/1.1 MB | 1.4/1.5 MB | 457 kB | 0.5/2.7 MB
2022.12.20 22:29:08 INFO  Progress (5): 12 MB | 0.8/1.1 MB | 1.4/1.5 MB | 457 kB | 0.5/2.7 MB
2022.12.20 22:29:08 INFO  Progress (5): 12 MB | 0.8/1.1 MB | 1.4/1.5 MB | 457 kB | 0.5/2.7 MB
2022.12.20 22:29:08 INFO  Progress (5): 12 MB | 0.8/1.1 MB | 1.4/1.5 MB | 457 kB | 0.5/2.7 MB
2022.12.20 22:29:08 INFO  Progress (5): 12 MB | 0.8/1.1 MB | 1.4/1.5 MB | 457 kB | 0.5/2.7 MB
2022.12.20 22:29:08 INFO  Progress (5): 12 MB | 0.8/1.1 MB | 1.4/1.5 MB | 457 kB | 0.5/2.7 MB
2022.12.20 22:29:08 INFO  Progress (5): 12 MB | 0.8/1.1 MB | 1.4/1.5 MB | 457 kB | 0.5/2.7 MB
2022.12.20 22:29:08 INFO  Progress (5): 12 MB | 0.8/1.1 MB | 1.4/1.5 MB | 457 kB | 0.5/2.7 MB
2022.12.20 22:29:08 INFO  Progress (5): 12 MB | 0.8/1.1 MB | 1.4/1.5 MB | 457 kB | 0.5/2.7 MB
2022.12.20 22:29:08 INFO  Progress (5): 12 MB | 0.8/1.1 MB | 1.4/1.5 MB | 457 kB | 0.5/2.7 MB
2022.12.20 22:29:08 INFO  Progress (5): 12 MB | 0.8/1.1 MB | 1.4/1.5 MB | 457 kB | 0.5/2.7 MB
2022.12.20 22:29:08 INFO  Progress (5): 12 MB | 0.8/1.1 MB | 1.5/1.5 MB | 457 kB | 0.5/2.7 MB
2022.12.20 22:29:08 INFO  Progress (5): 12 MB | 0.8/1.1 MB | 1.5/1.5 MB | 457 kB | 0.5/2.7 MB
2022.12.20 22:29:08 INFO  Progress (5): 12 MB | 0.8/1.1 MB | 1.5/1.5 MB | 457 kB | 0.5/2.7 MB
2022.12.20 22:29:08 INFO  Progress (5): 12 MB | 0.8/1.1 MB | 1.5/1.5 MB | 457 kB | 0.5/2.7 MB
2022.12.20 22:29:08 INFO  Progress (5): 12 MB | 0.8/1.1 MB | 1.5/1.5 MB | 457 kB | 0.5/2.7 MB
2022.12.20 22:29:08 INFO  Progress (5): 12 MB | 0.8/1.1 MB | 1.5/1.5 MB | 457 kB | 0.5/2.7 MB
2022.12.20 22:29:08 INFO  Progress (5): 12 MB | 0.8/1.1 MB | 1.5 MB | 457 kB | 0.5/2.7 MB    
2022.12.20 22:29:08 INFO  Progress (5): 12 MB | 0.8/1.1 MB | 1.5 MB | 457 kB | 0.5/2.7 MB
2022.12.20 22:29:08 INFO  Progress (5): 12 MB | 0.8/1.1 MB | 1.5 MB | 457 kB | 0.5/2.7 MB
2022.12.20 22:29:08 INFO  Progress (5): 12 MB | 0.8/1.1 MB | 1.5 MB | 457 kB | 0.5/2.7 MB
2022.12.20 22:29:08 INFO  Progress (5): 12 MB | 0.8/1.1 MB | 1.5 MB | 457 kB | 0.5/2.7 MB
2022.12.20 22:29:08 INFO  Progress (5): 12 MB | 0.8/1.1 MB | 1.5 MB | 457 kB | 0.5/2.7 MB
2022.12.20 22:29:08 INFO  Progress (5): 12 MB | 0.8/1.1 MB | 1.5 MB | 457 kB | 0.5/2.7 MB
2022.12.20 22:29:08 INFO  Progress (5): 12 MB | 0.8/1.1 MB | 1.5 MB | 457 kB | 0.5/2.7 MB
2022.12.20 22:29:08 INFO  Progress (5): 12 MB | 0.9/1.1 MB | 1.5 MB | 457 kB | 0.5/2.7 MB
2022.12.20 22:29:08 INFO  Progress (5): 12 MB | 0.9/1.1 MB | 1.5 MB | 457 kB | 0.5/2.7 MB
2022.12.20 22:29:08 INFO                                                                 
2022.12.20 22:29:08 INFO  Downloaded from central: https://repo.maven.apache.org/maven2/org/scala-sbt/util-logging_2.13/1.5.0/util-logging_2.13-1.5.0.jar (457 kB at 91 kB/s)
2022.12.20 22:29:08 INFO  Downloading from central: https://repo.maven.apache.org/maven2/org/scala-sbt/collections_2.13/1.5.0/collections_2.13-1.5.0.jar
2022.12.20 22:29:08 INFO  Progress (4): 12 MB | 0.9/1.1 MB | 1.5 MB | 0.5/2.7 MB
2022.12.20 22:29:08 INFO  Progress (4): 12 MB | 0.9/1.1 MB | 1.5 MB | 0.6/2.7 MB
2022.12.20 22:29:08 INFO  Progress (4): 12 MB | 0.9/1.1 MB | 1.5 MB | 0.6/2.7 MB
2022.12.20 22:29:08 INFO  Progress (4): 12 MB | 0.9/1.1 MB | 1.5 MB | 0.6/2.7 MB
2022.12.20 22:29:08 INFO  Progress (4): 12 MB | 0.9/1.1 MB | 1.5 MB | 0.6/2.7 MB
2022.12.20 22:29:08 INFO  Progress (4): 12 MB | 0.9/1.1 MB | 1.5 MB | 0.6/2.7 MB
2022.12.20 22:29:08 INFO  Progress (4): 12 MB | 0.9/1.1 MB | 1.5 MB | 0.6/2.7 MB
2022.12.20 22:29:08 INFO  Progress (4): 12 MB | 0.9/1.1 MB | 1.5 MB | 0.6/2.7 MB
2022.12.20 22:29:08 INFO  Progress (4): 12 MB | 0.9/1.1 MB | 1.5 MB | 0.6/2.7 MB
2022.12.20 22:29:08 INFO  Progress (4): 12 MB | 0.9/1.1 MB | 1.5 MB | 0.6/2.7 MB
2022.12.20 22:29:08 INFO  Progress (4): 12 MB | 0.9/1.1 MB | 1.5 MB | 0.6/2.7 MB
2022.12.20 22:29:08 INFO  Progress (4): 12 MB | 0.9/1.1 MB | 1.5 MB | 0.6/2.7 MB
2022.12.20 22:29:08 INFO  Progress (4): 12 MB | 0.9/1.1 MB | 1.5 MB | 0.6/2.7 MB
2022.12.20 22:29:08 INFO  Progress (4): 12 MB | 0.9/1.1 MB | 1.5 MB | 0.7/2.7 MB
2022.12.20 22:29:08 INFO  Progress (4): 12 MB | 0.9/1.1 MB | 1.5 MB | 0.7/2.7 MB
2022.12.20 22:29:08 INFO  Progress (4): 12 MB | 0.9/1.1 MB | 1.5 MB | 0.7/2.7 MB
2022.12.20 22:29:08 INFO  Progress (4): 12 MB | 0.9/1.1 MB | 1.5 MB | 0.7/2.7 MB
2022.12.20 22:29:08 INFO  Progress (4): 12 MB | 0.9/1.1 MB | 1.5 MB | 0.7/2.7 MB
2022.12.20 22:29:08 INFO                                                        
2022.12.20 22:29:08 INFO  Downloaded from central: https://repo.maven.apache.org/maven2/org/scala-lang/scala-compiler/2.13.6/scala-compiler-2.13.6.jar (12 MB at 2.4 MB/s)
2022.12.20 22:29:08 INFO  Downloading from central: https://repo.maven.apache.org/maven2/org/scala-sbt/util-position_2.13/1.5.0/util-position_2.13-1.5.0.jar
2022.12.20 22:29:08 INFO  Progress (3): 0.9/1.1 MB | 1.5 MB | 0.7/2.7 MB
2022.12.20 22:29:08 INFO  Progress (3): 0.9/1.1 MB | 1.5 MB | 0.7/2.7 MB
2022.12.20 22:29:08 INFO  Progress (3): 0.9/1.1 MB | 1.5 MB | 0.7/2.7 MB
2022.12.20 22:29:08 INFO  Progress (3): 0.9/1.1 MB | 1.5 MB | 0.7/2.7 MB
2022.12.20 22:29:08 INFO  Progress (3): 0.9/1.1 MB | 1.5 MB | 0.7/2.7 MB
2022.12.20 22:29:08 INFO  Progress (3): 0.9/1.1 MB | 1.5 MB | 0.8/2.7 MB
2022.12.20 22:29:08 INFO  Progress (3): 0.9/1.1 MB | 1.5 MB | 0.8/2.7 MB
2022.12.20 22:29:08 INFO  Progress (3): 0.9/1.1 MB | 1.5 MB | 0.8/2.7 MB
2022.12.20 22:29:08 INFO  Progress (3): 0.9/1.1 MB | 1.5 MB | 0.8/2.7 MB
2022.12.20 22:29:08 INFO  Progress (3): 0.9/1.1 MB | 1.5 MB | 0.8/2.7 MB
2022.12.20 22:29:08 INFO  Progress (3): 0.9/1.1 MB | 1.5 MB | 0.8/2.7 MB
2022.12.20 22:29:08 INFO  Progress (3): 0.9/1.1 MB | 1.5 MB | 0.8/2.7 MB
2022.12.20 22:29:08 INFO  Progress (3): 0.9/1.1 MB | 1.5 MB | 0.8/2.7 MB
2022.12.20 22:29:08 INFO  Progress (3): 1.0/1.1 MB | 1.5 MB | 0.8/2.7 MB
2022.12.20 22:29:08 INFO  Progress (3): 1.0/1.1 MB | 1.5 MB | 0.8/2.7 MB
2022.12.20 22:29:08 INFO  Progress (3): 1.0/1.1 MB | 1.5 MB | 0.9/2.7 MB
2022.12.20 22:29:08 INFO  Progress (3): 1.0/1.1 MB | 1.5 MB | 0.9/2.7 MB
2022.12.20 22:29:08 INFO  Progress (3): 1.0/1.1 MB | 1.5 MB | 0.9/2.7 MB
2022.12.20 22:29:08 INFO  Progress (3): 1.0/1.1 MB | 1.5 MB | 0.9/2.7 MB
2022.12.20 22:29:08 INFO  Progress (3): 1.0/1.1 MB | 1.5 MB | 0.9/2.7 MB
2022.12.20 22:29:08 INFO  Progress (3): 1.0/1.1 MB | 1.5 MB | 0.9/2.7 MB
2022.12.20 22:29:08 INFO  Progress (3): 1.0/1.1 MB | 1.5 MB | 0.9/2.7 MB
2022.12.20 22:29:08 INFO  Progress (3): 1.0/1.1 MB | 1.5 MB | 0.9/2.7 MB
2022.12.20 22:29:08 INFO  Progress (3): 1.0/1.1 MB | 1.5 MB | 0.9/2.7 MB
2022.12.20 22:29:08 INFO  Progress (3): 1.0/1.1 MB | 1.5 MB | 0.9/2.7 MB
2022.12.20 22:29:08 INFO  Progress (3): 1.0/1.1 MB | 1.5 MB | 0.9/2.7 MB
2022.12.20 22:29:08 INFO                                                
2022.12.20 22:29:08 INFO  Downloaded from central: https://repo.maven.apache.org/maven2/net/java/dev/jna/jna/5.5.0/jna-5.5.0.jar (1.5 MB at 295 kB/s)
2022.12.20 22:29:08 INFO  Downloading from central: https://repo.maven.apache.org/maven2/org/scala-sbt/core-macros_2.13/1.5.0/core-macros_2.13-1.5.0.jar
2022.12.20 22:29:08 INFO  Progress (2): 1.0/1.1 MB | 1.0/2.7 MB
2022.12.20 22:29:08 INFO  Progress (2): 1.0/1.1 MB | 1.0/2.7 MB
2022.12.20 22:29:08 INFO  Progress (2): 1.0/1.1 MB | 1.0/2.7 MB
2022.12.20 22:29:08 INFO  Progress (2): 1.0/1.1 MB | 1.0/2.7 MB
2022.12.20 22:29:08 INFO  Progress (2): 1.0/1.1 MB | 1.0/2.7 MB
2022.12.20 22:29:08 INFO  Progress (2): 1.0/1.1 MB | 1.0/2.7 MB
2022.12.20 22:29:08 INFO  Progress (2): 1.0/1.1 MB | 1.0/2.7 MB
2022.12.20 22:29:08 INFO  Progress (2): 1.0/1.1 MB | 1.0/2.7 MB
2022.12.20 22:29:08 INFO  Progress (2): 1.0/1.1 MB | 1.0/2.7 MB
2022.12.20 22:29:08 INFO  Progress (2): 1.0/1.1 MB | 1.0/2.7 MB
2022.12.20 22:29:08 INFO  Progress (2): 1.0/1.1 MB | 1.1/2.7 MB
2022.12.20 22:29:08 INFO  Progress (2): 1.0/1.1 MB | 1.1/2.7 MB
2022.12.20 22:29:08 INFO  Progress (2): 1.0/1.1 MB | 1.1/2.7 MB
2022.12.20 22:29:08 INFO  Progress (2): 1.0/1.1 MB | 1.1/2.7 MB
2022.12.20 22:29:08 INFO  Progress (2): 1.0/1.1 MB | 1.1/2.7 MB
2022.12.20 22:29:08 INFO  Progress (2): 1.0/1.1 MB | 1.1/2.7 MB
2022.12.20 22:29:08 INFO  Progress (2): 1.1/1.1 MB | 1.1/2.7 MB
2022.12.20 22:29:08 INFO  Progress (2): 1.1/1.1 MB | 1.1/2.7 MB
2022.12.20 22:29:08 INFO  Progress (2): 1.1/1.1 MB | 1.1/2.7 MB
2022.12.20 22:29:08 INFO  Progress (2): 1.1/1.1 MB | 1.1/2.7 MB
2022.12.20 22:29:08 INFO  Progress (2): 1.1/1.1 MB | 1.1/2.7 MB
2022.12.20 22:29:08 INFO  Progress (2): 1.1/1.1 MB | 1.2/2.7 MB
2022.12.20 22:29:08 INFO  Progress (2): 1.1/1.1 MB | 1.2/2.7 MB
2022.12.20 22:29:08 INFO  Progress (2): 1.1/1.1 MB | 1.2/2.7 MB
2022.12.20 22:29:08 INFO  Progress (2): 1.1/1.1 MB | 1.2/2.7 MB
2022.12.20 22:29:08 INFO  Progress (2): 1.1/1.1 MB | 1.2/2.7 MB
2022.12.20 22:29:08 INFO  Progress (2): 1.1/1.1 MB | 1.2/2.7 MB
2022.12.20 22:29:08 INFO  Progress (2): 1.1/1.1 MB | 1.2/2.7 MB
2022.12.20 22:29:08 INFO  Progress (2): 1.1/1.1 MB | 1.2/2.7 MB
2022.12.20 22:29:08 INFO  Progress (2): 1.1/1.1 MB | 1.2/2.7 MB
2022.12.20 22:29:08 INFO  Progress (2): 1.1/1.1 MB | 1.2/2.7 MB
2022.12.20 22:29:08 INFO  Progress (2): 1.1/1.1 MB | 1.2/2.7 MB
2022.12.20 22:29:08 INFO  Progress (2): 1.1/1.1 MB | 1.3/2.7 MB
2022.12.20 22:29:08 INFO  Progress (3): 1.1/1.1 MB | 1.3/2.7 MB | 4.1/365 kB
2022.12.20 22:29:08 INFO  Progress (3): 1.1/1.1 MB | 1.3/2.7 MB | 8.2/365 kB
2022.12.20 22:29:08 INFO  Progress (3): 1.1/1.1 MB | 1.3/2.7 MB | 12/365 kB 
2022.12.20 22:29:08 INFO  Progress (3): 1.1/1.1 MB | 1.3/2.7 MB | 16/365 kB
2022.12.20 22:29:08 INFO  Progress (3): 1.1/1.1 MB | 1.3/2.7 MB | 20/365 kB
2022.12.20 22:29:08 INFO  Progress (3): 1.1/1.1 MB | 1.3/2.7 MB | 24/365 kB
2022.12.20 22:29:08 INFO  Progress (3): 1.1/1.1 MB | 1.3/2.7 MB | 28/365 kB
2022.12.20 22:29:08 INFO  Progress (3): 1.1/1.1 MB | 1.3/2.7 MB | 32/365 kB
2022.12.20 22:29:08 INFO  Progress (3): 1.1/1.1 MB | 1.3/2.7 MB | 36/365 kB
2022.12.20 22:29:08 INFO  Progress (3): 1.1/1.1 MB | 1.3/2.7 MB | 36/365 kB
2022.12.20 22:29:08 INFO  Progress (3): 1.1/1.1 MB | 1.3/2.7 MB | 40/365 kB
2022.12.20 22:29:08 INFO  Progress (3): 1.1/1.1 MB | 1.3/2.7 MB | 45/365 kB
2022.12.20 22:29:08 INFO  Progress (3): 1.1/1.1 MB | 1.3/2.7 MB | 49/365 kB
2022.12.20 22:29:08 INFO  Progress (3): 1.1/1.1 MB | 1.3/2.7 MB | 53/365 kB
2022.12.20 22:29:08 INFO  Progress (3): 1.1/1.1 MB | 1.3/2.7 MB | 57/365 kB
2022.12.20 22:29:08 INFO  Progress (3): 1.1/1.1 MB | 1.3/2.7 MB | 61/365 kB
2022.12.20 22:29:08 INFO  Progress (3): 1.1/1.1 MB | 1.3/2.7 MB | 65/365 kB
2022.12.20 22:29:08 INFO  Progress (3): 1.1/1.1 MB | 1.3/2.7 MB | 69/365 kB
2022.12.20 22:29:08 INFO  Progress (3): 1.1/1.1 MB | 1.3/2.7 MB | 73/365 kB
2022.12.20 22:29:08 INFO  Progress (3): 1.1/1.1 MB | 1.3/2.7 MB | 77/365 kB
2022.12.20 22:29:08 INFO  Progress (3): 1.1/1.1 MB | 1.3/2.7 MB | 81/365 kB
2022.12.20 22:29:08 INFO  Progress (3): 1.1/1.1 MB | 1.3/2.7 MB | 85/365 kB
2022.12.20 22:29:08 INFO  Progress (3): 1.1/1.1 MB | 1.3/2.7 MB | 90/365 kB
2022.12.20 22:29:08 INFO  Progress (3): 1.1/1.1 MB | 1.3/2.7 MB | 94/365 kB
2022.12.20 22:29:08 INFO  Progress (3): 1.1/1.1 MB | 1.3/2.7 MB | 98/365 kB
2022.12.20 22:29:08 INFO  Progress (3): 1.1/1.1 MB | 1.3/2.7 MB | 102/365 kB
2022.12.20 22:29:08 INFO  Progress (3): 1.1/1.1 MB | 1.3/2.7 MB | 106/365 kB
2022.12.20 22:29:08 INFO  Progress (3): 1.1/1.1 MB | 1.3/2.7 MB | 110/365 kB
2022.12.20 22:29:08 INFO  Progress (3): 1.1/1.1 MB | 1.3/2.7 MB | 114/365 kB
2022.12.20 22:29:08 INFO  Progress (3): 1.1/1.1 MB | 1.3/2.7 MB | 118/365 kB
2022.12.20 22:29:08 INFO  Progress (3): 1.1/1.1 MB | 1.3/2.7 MB | 122/365 kB
2022.12.20 22:29:08 INFO  Progress (3): 1.1/1.1 MB | 1.3/2.7 MB | 126/365 kB
2022.12.20 22:29:08 INFO  Progress (3): 1.1/1.1 MB | 1.3/2.7 MB | 131/365 kB
2022.12.20 22:29:08 INFO  Progress (3): 1.1/1.1 MB | 1.3/2.7 MB | 135/365 kB
2022.12.20 22:29:08 INFO  Progress (3): 1.1/1.1 MB | 1.3/2.7 MB | 139/365 kB
2022.12.20 22:29:08 INFO  Progress (3): 1.1/1.1 MB | 1.3/2.7 MB | 143/365 kB
2022.12.20 22:29:08 INFO  Progress (3): 1.1/1.1 MB | 1.3/2.7 MB | 147/365 kB
2022.12.20 22:29:08 INFO  Progress (3): 1.1/1.1 MB | 1.3/2.7 MB | 151/365 kB
2022.12.20 22:29:08 INFO  Progress (3): 1.1/1.1 MB | 1.3/2.7 MB | 155/365 kB
2022.12.20 22:29:08 INFO  Progress (3): 1.1/1.1 MB | 1.3/2.7 MB | 159/365 kB
2022.12.20 22:29:08 INFO  Progress (3): 1.1/1.1 MB | 1.3/2.7 MB | 163/365 kB
2022.12.20 22:29:08 INFO  Progress (3): 1.1/1.1 MB | 1.3/2.7 MB | 167/365 kB
2022.12.20 22:29:08 INFO  Progress (3): 1.1/1.1 MB | 1.3/2.7 MB | 171/365 kB
2022.12.20 22:29:08 INFO  Progress (3): 1.1/1.1 MB | 1.3/2.7 MB | 176/365 kB
2022.12.20 22:29:08 INFO  Progress (3): 1.1/1.1 MB | 1.3/2.7 MB | 180/365 kB
2022.12.20 22:29:08 INFO  Progress (3): 1.1/1.1 MB | 1.3/2.7 MB | 184/365 kB
2022.12.20 22:29:08 INFO  Progress (3): 1.1/1.1 MB | 1.3/2.7 MB | 188/365 kB
2022.12.20 22:29:08 INFO  Progress (3): 1.1/1.1 MB | 1.3/2.7 MB | 192/365 kB
2022.12.20 22:29:08 INFO  Progress (3): 1.1/1.1 MB | 1.3/2.7 MB | 196/365 kB
2022.12.20 22:29:08 INFO  Progress (3): 1.1/1.1 MB | 1.3/2.7 MB | 200/365 kB
2022.12.20 22:29:08 INFO  Progress (3): 1.1/1.1 MB | 1.3/2.7 MB | 204/365 kB
2022.12.20 22:29:08 INFO  Progress (3): 1.1/1.1 MB | 1.3/2.7 MB | 208/365 kB
2022.12.20 22:29:08 INFO  Progress (3): 1.1/1.1 MB | 1.3/2.7 MB | 212/365 kB
2022.12.20 22:29:08 INFO  Progress (3): 1.1/1.1 MB | 1.3/2.7 MB | 217/365 kB
2022.12.20 22:29:08 INFO  Progress (3): 1.1/1.1 MB | 1.3/2.7 MB | 221/365 kB
2022.12.20 22:29:08 INFO  Progress (3): 1.1/1.1 MB | 1.3/2.7 MB | 225/365 kB
2022.12.20 22:29:08 INFO  Progress (3): 1.1/1.1 MB | 1.3/2.7 MB | 229/365 kB
2022.12.20 22:29:08 INFO  Progress (3): 1.1/1.1 MB | 1.3/2.7 MB | 229/365 kB
2022.12.20 22:29:08 INFO  Progress (3): 1.1/1.1 MB | 1.3/2.7 MB | 233/365 kB
2022.12.20 22:29:08 INFO  Progress (3): 1.1/1.1 MB | 1.3/2.7 MB | 237/365 kB
2022.12.20 22:29:08 INFO  Progress (3): 1.1 MB | 1.3/2.7 MB | 237/365 kB    
2022.12.20 22:29:08 INFO  Progress (3): 1.1 MB | 1.3/2.7 MB | 241/365 kB
2022.12.20 22:29:08 INFO  Progress (3): 1.1 MB | 1.3/2.7 MB | 245/365 kB
2022.12.20 22:29:08 INFO  Progress (3): 1.1 MB | 1.3/2.7 MB | 245/365 kB
2022.12.20 22:29:08 INFO  Progress (3): 1.1 MB | 1.3/2.7 MB | 249/365 kB
2022.12.20 22:29:08 INFO  Progress (3): 1.1 MB | 1.3/2.7 MB | 253/365 kB
2022.12.20 22:29:08 INFO  Progress (3): 1.1 MB | 1.3/2.7 MB | 258/365 kB
2022.12.20 22:29:08 INFO  Progress (3): 1.1 MB | 1.3/2.7 MB | 262/365 kB
2022.12.20 22:29:08 INFO  Progress (3): 1.1 MB | 1.3/2.7 MB | 266/365 kB
2022.12.20 22:29:08 INFO  Progress (3): 1.1 MB | 1.3/2.7 MB | 270/365 kB
2022.12.20 22:29:08 INFO  Progress (3): 1.1 MB | 1.3/2.7 MB | 274/365 kB
2022.12.20 22:29:08 INFO  Progress (3): 1.1 MB | 1.3/2.7 MB | 278/365 kB
2022.12.20 22:29:08 INFO  Progress (3): 1.1 MB | 1.3/2.7 MB | 282/365 kB
2022.12.20 22:29:08 INFO  Progress (3): 1.1 MB | 1.3/2.7 MB | 282/365 kB
2022.12.20 22:29:08 INFO  Progress (3): 1.1 MB | 1.3/2.7 MB | 286/365 kB
2022.12.20 22:29:08 INFO  Progress (3): 1.1 MB | 1.3/2.7 MB | 290/365 kB
2022.12.20 22:29:08 INFO  Progress (3): 1.1 MB | 1.3/2.7 MB | 294/365 kB
2022.12.20 22:29:08 INFO  Progress (3): 1.1 MB | 1.3/2.7 MB | 298/365 kB
2022.12.20 22:29:08 INFO  Progress (3): 1.1 MB | 1.3/2.7 MB | 303/365 kB
2022.12.20 22:29:08 INFO  Progress (3): 1.1 MB | 1.3/2.7 MB | 307/365 kB
2022.12.20 22:29:08 INFO  Progress (3): 1.1 MB | 1.3/2.7 MB | 311/365 kB
2022.12.20 22:29:08 INFO  Progress (3): 1.1 MB | 1.3/2.7 MB | 315/365 kB
2022.12.20 22:29:08 INFO  Progress (3): 1.1 MB | 1.3/2.7 MB | 319/365 kB
2022.12.20 22:29:08 INFO  Progress (3): 1.1 MB | 1.3/2.7 MB | 323/365 kB
2022.12.20 22:29:08 INFO  Progress (3): 1.1 MB | 1.3/2.7 MB | 327/365 kB
2022.12.20 22:29:08 INFO  Progress (3): 1.1 MB | 1.3/2.7 MB | 331/365 kB
2022.12.20 22:29:08 INFO  Progress (3): 1.1 MB | 1.3/2.7 MB | 335/365 kB
2022.12.20 22:29:08 INFO  Progress (3): 1.1 MB | 1.3/2.7 MB | 339/365 kB
2022.12.20 22:29:08 INFO  Progress (3): 1.1 MB | 1.3/2.7 MB | 344/365 kB
2022.12.20 22:29:08 INFO  Progress (3): 1.1 MB | 1.3/2.7 MB | 348/365 kB
2022.12.20 22:29:08 INFO  Progress (3): 1.1 MB | 1.3/2.7 MB | 348/365 kB
2022.12.20 22:29:08 INFO  Progress (3): 1.1 MB | 1.3/2.7 MB | 352/365 kB
2022.12.20 22:29:08 INFO  Progress (3): 1.1 MB | 1.3/2.7 MB | 356/365 kB
2022.12.20 22:29:08 INFO  Progress (3): 1.1 MB | 1.3/2.7 MB | 360/365 kB
2022.12.20 22:29:08 INFO  Progress (3): 1.1 MB | 1.3/2.7 MB | 364/365 kB
2022.12.20 22:29:08 INFO  Progress (3): 1.1 MB | 1.3/2.7 MB | 365 kB    
2022.12.20 22:29:08 INFO  Progress (3): 1.1 MB | 1.3/2.7 MB | 365 kB
2022.12.20 22:29:08 INFO  Progress (3): 1.1 MB | 1.4/2.7 MB | 365 kB
2022.12.20 22:29:08 INFO  Progress (3): 1.1 MB | 1.4/2.7 MB | 365 kB
2022.12.20 22:29:08 INFO  Progress (3): 1.1 MB | 1.4/2.7 MB | 365 kB
2022.12.20 22:29:08 INFO  Progress (3): 1.1 MB | 1.4/2.7 MB | 365 kB
2022.12.20 22:29:08 INFO  Progress (3): 1.1 MB | 1.4/2.7 MB | 365 kB
2022.12.20 22:29:08 INFO  Progress (4): 1.1 MB | 1.4/2.7 MB | 365 kB | 4.1/27 kB
2022.12.20 22:29:08 INFO  Progress (4): 1.1 MB | 1.4/2.7 MB | 365 kB | 8.2/27 kB
2022.12.20 22:29:08 INFO  Progress (4): 1.1 MB | 1.4/2.7 MB | 365 kB | 12/27 kB 
2022.12.20 22:29:08 INFO  Progress (4): 1.1 MB | 1.4/2.7 MB | 365 kB | 16/27 kB
2022.12.20 22:29:08 INFO  Progress (4): 1.1 MB | 1.4/2.7 MB | 365 kB | 20/27 kB
2022.12.20 22:29:08 INFO  Progress (4): 1.1 MB | 1.4/2.7 MB | 365 kB | 25/27 kB
2022.12.20 22:29:08 INFO  Progress (4): 1.1 MB | 1.4/2.7 MB | 365 kB | 27 kB   
2022.12.20 22:29:08 INFO  Progress (4): 1.1 MB | 1.4/2.7 MB | 365 kB | 27 kB
2022.12.20 22:29:08 INFO  Progress (4): 1.1 MB | 1.5/2.7 MB | 365 kB | 27 kB
2022.12.20 22:29:08 INFO  Progress (4): 1.1 MB | 1.5/2.7 MB | 365 kB | 27 kB
2022.12.20 22:29:08 INFO  Progress (4): 1.1 MB | 1.5/2.7 MB | 365 kB | 27 kB
2022.12.20 22:29:08 INFO  Progress (4): 1.1 MB | 1.5/2.7 MB | 365 kB | 27 kB
2022.12.20 22:29:08 INFO  Progress (4): 1.1 MB | 1.5/2.7 MB | 365 kB | 27 kB
2022.12.20 22:29:08 INFO  Progress (4): 1.1 MB | 1.5/2.7 MB | 365 kB | 27 kB
2022.12.20 22:29:08 INFO  Progress (4): 1.1 MB | 1.6/2.7 MB | 365 kB | 27 kB
2022.12.20 22:29:08 INFO  Progress (4): 1.1 MB | 1.6/2.7 MB | 365 kB | 27 kB
2022.12.20 22:29:08 INFO  Progress (4): 1.1 MB | 1.6/2.7 MB | 365 kB | 27 kB
2022.12.20 22:29:08 INFO  Progress (4): 1.1 MB | 1.6/2.7 MB | 365 kB | 27 kB
2022.12.20 22:29:08 INFO  Progress (4): 1.1 MB | 1.6/2.7 MB | 365 kB | 27 kB
2022.12.20 22:29:08 INFO  Progress (4): 1.1 MB | 1.6/2.7 MB | 365 kB | 27 kB
2022.12.20 22:29:08 INFO  Progress (4): 1.1 MB | 1.7/2.7 MB | 365 kB | 27 kB
2022.12.20 22:29:08 INFO  Progress (4): 1.1 MB | 1.7/2.7 MB | 365 kB | 27 kB
2022.12.20 22:29:08 INFO  Progress (5): 1.1 MB | 1.7/2.7 MB | 365 kB | 27 kB | 4.1/86 kB
2022.12.20 22:29:08 INFO  Progress (5): 1.1 MB | 1.7/2.7 MB | 365 kB | 27 kB | 8.2/86 kB
2022.12.20 22:29:08 INFO  Progress (5): 1.1 MB | 1.7/2.7 MB | 365 kB | 27 kB | 12/86 kB 
2022.12.20 22:29:08 INFO  Progress (5): 1.1 MB | 1.7/2.7 MB | 365 kB | 27 kB | 16/86 kB
2022.12.20 22:29:08 INFO  Progress (5): 1.1 MB | 1.7/2.7 MB | 365 kB | 27 kB | 16/86 kB
2022.12.20 22:29:08 INFO  Progress (5): 1.1 MB | 1.7/2.7 MB | 365 kB | 27 kB | 20/86 kB
2022.12.20 22:29:08 INFO  Progress (5): 1.1 MB | 1.7/2.7 MB | 365 kB | 27 kB | 24/86 kB
2022.12.20 22:29:08 INFO  Progress (5): 1.1 MB | 1.7/2.7 MB | 365 kB | 27 kB | 28/86 kB
2022.12.20 22:29:08 INFO  Progress (5): 1.1 MB | 1.7/2.7 MB | 365 kB | 27 kB | 32/86 kB
2022.12.20 22:29:08 INFO  Progress (5): 1.1 MB | 1.7/2.7 MB | 365 kB | 27 kB | 36/86 kB
2022.12.20 22:29:08 INFO  Progress (5): 1.1 MB | 1.7/2.7 MB | 365 kB | 27 kB | 40/86 kB
2022.12.20 22:29:08 INFO  Progress (5): 1.1 MB | 1.7/2.7 MB | 365 kB | 27 kB | 45/86 kB
2022.12.20 22:29:08 INFO  Progress (5): 1.1 MB | 1.7/2.7 MB | 365 kB | 27 kB | 49/86 kB
2022.12.20 22:29:08 INFO  Progress (5): 1.1 MB | 1.7/2.7 MB | 365 kB | 27 kB | 53/86 kB
2022.12.20 22:29:08 INFO  Progress (5): 1.1 MB | 1.7/2.7 MB | 365 kB | 27 kB | 57/86 kB
2022.12.20 22:29:08 INFO  Progress (5): 1.1 MB | 1.7/2.7 MB | 365 kB | 27 kB | 61/86 kB
2022.12.20 22:29:08 INFO  Progress (5): 1.1 MB | 1.7/2.7 MB | 365 kB | 27 kB | 65/86 kB
2022.12.20 22:29:08 INFO  Progress (5): 1.1 MB | 1.7/2.7 MB | 365 kB | 27 kB | 69/86 kB
2022.12.20 22:29:08 INFO  Progress (5): 1.1 MB | 1.7/2.7 MB | 365 kB | 27 kB | 69/86 kB
2022.12.20 22:29:08 INFO  Progress (5): 1.1 MB | 1.7/2.7 MB | 365 kB | 27 kB | 73/86 kB
2022.12.20 22:29:08 INFO  Progress (5): 1.1 MB | 1.7/2.7 MB | 365 kB | 27 kB | 77/86 kB
2022.12.20 22:29:08 INFO  Progress (5): 1.1 MB | 1.7/2.7 MB | 365 kB | 27 kB | 81/86 kB
2022.12.20 22:29:08 INFO  Progress (5): 1.1 MB | 1.7/2.7 MB | 365 kB | 27 kB | 85/86 kB
2022.12.20 22:29:08 INFO  Progress (5): 1.1 MB | 1.7/2.7 MB | 365 kB | 27 kB | 86 kB   
2022.12.20 22:29:08 INFO  Progress (5): 1.1 MB | 1.7/2.7 MB | 365 kB | 27 kB | 86 kB
2022.12.20 22:29:08 INFO  Progress (5): 1.1 MB | 1.7/2.7 MB | 365 kB | 27 kB | 86 kB
2022.12.20 22:29:08 INFO  Progress (5): 1.1 MB | 1.8/2.7 MB | 365 kB | 27 kB | 86 kB
2022.12.20 22:29:08 INFO  Progress (5): 1.1 MB | 1.8/2.7 MB | 365 kB | 27 kB | 86 kB
2022.12.20 22:29:08 INFO  Progress (5): 1.1 MB | 1.8/2.7 MB | 365 kB | 27 kB | 86 kB
2022.12.20 22:29:08 INFO  Progress (5): 1.1 MB | 1.8/2.7 MB | 365 kB | 27 kB | 86 kB
2022.12.20 22:29:08 INFO  Progress (5): 1.1 MB | 1.8/2.7 MB | 365 kB | 27 kB | 86 kB
2022.12.20 22:29:08 INFO  Progress (5): 1.1 MB | 1.8/2.7 MB | 365 kB | 27 kB | 86 kB
2022.12.20 22:29:08 INFO  Progress (5): 1.1 MB | 1.9/2.7 MB | 365 kB | 27 kB | 86 kB
2022.12.20 22:29:08 INFO  Progress (5): 1.1 MB | 1.9/2.7 MB | 365 kB | 27 kB | 86 kB
2022.12.20 22:29:08 INFO  Progress (5): 1.1 MB | 1.9/2.7 MB | 365 kB | 27 kB | 86 kB
2022.12.20 22:29:08 INFO  Progress (5): 1.1 MB | 1.9/2.7 MB | 365 kB | 27 kB | 86 kB
2022.12.20 22:29:08 INFO  Progress (5): 1.1 MB | 1.9/2.7 MB | 365 kB | 27 kB | 86 kB
2022.12.20 22:29:08 INFO  Progress (5): 1.1 MB | 1.9/2.7 MB | 365 kB | 27 kB | 86 kB
2022.12.20 22:29:08 INFO  Progress (5): 1.1 MB | 2.0/2.7 MB | 365 kB | 27 kB | 86 kB
2022.12.20 22:29:08 INFO  Progress (5): 1.1 MB | 2.0/2.7 MB | 365 kB | 27 kB | 86 kB
2022.12.20 22:29:08 INFO  Progress (5): 1.1 MB | 2.0/2.7 MB | 365 kB | 27 kB | 86 kB
2022.12.20 22:29:08 INFO  Progress (5): 1.1 MB | 2.0/2.7 MB | 365 kB | 27 kB | 86 kB
2022.12.20 22:29:08 INFO  Progress (5): 1.1 MB | 2.0/2.7 MB | 365 kB | 27 kB | 86 kB
2022.12.20 22:29:08 INFO                                                            
2022.12.20 22:29:08 INFO  Downloaded from central: https://repo.maven.apache.org/maven2/org/scala-lang/modules/scala-parallel-collections_2.13/0.2.0/scala-parallel-collections_2.13-0.2.0.jar (1.1 MB at 211 kB/s)
2022.12.20 22:29:08 INFO  Downloading from central: https://repo.maven.apache.org/maven2/com/eed3si9n/sjson-new-core_2.13/0.9.0/sjson-new-core_2.13-0.9.0.jar
2022.12.20 22:29:08 INFO  Progress (4): 2.0/2.7 MB | 365 kB | 27 kB | 86 kB
2022.12.20 22:29:08 INFO  Progress (4): 2.0/2.7 MB | 365 kB | 27 kB | 86 kB
2022.12.20 22:29:08 INFO  Progress (4): 2.1/2.7 MB | 365 kB | 27 kB | 86 kB
2022.12.20 22:29:08 INFO  Progress (4): 2.1/2.7 MB | 365 kB | 27 kB | 86 kB
2022.12.20 22:29:08 INFO                                                   
2022.12.20 22:29:08 INFO  Downloaded from central: https://repo.maven.apache.org/maven2/org/scala-sbt/collections_2.13/1.5.0/collections_2.13-1.5.0.jar (365 kB at 68 kB/s)
2022.12.20 22:29:08 INFO  Downloading from central: https://repo.maven.apache.org/maven2/org/scala-sbt/jline/jline/2.14.7-sbt-a1b0ffbb8f64bb820f4f84a0c07a0c0964507493/jline-2.14.7-sbt-a1b0ffbb8f64bb820f4f84a0c07a0c0964507493.jar
2022.12.20 22:29:08 INFO  Progress (3): 2.1/2.7 MB | 27 kB | 86 kB
2022.12.20 22:29:08 INFO  Progress (3): 2.1/2.7 MB | 27 kB | 86 kB
2022.12.20 22:29:08 INFO  Progress (3): 2.1/2.7 MB | 27 kB | 86 kB
2022.12.20 22:29:08 INFO  Progress (3): 2.1/2.7 MB | 27 kB | 86 kB
2022.12.20 22:29:08 INFO  Progress (3): 2.2/2.7 MB | 27 kB | 86 kB
2022.12.20 22:29:08 INFO  Progress (3): 2.2/2.7 MB | 27 kB | 86 kB
2022.12.20 22:29:08 INFO  Progress (3): 2.2/2.7 MB | 27 kB | 86 kB
2022.12.20 22:29:08 INFO  Progress (3): 2.2/2.7 MB | 27 kB | 86 kB
2022.12.20 22:29:08 INFO  Progress (3): 2.2/2.7 MB | 27 kB | 86 kB
2022.12.20 22:29:08 INFO  Progress (3): 2.2/2.7 MB | 27 kB | 86 kB
2022.12.20 22:29:08 INFO  Progress (3): 2.3/2.7 MB | 27 kB | 86 kB
2022.12.20 22:29:08 INFO  Progress (3): 2.3/2.7 MB | 27 kB | 86 kB
2022.12.20 22:29:08 INFO  Progress (3): 2.3/2.7 MB | 27 kB | 86 kB
2022.12.20 22:29:08 INFO                                          
2022.12.20 22:29:08 INFO  Downloaded from central: https://repo.maven.apache.org/maven2/org/scala-sbt/util-position_2.13/1.5.0/util-position_2.13-1.5.0.jar (27 kB at 5.1 kB/s)
2022.12.20 22:29:08 INFO  Downloading from central: https://repo.maven.apache.org/maven2/org/fusesource/jansi/jansi/2.1.0/jansi-2.1.0.jar
2022.12.20 22:29:08 INFO  Progress (2): 2.3/2.7 MB | 86 kB
2022.12.20 22:29:08 INFO  Progress (2): 2.3/2.7 MB | 86 kB
2022.12.20 22:29:08 INFO  Progress (2): 2.3/2.7 MB | 86 kB
2022.12.20 22:29:08 INFO  Progress (2): 2.4/2.7 MB | 86 kB
2022.12.20 22:29:08 INFO  Progress (2): 2.4/2.7 MB | 86 kB
2022.12.20 22:29:08 INFO  Progress (2): 2.4/2.7 MB | 86 kB
2022.12.20 22:29:08 INFO  Progress (2): 2.4/2.7 MB | 86 kB
2022.12.20 22:29:08 INFO  Progress (2): 2.4/2.7 MB | 86 kB
2022.12.20 22:29:08 INFO  Progress (2): 2.4/2.7 MB | 86 kB
2022.12.20 22:29:08 INFO  Progress (2): 2.5/2.7 MB | 86 kB
2022.12.20 22:29:08 INFO  Progress (2): 2.5/2.7 MB | 86 kB
2022.12.20 22:29:08 INFO                                  
2022.12.20 22:29:08 INFO  Downloaded from central: https://repo.maven.apache.org/maven2/org/scala-sbt/core-macros_2.13/1.5.0/core-macros_2.13-1.5.0.jar (86 kB at 16 kB/s)
2022.12.20 22:29:08 INFO  Downloading from central: https://repo.maven.apache.org/maven2/org/jline/jline-terminal/3.19.0/jline-terminal-3.19.0.jar
2022.12.20 22:29:08 INFO  Progress (1): 2.5/2.7 MB
2022.12.20 22:29:08 INFO  Progress (1): 2.5/2.7 MB
2022.12.20 22:29:08 INFO  Progress (1): 2.5/2.7 MB
2022.12.20 22:29:08 INFO  Progress (1): 2.5/2.7 MB
2022.12.20 22:29:08 INFO  Progress (1): 2.6/2.7 MB
2022.12.20 22:29:08 INFO  Progress (1): 2.6/2.7 MB
2022.12.20 22:29:08 INFO  Progress (1): 2.6/2.7 MB
2022.12.20 22:29:08 INFO  Progress (1): 2.6/2.7 MB
2022.12.20 22:29:08 INFO  Progress (1): 2.6/2.7 MB
2022.12.20 22:29:08 INFO  Progress (1): 2.6/2.7 MB
2022.12.20 22:29:08 INFO  Progress (1): 2.7/2.7 MB
2022.12.20 22:29:08 INFO  Progress (1): 2.7/2.7 MB
2022.12.20 22:29:08 INFO  Progress (1): 2.7 MB    
2022.12.20 22:29:09 INFO  Progress (2): 2.7 MB | 4.1/800 kB
2022.12.20 22:29:09 INFO  Progress (2): 2.7 MB | 8.2/800 kB
2022.12.20 22:29:09 INFO  Progress (2): 2.7 MB | 12/800 kB 
2022.12.20 22:29:09 INFO  Progress (2): 2.7 MB | 16/800 kB
2022.12.20 22:29:09 INFO  Progress (3): 2.7 MB | 16/800 kB | 4.1/146 kB
2022.12.20 22:29:09 INFO  Progress (3): 2.7 MB | 16/800 kB | 8.2/146 kB
2022.12.20 22:29:09 INFO  Progress (3): 2.7 MB | 16/800 kB | 12/146 kB 
2022.12.20 22:29:09 INFO  Progress (3): 2.7 MB | 16/800 kB | 16/146 kB
2022.12.20 22:29:09 INFO  Progress (3): 2.7 MB | 16/800 kB | 20/146 kB
2022.12.20 22:29:09 INFO  Progress (3): 2.7 MB | 16/800 kB | 24/146 kB
2022.12.20 22:29:09 INFO  Progress (3): 2.7 MB | 16/800 kB | 28/146 kB
2022.12.20 22:29:09 INFO  Progress (3): 2.7 MB | 16/800 kB | 32/146 kB
2022.12.20 22:29:09 INFO  Progress (3): 2.7 MB | 16/800 kB | 36/146 kB
2022.12.20 22:29:09 INFO  Progress (3): 2.7 MB | 16/800 kB | 40/146 kB
2022.12.20 22:29:09 INFO  Progress (3): 2.7 MB | 16/800 kB | 45/146 kB
2022.12.20 22:29:09 INFO  Progress (3): 2.7 MB | 16/800 kB | 49/146 kB
2022.12.20 22:29:09 INFO  Progress (3): 2.7 MB | 16/800 kB | 53/146 kB
2022.12.20 22:29:09 INFO  Progress (3): 2.7 MB | 16/800 kB | 57/146 kB
2022.12.20 22:29:09 INFO  Progress (3): 2.7 MB | 16/800 kB | 61/146 kB
2022.12.20 22:29:09 INFO  Progress (3): 2.7 MB | 16/800 kB | 65/146 kB
2022.12.20 22:29:09 INFO  Progress (3): 2.7 MB | 16/800 kB | 69/146 kB
2022.12.20 22:29:09 INFO  Progress (3): 2.7 MB | 16/800 kB | 73/146 kB
2022.12.20 22:29:09 INFO  Progress (3): 2.7 MB | 16/800 kB | 77/146 kB
2022.12.20 22:29:09 INFO  Progress (3): 2.7 MB | 16/800 kB | 81/146 kB
2022.12.20 22:29:09 INFO  Progress (3): 2.7 MB | 16/800 kB | 85/146 kB
2022.12.20 22:29:09 INFO  Progress (3): 2.7 MB | 16/800 kB | 90/146 kB
2022.12.20 22:29:09 INFO  Progress (3): 2.7 MB | 16/800 kB | 94/146 kB
2022.12.20 22:29:09 INFO  Progress (3): 2.7 MB | 16/800 kB | 98/146 kB
2022.12.20 22:29:09 INFO  Progress (3): 2.7 MB | 16/800 kB | 102/146 kB
2022.12.20 22:29:09 INFO  Progress (3): 2.7 MB | 16/800 kB | 106/146 kB
2022.12.20 22:29:09 INFO  Progress (3): 2.7 MB | 16/800 kB | 110/146 kB
2022.12.20 22:29:09 INFO  Progress (3): 2.7 MB | 16/800 kB | 114/146 kB
2022.12.20 22:29:09 INFO  Progress (3): 2.7 MB | 16/800 kB | 118/146 kB
2022.12.20 22:29:09 INFO  Progress (3): 2.7 MB | 16/800 kB | 122/146 kB
2022.12.20 22:29:09 INFO  Progress (3): 2.7 MB | 16/800 kB | 126/146 kB
2022.12.20 22:29:09 INFO  Progress (3): 2.7 MB | 16/800 kB | 131/146 kB
2022.12.20 22:29:09 INFO  Progress (3): 2.7 MB | 16/800 kB | 135/146 kB
2022.12.20 22:29:09 INFO  Progress (3): 2.7 MB | 16/800 kB | 139/146 kB
2022.12.20 22:29:09 INFO  Progress (3): 2.7 MB | 16/800 kB | 143/146 kB
2022.12.20 22:29:09 INFO  Progress (3): 2.7 MB | 16/800 kB | 146 kB    
2022.12.20 22:29:09 INFO  Progress (3): 2.7 MB | 20/800 kB | 146 kB
2022.12.20 22:29:09 INFO  Progress (3): 2.7 MB | 24/800 kB | 146 kB
2022.12.20 22:29:09 INFO  Progress (3): 2.7 MB | 28/800 kB | 146 kB
2022.12.20 22:29:09 INFO  Progress (3): 2.7 MB | 32/800 kB | 146 kB
2022.12.20 22:29:09 INFO  Progress (3): 2.7 MB | 36/800 kB | 146 kB
2022.12.20 22:29:09 INFO  Progress (3): 2.7 MB | 40/800 kB | 146 kB
2022.12.20 22:29:09 INFO  Progress (3): 2.7 MB | 45/800 kB | 146 kB
2022.12.20 22:29:09 INFO  Progress (3): 2.7 MB | 49/800 kB | 146 kB
2022.12.20 22:29:09 INFO  Progress (3): 2.7 MB | 53/800 kB | 146 kB
2022.12.20 22:29:09 INFO  Progress (3): 2.7 MB | 57/800 kB | 146 kB
2022.12.20 22:29:09 INFO  Progress (3): 2.7 MB | 61/800 kB | 146 kB
2022.12.20 22:29:09 INFO  Progress (3): 2.7 MB | 65/800 kB | 146 kB
2022.12.20 22:29:09 INFO  Progress (3): 2.7 MB | 69/800 kB | 146 kB
2022.12.20 22:29:09 INFO  Progress (3): 2.7 MB | 73/800 kB | 146 kB
2022.12.20 22:29:09 INFO  Progress (3): 2.7 MB | 77/800 kB | 146 kB
2022.12.20 22:29:09 INFO  Progress (3): 2.7 MB | 81/800 kB | 146 kB
2022.12.20 22:29:09 INFO  Progress (3): 2.7 MB | 85/800 kB | 146 kB
2022.12.20 22:29:09 INFO  Progress (3): 2.7 MB | 90/800 kB | 146 kB
2022.12.20 22:29:09 INFO  Progress (3): 2.7 MB | 94/800 kB | 146 kB
2022.12.20 22:29:09 INFO  Progress (3): 2.7 MB | 98/800 kB | 146 kB
2022.12.20 22:29:09 INFO  Progress (3): 2.7 MB | 102/800 kB | 146 kB
2022.12.20 22:29:09 INFO  Progress (3): 2.7 MB | 106/800 kB | 146 kB
2022.12.20 22:29:09 INFO  Progress (3): 2.7 MB | 110/800 kB | 146 kB
2022.12.20 22:29:09 INFO  Progress (3): 2.7 MB | 114/800 kB | 146 kB
2022.12.20 22:29:09 INFO  Progress (4): 2.7 MB | 114/800 kB | 146 kB | 4.1/315 kB
2022.12.20 22:29:09 INFO  Progress (4): 2.7 MB | 114/800 kB | 146 kB | 8.2/315 kB
2022.12.20 22:29:09 INFO  Progress (4): 2.7 MB | 114/800 kB | 146 kB | 12/315 kB 
2022.12.20 22:29:09 INFO  Progress (4): 2.7 MB | 114/800 kB | 146 kB | 16/315 kB
2022.12.20 22:29:09 INFO  Progress (4): 2.7 MB | 114/800 kB | 146 kB | 20/315 kB
2022.12.20 22:29:09 INFO  Progress (4): 2.7 MB | 114/800 kB | 146 kB | 25/315 kB
2022.12.20 22:29:09 INFO  Progress (4): 2.7 MB | 114/800 kB | 146 kB | 29/315 kB
2022.12.20 22:29:09 INFO  Progress (4): 2.7 MB | 114/800 kB | 146 kB | 33/315 kB
2022.12.20 22:29:09 INFO  Progress (4): 2.7 MB | 114/800 kB | 146 kB | 37/315 kB
2022.12.20 22:29:09 INFO  Progress (4): 2.7 MB | 114/800 kB | 146 kB | 41/315 kB
2022.12.20 22:29:09 INFO  Progress (4): 2.7 MB | 114/800 kB | 146 kB | 45/315 kB
2022.12.20 22:29:09 INFO  Progress (4): 2.7 MB | 114/800 kB | 146 kB | 49/315 kB
2022.12.20 22:29:09 INFO  Progress (4): 2.7 MB | 114/800 kB | 146 kB | 53/315 kB
2022.12.20 22:29:09 INFO  Progress (4): 2.7 MB | 114/800 kB | 146 kB | 57/315 kB
2022.12.20 22:29:09 INFO  Progress (4): 2.7 MB | 114/800 kB | 146 kB | 61/315 kB
2022.12.20 22:29:09 INFO  Progress (4): 2.7 MB | 114/800 kB | 146 kB | 66/315 kB
2022.12.20 22:29:09 INFO  Progress (4): 2.7 MB | 114/800 kB | 146 kB | 70/315 kB
2022.12.20 22:29:09 INFO  Progress (4): 2.7 MB | 118/800 kB | 146 kB | 70/315 kB
2022.12.20 22:29:09 INFO  Progress (4): 2.7 MB | 118/800 kB | 146 kB | 74/315 kB
2022.12.20 22:29:09 INFO  Progress (4): 2.7 MB | 122/800 kB | 146 kB | 74/315 kB
2022.12.20 22:29:09 INFO  Progress (4): 2.7 MB | 122/800 kB | 146 kB | 78/315 kB
2022.12.20 22:29:09 INFO  Progress (4): 2.7 MB | 126/800 kB | 146 kB | 78/315 kB
2022.12.20 22:29:09 INFO  Progress (4): 2.7 MB | 131/800 kB | 146 kB | 78/315 kB
2022.12.20 22:29:09 INFO  Progress (4): 2.7 MB | 131/800 kB | 146 kB | 82/315 kB
2022.12.20 22:29:09 INFO  Progress (4): 2.7 MB | 131/800 kB | 146 kB | 86/315 kB
2022.12.20 22:29:09 INFO  Progress (4): 2.7 MB | 131/800 kB | 146 kB | 90/315 kB
2022.12.20 22:29:09 INFO  Progress (4): 2.7 MB | 131/800 kB | 146 kB | 94/315 kB
2022.12.20 22:29:09 INFO  Progress (4): 2.7 MB | 131/800 kB | 146 kB | 98/315 kB
2022.12.20 22:29:09 INFO  Progress (4): 2.7 MB | 131/800 kB | 146 kB | 102/315 kB
2022.12.20 22:29:09 INFO  Progress (4): 2.7 MB | 131/800 kB | 146 kB | 106/315 kB
2022.12.20 22:29:09 INFO  Progress (4): 2.7 MB | 131/800 kB | 146 kB | 111/315 kB
2022.12.20 22:29:09 INFO  Progress (4): 2.7 MB | 131/800 kB | 146 kB | 115/315 kB
2022.12.20 22:29:09 INFO  Progress (4): 2.7 MB | 131/800 kB | 146 kB | 119/315 kB
2022.12.20 22:29:09 INFO  Progress (4): 2.7 MB | 131/800 kB | 146 kB | 123/315 kB
2022.12.20 22:29:09 INFO  Progress (4): 2.7 MB | 131/800 kB | 146 kB | 127/315 kB
2022.12.20 22:29:09 INFO  Progress (4): 2.7 MB | 131/800 kB | 146 kB | 131/315 kB
2022.12.20 22:29:09 INFO  Progress (4): 2.7 MB | 131/800 kB | 146 kB | 135/315 kB
2022.12.20 22:29:09 INFO  Progress (4): 2.7 MB | 131/800 kB | 146 kB | 139/315 kB
2022.12.20 22:29:09 INFO  Progress (4): 2.7 MB | 131/800 kB | 146 kB | 143/315 kB
2022.12.20 22:29:09 INFO  Progress (4): 2.7 MB | 131/800 kB | 146 kB | 147/315 kB
2022.12.20 22:29:09 INFO  Progress (4): 2.7 MB | 131/800 kB | 146 kB | 152/315 kB
2022.12.20 22:29:09 INFO  Progress (4): 2.7 MB | 131/800 kB | 146 kB | 156/315 kB
2022.12.20 22:29:09 INFO  Progress (4): 2.7 MB | 131/800 kB | 146 kB | 160/315 kB
2022.12.20 22:29:09 INFO  Progress (4): 2.7 MB | 131/800 kB | 146 kB | 164/315 kB
2022.12.20 22:29:09 INFO  Progress (4): 2.7 MB | 131/800 kB | 146 kB | 168/315 kB
2022.12.20 22:29:09 INFO  Progress (4): 2.7 MB | 131/800 kB | 146 kB | 172/315 kB
2022.12.20 22:29:09 INFO  Progress (4): 2.7 MB | 131/800 kB | 146 kB | 176/315 kB
2022.12.20 22:29:09 INFO  Progress (4): 2.7 MB | 131/800 kB | 146 kB | 180/315 kB
2022.12.20 22:29:09 INFO  Progress (4): 2.7 MB | 131/800 kB | 146 kB | 184/315 kB
2022.12.20 22:29:09 INFO  Progress (4): 2.7 MB | 131/800 kB | 146 kB | 188/315 kB
2022.12.20 22:29:09 INFO  Progress (4): 2.7 MB | 131/800 kB | 146 kB | 193/315 kB
2022.12.20 22:29:09 INFO  Progress (4): 2.7 MB | 131/800 kB | 146 kB | 197/315 kB
2022.12.20 22:29:09 INFO  Progress (4): 2.7 MB | 131/800 kB | 146 kB | 201/315 kB
2022.12.20 22:29:09 INFO  Progress (4): 2.7 MB | 131/800 kB | 146 kB | 205/315 kB
2022.12.20 22:29:09 INFO  Progress (4): 2.7 MB | 131/800 kB | 146 kB | 209/315 kB
2022.12.20 22:29:09 INFO  Progress (4): 2.7 MB | 135/800 kB | 146 kB | 209/315 kB
2022.12.20 22:29:09 INFO  Progress (4): 2.7 MB | 135/800 kB | 146 kB | 213/315 kB
2022.12.20 22:29:09 INFO  Progress (4): 2.7 MB | 139/800 kB | 146 kB | 213/315 kB
2022.12.20 22:29:09 INFO  Progress (4): 2.7 MB | 139/800 kB | 146 kB | 217/315 kB
2022.12.20 22:29:09 INFO  Progress (4): 2.7 MB | 143/800 kB | 146 kB | 217/315 kB
2022.12.20 22:29:09 INFO  Progress (4): 2.7 MB | 143/800 kB | 146 kB | 221/315 kB
2022.12.20 22:29:09 INFO  Progress (4): 2.7 MB | 147/800 kB | 146 kB | 221/315 kB
2022.12.20 22:29:09 INFO  Progress (4): 2.7 MB | 147/800 kB | 146 kB | 225/315 kB
2022.12.20 22:29:09 INFO  Progress (4): 2.7 MB | 147/800 kB | 146 kB | 229/315 kB
2022.12.20 22:29:09 INFO  Progress (4): 2.7 MB | 147/800 kB | 146 kB | 233/315 kB
2022.12.20 22:29:09 INFO  Progress (4): 2.7 MB | 147/800 kB | 146 kB | 238/315 kB
2022.12.20 22:29:09 INFO  Progress (4): 2.7 MB | 147/800 kB | 146 kB | 242/315 kB
2022.12.20 22:29:09 INFO  Progress (4): 2.7 MB | 147/800 kB | 146 kB | 246/315 kB
2022.12.20 22:29:09 INFO  Progress (4): 2.7 MB | 147/800 kB | 146 kB | 250/315 kB
2022.12.20 22:29:09 INFO  Progress (4): 2.7 MB | 147/800 kB | 146 kB | 254/315 kB
2022.12.20 22:29:09 INFO  Progress (4): 2.7 MB | 147/800 kB | 146 kB | 258/315 kB
2022.12.20 22:29:09 INFO  Progress (4): 2.7 MB | 147/800 kB | 146 kB | 262/315 kB
2022.12.20 22:29:09 INFO  Progress (4): 2.7 MB | 147/800 kB | 146 kB | 266/315 kB
2022.12.20 22:29:09 INFO  Progress (4): 2.7 MB | 147/800 kB | 146 kB | 270/315 kB
2022.12.20 22:29:09 INFO  Progress (4): 2.7 MB | 147/800 kB | 146 kB | 274/315 kB
2022.12.20 22:29:09 INFO  Progress (4): 2.7 MB | 147/800 kB | 146 kB | 279/315 kB
2022.12.20 22:29:09 INFO  Progress (4): 2.7 MB | 147/800 kB | 146 kB | 283/315 kB
2022.12.20 22:29:09 INFO  Progress (4): 2.7 MB | 147/800 kB | 146 kB | 287/315 kB
2022.12.20 22:29:09 INFO  Progress (4): 2.7 MB | 147/800 kB | 146 kB | 291/315 kB
2022.12.20 22:29:09 INFO  Progress (4): 2.7 MB | 147/800 kB | 146 kB | 295/315 kB
2022.12.20 22:29:09 INFO  Progress (4): 2.7 MB | 147/800 kB | 146 kB | 299/315 kB
2022.12.20 22:29:09 INFO  Progress (4): 2.7 MB | 147/800 kB | 146 kB | 303/315 kB
2022.12.20 22:29:09 INFO  Progress (4): 2.7 MB | 147/800 kB | 146 kB | 307/315 kB
2022.12.20 22:29:09 INFO  Progress (4): 2.7 MB | 147/800 kB | 146 kB | 311/315 kB
2022.12.20 22:29:09 INFO  Progress (4): 2.7 MB | 147/800 kB | 146 kB | 315 kB    
2022.12.20 22:29:09 INFO  Progress (4): 2.7 MB | 151/800 kB | 146 kB | 315 kB
2022.12.20 22:29:09 INFO  Progress (4): 2.7 MB | 155/800 kB | 146 kB | 315 kB
2022.12.20 22:29:09 INFO  Progress (4): 2.7 MB | 159/800 kB | 146 kB | 315 kB
2022.12.20 22:29:09 INFO  Progress (4): 2.7 MB | 163/800 kB | 146 kB | 315 kB
2022.12.20 22:29:09 INFO  Progress (5): 2.7 MB | 163/800 kB | 146 kB | 315 kB | 4.1/228 kB
2022.12.20 22:29:09 INFO  Progress (5): 2.7 MB | 163/800 kB | 146 kB | 315 kB | 8.2/228 kB
2022.12.20 22:29:09 INFO  Progress (5): 2.7 MB | 163/800 kB | 146 kB | 315 kB | 12/228 kB 
2022.12.20 22:29:09 INFO  Progress (5): 2.7 MB | 163/800 kB | 146 kB | 315 kB | 16/228 kB
2022.12.20 22:29:09 INFO  Progress (5): 2.7 MB | 163/800 kB | 146 kB | 315 kB | 20/228 kB
2022.12.20 22:29:09 INFO  Progress (5): 2.7 MB | 163/800 kB | 146 kB | 315 kB | 25/228 kB
2022.12.20 22:29:09 INFO  Progress (5): 2.7 MB | 163/800 kB | 146 kB | 315 kB | 29/228 kB
2022.12.20 22:29:09 INFO  Progress (5): 2.7 MB | 163/800 kB | 146 kB | 315 kB | 33/228 kB
2022.12.20 22:29:09 INFO  Progress (5): 2.7 MB | 163/800 kB | 146 kB | 315 kB | 37/228 kB
2022.12.20 22:29:09 INFO  Progress (5): 2.7 MB | 163/800 kB | 146 kB | 315 kB | 41/228 kB
2022.12.20 22:29:09 INFO  Progress (5): 2.7 MB | 163/800 kB | 146 kB | 315 kB | 45/228 kB
2022.12.20 22:29:09 INFO  Progress (5): 2.7 MB | 163/800 kB | 146 kB | 315 kB | 49/228 kB
2022.12.20 22:29:09 INFO  Progress (5): 2.7 MB | 163/800 kB | 146 kB | 315 kB | 53/228 kB
2022.12.20 22:29:09 INFO  Progress (5): 2.7 MB | 163/800 kB | 146 kB | 315 kB | 57/228 kB
2022.12.20 22:29:09 INFO  Progress (5): 2.7 MB | 163/800 kB | 146 kB | 315 kB | 61/228 kB
2022.12.20 22:29:09 INFO  Progress (5): 2.7 MB | 163/800 kB | 146 kB | 315 kB | 66/228 kB
2022.12.20 22:29:09 INFO  Progress (5): 2.7 MB | 163/800 kB | 146 kB | 315 kB | 70/228 kB
2022.12.20 22:29:09 INFO  Progress (5): 2.7 MB | 163/800 kB | 146 kB | 315 kB | 74/228 kB
2022.12.20 22:29:09 INFO  Progress (5): 2.7 MB | 163/800 kB | 146 kB | 315 kB | 78/228 kB
2022.12.20 22:29:09 INFO  Progress (5): 2.7 MB | 163/800 kB | 146 kB | 315 kB | 82/228 kB
2022.12.20 22:29:09 INFO  Progress (5): 2.7 MB | 163/800 kB | 146 kB | 315 kB | 86/228 kB
2022.12.20 22:29:09 INFO  Progress (5): 2.7 MB | 163/800 kB | 146 kB | 315 kB | 90/228 kB
2022.12.20 22:29:09 INFO  Progress (5): 2.7 MB | 163/800 kB | 146 kB | 315 kB | 94/228 kB
2022.12.20 22:29:09 INFO  Progress (5): 2.7 MB | 163/800 kB | 146 kB | 315 kB | 98/228 kB
2022.12.20 22:29:09 INFO  Progress (5): 2.7 MB | 167/800 kB | 146 kB | 315 kB | 98/228 kB
2022.12.20 22:29:09 INFO  Progress (5): 2.7 MB | 167/800 kB | 146 kB | 315 kB | 102/228 kB
2022.12.20 22:29:09 INFO  Progress (5): 2.7 MB | 171/800 kB | 146 kB | 315 kB | 102/228 kB
2022.12.20 22:29:09 INFO  Progress (5): 2.7 MB | 171/800 kB | 146 kB | 315 kB | 106/228 kB
2022.12.20 22:29:09 INFO  Progress (5): 2.7 MB | 176/800 kB | 146 kB | 315 kB | 106/228 kB
2022.12.20 22:29:09 INFO  Progress (5): 2.7 MB | 176/800 kB | 146 kB | 315 kB | 111/228 kB
2022.12.20 22:29:09 INFO  Progress (5): 2.7 MB | 180/800 kB | 146 kB | 315 kB | 111/228 kB
2022.12.20 22:29:09 INFO  Progress (5): 2.7 MB | 180/800 kB | 146 kB | 315 kB | 115/228 kB
2022.12.20 22:29:09 INFO  Progress (5): 2.7 MB | 180/800 kB | 146 kB | 315 kB | 119/228 kB
2022.12.20 22:29:09 INFO  Progress (5): 2.7 MB | 180/800 kB | 146 kB | 315 kB | 123/228 kB
2022.12.20 22:29:09 INFO  Progress (5): 2.7 MB | 180/800 kB | 146 kB | 315 kB | 127/228 kB
2022.12.20 22:29:09 INFO  Progress (5): 2.7 MB | 180/800 kB | 146 kB | 315 kB | 131/228 kB
2022.12.20 22:29:09 INFO  Progress (5): 2.7 MB | 180/800 kB | 146 kB | 315 kB | 135/228 kB
2022.12.20 22:29:09 INFO  Progress (5): 2.7 MB | 180/800 kB | 146 kB | 315 kB | 139/228 kB
2022.12.20 22:29:09 INFO  Progress (5): 2.7 MB | 180/800 kB | 146 kB | 315 kB | 143/228 kB
2022.12.20 22:29:09 INFO  Progress (5): 2.7 MB | 180/800 kB | 146 kB | 315 kB | 147/228 kB
2022.12.20 22:29:09 INFO  Progress (5): 2.7 MB | 180/800 kB | 146 kB | 315 kB | 152/228 kB
2022.12.20 22:29:09 INFO  Progress (5): 2.7 MB | 180/800 kB | 146 kB | 315 kB | 156/228 kB
2022.12.20 22:29:09 INFO  Progress (5): 2.7 MB | 180/800 kB | 146 kB | 315 kB | 160/228 kB
2022.12.20 22:29:09 INFO  Progress (5): 2.7 MB | 180/800 kB | 146 kB | 315 kB | 164/228 kB
2022.12.20 22:29:09 INFO  Progress (5): 2.7 MB | 180/800 kB | 146 kB | 315 kB | 168/228 kB
2022.12.20 22:29:09 INFO  Progress (5): 2.7 MB | 180/800 kB | 146 kB | 315 kB | 172/228 kB
2022.12.20 22:29:09 INFO  Progress (5): 2.7 MB | 180/800 kB | 146 kB | 315 kB | 176/228 kB
2022.12.20 22:29:09 INFO  Progress (5): 2.7 MB | 180/800 kB | 146 kB | 315 kB | 180/228 kB
2022.12.20 22:29:09 INFO  Progress (5): 2.7 MB | 180/800 kB | 146 kB | 315 kB | 184/228 kB
2022.12.20 22:29:09 INFO  Progress (5): 2.7 MB | 180/800 kB | 146 kB | 315 kB | 188/228 kB
2022.12.20 22:29:09 INFO  Progress (5): 2.7 MB | 180/800 kB | 146 kB | 315 kB | 193/228 kB
2022.12.20 22:29:09 INFO  Progress (5): 2.7 MB | 180/800 kB | 146 kB | 315 kB | 197/228 kB
2022.12.20 22:29:09 INFO  Progress (5): 2.7 MB | 180/800 kB | 146 kB | 315 kB | 201/228 kB
2022.12.20 22:29:09 INFO  Progress (5): 2.7 MB | 180/800 kB | 146 kB | 315 kB | 205/228 kB
2022.12.20 22:29:09 INFO  Progress (5): 2.7 MB | 180/800 kB | 146 kB | 315 kB | 209/228 kB
2022.12.20 22:29:09 INFO  Progress (5): 2.7 MB | 184/800 kB | 146 kB | 315 kB | 209/228 kB
2022.12.20 22:29:09 INFO  Progress (5): 2.7 MB | 184/800 kB | 146 kB | 315 kB | 213/228 kB
2022.12.20 22:29:09 INFO  Progress (5): 2.7 MB | 188/800 kB | 146 kB | 315 kB | 213/228 kB
2022.12.20 22:29:09 INFO  Progress (5): 2.7 MB | 188/800 kB | 146 kB | 315 kB | 217/228 kB
2022.12.20 22:29:09 INFO  Progress (5): 2.7 MB | 192/800 kB | 146 kB | 315 kB | 217/228 kB
2022.12.20 22:29:09 INFO  Progress (5): 2.7 MB | 192/800 kB | 146 kB | 315 kB | 221/228 kB
2022.12.20 22:29:09 INFO  Progress (5): 2.7 MB | 196/800 kB | 146 kB | 315 kB | 221/228 kB
2022.12.20 22:29:09 INFO  Progress (5): 2.7 MB | 196/800 kB | 146 kB | 315 kB | 225/228 kB
2022.12.20 22:29:09 INFO  Progress (5): 2.7 MB | 196/800 kB | 146 kB | 315 kB | 228 kB    
2022.12.20 22:29:09 INFO  Progress (5): 2.7 MB | 200/800 kB | 146 kB | 315 kB | 228 kB
2022.12.20 22:29:09 INFO  Progress (5): 2.7 MB | 204/800 kB | 146 kB | 315 kB | 228 kB
2022.12.20 22:29:09 INFO  Progress (5): 2.7 MB | 208/800 kB | 146 kB | 315 kB | 228 kB
2022.12.20 22:29:09 INFO  Progress (5): 2.7 MB | 212/800 kB | 146 kB | 315 kB | 228 kB
2022.12.20 22:29:09 INFO                                                              
2022.12.20 22:29:09 INFO  Downloaded from central: https://repo.maven.apache.org/maven2/net/java/dev/jna/jna-platform/5.5.0/jna-platform-5.5.0.jar (2.7 MB at 482 kB/s)
2022.12.20 22:29:09 INFO  Downloading from central: https://repo.maven.apache.org/maven2/org/jline/jline-terminal-jna/3.19.0/jline-terminal-jna-3.19.0.jar
2022.12.20 22:29:09 INFO  Progress (4): 217/800 kB | 146 kB | 315 kB | 228 kB
2022.12.20 22:29:09 INFO  Progress (4): 221/800 kB | 146 kB | 315 kB | 228 kB
2022.12.20 22:29:09 INFO  Progress (4): 225/800 kB | 146 kB | 315 kB | 228 kB
2022.12.20 22:29:09 INFO  Progress (4): 229/800 kB | 146 kB | 315 kB | 228 kB
2022.12.20 22:29:09 INFO  Progress (4): 233/800 kB | 146 kB | 315 kB | 228 kB
2022.12.20 22:29:09 INFO  Progress (4): 237/800 kB | 146 kB | 315 kB | 228 kB
2022.12.20 22:29:09 INFO  Progress (4): 241/800 kB | 146 kB | 315 kB | 228 kB
2022.12.20 22:29:09 INFO  Progress (4): 245/800 kB | 146 kB | 315 kB | 228 kB
2022.12.20 22:29:09 INFO  Progress (4): 249/800 kB | 146 kB | 315 kB | 228 kB
2022.12.20 22:29:09 INFO  Progress (4): 253/800 kB | 146 kB | 315 kB | 228 kB
2022.12.20 22:29:09 INFO  Progress (4): 258/800 kB | 146 kB | 315 kB | 228 kB
2022.12.20 22:29:09 INFO  Progress (4): 262/800 kB | 146 kB | 315 kB | 228 kB
2022.12.20 22:29:09 INFO  Progress (4): 266/800 kB | 146 kB | 315 kB | 228 kB
2022.12.20 22:29:09 INFO  Progress (4): 270/800 kB | 146 kB | 315 kB | 228 kB
2022.12.20 22:29:09 INFO  Progress (4): 274/800 kB | 146 kB | 315 kB | 228 kB
2022.12.20 22:29:09 INFO  Progress (4): 278/800 kB | 146 kB | 315 kB | 228 kB
2022.12.20 22:29:09 INFO                                                     
2022.12.20 22:29:09 INFO  Downloaded from central: https://repo.maven.apache.org/maven2/org/scala-sbt/jline/jline/2.14.7-sbt-a1b0ffbb8f64bb820f4f84a0c07a0c0964507493/jline-2.14.7-sbt-a1b0ffbb8f64bb820f4f84a0c07a0c0964507493.jar (146 kB at 26 kB/s)
2022.12.20 22:29:09 INFO  Downloading from central: https://repo.maven.apache.org/maven2/org/jline/jline-terminal-jansi/3.19.0/jline-terminal-jansi-3.19.0.jar
2022.12.20 22:29:09 INFO  Progress (3): 282/800 kB | 315 kB | 228 kB
2022.12.20 22:29:09 INFO  Progress (3): 286/800 kB | 315 kB | 228 kB
2022.12.20 22:29:09 INFO  Progress (3): 290/800 kB | 315 kB | 228 kB
2022.12.20 22:29:09 INFO  Progress (3): 294/800 kB | 315 kB | 228 kB
2022.12.20 22:29:09 INFO  Progress (3): 298/800 kB | 315 kB | 228 kB
2022.12.20 22:29:09 INFO  Progress (3): 303/800 kB | 315 kB | 228 kB
2022.12.20 22:29:09 INFO  Progress (3): 307/800 kB | 315 kB | 228 kB
2022.12.20 22:29:09 INFO  Progress (3): 311/800 kB | 315 kB | 228 kB
2022.12.20 22:29:09 INFO  Progress (3): 315/800 kB | 315 kB | 228 kB
2022.12.20 22:29:09 INFO  Progress (3): 319/800 kB | 315 kB | 228 kB
2022.12.20 22:29:09 INFO  Progress (3): 323/800 kB | 315 kB | 228 kB
2022.12.20 22:29:09 INFO  Progress (3): 327/800 kB | 315 kB | 228 kB
2022.12.20 22:29:09 INFO  Progress (3): 331/800 kB | 315 kB | 228 kB
2022.12.20 22:29:09 INFO  Progress (3): 335/800 kB | 315 kB | 228 kB
2022.12.20 22:29:09 INFO  Progress (3): 339/800 kB | 315 kB | 228 kB
2022.12.20 22:29:09 INFO  Progress (3): 344/800 kB | 315 kB | 228 kB
2022.12.20 22:29:09 INFO  Progress (3): 348/800 kB | 315 kB | 228 kB
2022.12.20 22:29:09 INFO  Progress (3): 352/800 kB | 315 kB | 228 kB
2022.12.20 22:29:09 INFO  Progress (3): 356/800 kB | 315 kB | 228 kB
2022.12.20 22:29:09 INFO  Progress (3): 360/800 kB | 315 kB | 228 kB
2022.12.20 22:29:09 INFO  Progress (3): 364/800 kB | 315 kB | 228 kB
2022.12.20 22:29:09 INFO  Progress (3): 368/800 kB | 315 kB | 228 kB
2022.12.20 22:29:09 INFO  Progress (3): 372/800 kB | 315 kB | 228 kB
2022.12.20 22:29:09 INFO  Progress (3): 376/800 kB | 315 kB | 228 kB
2022.12.20 22:29:09 INFO  Progress (3): 380/800 kB | 315 kB | 228 kB
2022.12.20 22:29:09 INFO  Progress (3): 384/800 kB | 315 kB | 228 kB
2022.12.20 22:29:09 INFO  Progress (3): 389/800 kB | 315 kB | 228 kB
2022.12.20 22:29:09 INFO  Progress (3): 393/800 kB | 315 kB | 228 kB
2022.12.20 22:29:09 INFO  Progress (3): 397/800 kB | 315 kB | 228 kB
2022.12.20 22:29:09 INFO  Progress (3): 401/800 kB | 315 kB | 228 kB
2022.12.20 22:29:09 INFO                                            
2022.12.20 22:29:09 INFO  Downloaded from central: https://repo.maven.apache.org/maven2/org/fusesource/jansi/jansi/2.1.0/jansi-2.1.0.jar (315 kB at 55 kB/s)
2022.12.20 22:29:09 INFO  Downloading from central: https://repo.maven.apache.org/maven2/org/apache/logging/log4j/log4j-api/2.11.2/log4j-api-2.11.2.jar
2022.12.20 22:29:09 INFO  Progress (2): 405/800 kB | 228 kB
2022.12.20 22:29:09 INFO  Progress (2): 409/800 kB | 228 kB
2022.12.20 22:29:09 INFO  Progress (2): 413/800 kB | 228 kB
2022.12.20 22:29:09 INFO  Progress (2): 417/800 kB | 228 kB
2022.12.20 22:29:09 INFO                                   
2022.12.20 22:29:09 INFO  Downloaded from central: https://repo.maven.apache.org/maven2/org/jline/jline-terminal/3.19.0/jline-terminal-3.19.0.jar (228 kB at 40 kB/s)
2022.12.20 22:29:09 INFO  Downloading from central: https://repo.maven.apache.org/maven2/org/apache/logging/log4j/log4j-core/2.11.2/log4j-core-2.11.2.jar
2022.12.20 22:29:09 INFO  Progress (1): 421/800 kB
2022.12.20 22:29:09 INFO  Progress (1): 425/800 kB
2022.12.20 22:29:09 INFO  Progress (1): 430/800 kB
2022.12.20 22:29:09 INFO  Progress (1): 434/800 kB
2022.12.20 22:29:09 INFO  Progress (1): 438/800 kB
2022.12.20 22:29:09 INFO  Progress (1): 442/800 kB
2022.12.20 22:29:09 INFO  Progress (1): 446/800 kB
2022.12.20 22:29:09 INFO  Progress (1): 450/800 kB
2022.12.20 22:29:09 INFO  Progress (2): 450/800 kB | 4.1/63 kB
2022.12.20 22:29:09 INFO  Progress (2): 450/800 kB | 8.2/63 kB
2022.12.20 22:29:09 INFO  Progress (2): 450/800 kB | 12/63 kB 
2022.12.20 22:29:09 INFO  Progress (2): 450/800 kB | 16/63 kB
2022.12.20 22:29:09 INFO  Progress (2): 450/800 kB | 20/63 kB
2022.12.20 22:29:09 INFO  Progress (2): 450/800 kB | 25/63 kB
2022.12.20 22:29:09 INFO  Progress (2): 450/800 kB | 29/63 kB
2022.12.20 22:29:09 INFO  Progress (2): 450/800 kB | 33/63 kB
2022.12.20 22:29:09 INFO  Progress (2): 454/800 kB | 33/63 kB
2022.12.20 22:29:09 INFO  Progress (2): 458/800 kB | 33/63 kB
2022.12.20 22:29:09 INFO  Progress (2): 462/800 kB | 33/63 kB
2022.12.20 22:29:09 INFO  Progress (2): 466/800 kB | 33/63 kB
2022.12.20 22:29:09 INFO  Progress (2): 466/800 kB | 37/63 kB
2022.12.20 22:29:09 INFO  Progress (2): 466/800 kB | 41/63 kB
2022.12.20 22:29:09 INFO  Progress (2): 466/800 kB | 45/63 kB
2022.12.20 22:29:09 INFO  Progress (2): 466/800 kB | 49/63 kB
2022.12.20 22:29:09 INFO  Progress (2): 466/800 kB | 53/63 kB
2022.12.20 22:29:09 INFO  Progress (2): 466/800 kB | 57/63 kB
2022.12.20 22:29:09 INFO  Progress (2): 466/800 kB | 61/63 kB
2022.12.20 22:29:09 INFO  Progress (2): 466/800 kB | 63 kB   
2022.12.20 22:29:09 INFO  Progress (2): 470/800 kB | 63 kB
2022.12.20 22:29:09 INFO  Progress (2): 475/800 kB | 63 kB
2022.12.20 22:29:09 INFO  Progress (2): 479/800 kB | 63 kB
2022.12.20 22:29:09 INFO  Progress (2): 483/800 kB | 63 kB
2022.12.20 22:29:09 INFO  Progress (2): 487/800 kB | 63 kB
2022.12.20 22:29:09 INFO  Progress (2): 491/800 kB | 63 kB
2022.12.20 22:29:09 INFO  Progress (2): 495/800 kB | 63 kB
2022.12.20 22:29:09 INFO  Progress (2): 499/800 kB | 63 kB
2022.12.20 22:29:09 INFO  Progress (2): 503/800 kB | 63 kB
2022.12.20 22:29:09 INFO  Progress (2): 507/800 kB | 63 kB
2022.12.20 22:29:09 INFO  Progress (2): 511/800 kB | 63 kB
2022.12.20 22:29:09 INFO  Progress (2): 516/800 kB | 63 kB
2022.12.20 22:29:09 INFO  Progress (2): 520/800 kB | 63 kB
2022.12.20 22:29:09 INFO  Progress (2): 524/800 kB | 63 kB
2022.12.20 22:29:09 INFO  Progress (2): 528/800 kB | 63 kB
2022.12.20 22:29:09 INFO  Progress (2): 532/800 kB | 63 kB
2022.12.20 22:29:09 INFO  Progress (2): 536/800 kB | 63 kB
2022.12.20 22:29:09 INFO  Progress (3): 536/800 kB | 63 kB | 4.1/40 kB
2022.12.20 22:29:09 INFO  Progress (3): 540/800 kB | 63 kB | 4.1/40 kB
2022.12.20 22:29:09 INFO  Progress (3): 544/800 kB | 63 kB | 4.1/40 kB
2022.12.20 22:29:09 INFO  Progress (3): 548/800 kB | 63 kB | 4.1/40 kB
2022.12.20 22:29:09 INFO  Progress (3): 548/800 kB | 63 kB | 8.2/40 kB
2022.12.20 22:29:09 INFO  Progress (3): 548/800 kB | 63 kB | 12/40 kB 
2022.12.20 22:29:09 INFO  Progress (3): 548/800 kB | 63 kB | 16/40 kB
2022.12.20 22:29:09 INFO  Progress (3): 548/800 kB | 63 kB | 20/40 kB
2022.12.20 22:29:09 INFO  Progress (3): 548/800 kB | 63 kB | 25/40 kB
2022.12.20 22:29:09 INFO  Progress (3): 548/800 kB | 63 kB | 29/40 kB
2022.12.20 22:29:09 INFO  Progress (3): 548/800 kB | 63 kB | 33/40 kB
2022.12.20 22:29:09 INFO  Progress (3): 548/800 kB | 63 kB | 37/40 kB
2022.12.20 22:29:09 INFO  Progress (3): 548/800 kB | 63 kB | 40 kB   
2022.12.20 22:29:09 INFO  Progress (3): 552/800 kB | 63 kB | 40 kB
2022.12.20 22:29:09 INFO  Progress (3): 557/800 kB | 63 kB | 40 kB
2022.12.20 22:29:09 INFO  Progress (3): 561/800 kB | 63 kB | 40 kB
2022.12.20 22:29:09 INFO  Progress (3): 565/800 kB | 63 kB | 40 kB
2022.12.20 22:29:09 INFO  Progress (3): 569/800 kB | 63 kB | 40 kB
2022.12.20 22:29:09 INFO  Progress (3): 573/800 kB | 63 kB | 40 kB
2022.12.20 22:29:09 INFO  Progress (3): 577/800 kB | 63 kB | 40 kB
2022.12.20 22:29:09 INFO  Progress (3): 581/800 kB | 63 kB | 40 kB
2022.12.20 22:29:09 INFO  Progress (3): 585/800 kB | 63 kB | 40 kB
2022.12.20 22:29:09 INFO  Progress (3): 589/800 kB | 63 kB | 40 kB
2022.12.20 22:29:09 INFO  Progress (3): 593/800 kB | 63 kB | 40 kB
2022.12.20 22:29:09 INFO  Progress (3): 597/800 kB | 63 kB | 40 kB
2022.12.20 22:29:09 INFO  Progress (3): 602/800 kB | 63 kB | 40 kB
2022.12.20 22:29:09 INFO  Progress (3): 606/800 kB | 63 kB | 40 kB
2022.12.20 22:29:09 INFO  Progress (3): 610/800 kB | 63 kB | 40 kB
2022.12.20 22:29:09 INFO  Progress (3): 614/800 kB | 63 kB | 40 kB
2022.12.20 22:29:09 INFO  Progress (3): 618/800 kB | 63 kB | 40 kB
2022.12.20 22:29:09 INFO  Progress (3): 622/800 kB | 63 kB | 40 kB
2022.12.20 22:29:09 INFO  Progress (3): 626/800 kB | 63 kB | 40 kB
2022.12.20 22:29:09 INFO  Progress (3): 630/800 kB | 63 kB | 40 kB
2022.12.20 22:29:09 INFO  Progress (3): 634/800 kB | 63 kB | 40 kB
2022.12.20 22:29:09 INFO  Progress (3): 638/800 kB | 63 kB | 40 kB
2022.12.20 22:29:09 INFO  Progress (3): 643/800 kB | 63 kB | 40 kB
2022.12.20 22:29:09 INFO  Progress (3): 647/800 kB | 63 kB | 40 kB
2022.12.20 22:29:09 INFO  Progress (3): 651/800 kB | 63 kB | 40 kB
2022.12.20 22:29:09 INFO  Progress (3): 655/800 kB | 63 kB | 40 kB
2022.12.20 22:29:09 INFO  Progress (3): 658/800 kB | 63 kB | 40 kB
2022.12.20 22:29:09 INFO  Progress (3): 662/800 kB | 63 kB | 40 kB
2022.12.20 22:29:09 INFO  Progress (3): 666/800 kB | 63 kB | 40 kB
2022.12.20 22:29:09 INFO  Progress (3): 670/800 kB | 63 kB | 40 kB
2022.12.20 22:29:09 INFO  Progress (3): 674/800 kB | 63 kB | 40 kB
2022.12.20 22:29:09 INFO  Progress (4): 674/800 kB | 63 kB | 40 kB | 4.1/266 kB
2022.12.20 22:29:09 INFO  Progress (4): 674/800 kB | 63 kB | 40 kB | 8.2/266 kB
2022.12.20 22:29:09 INFO  Progress (4): 674/800 kB | 63 kB | 40 kB | 12/266 kB 
2022.12.20 22:29:09 INFO  Progress (4): 674/800 kB | 63 kB | 40 kB | 16/266 kB
2022.12.20 22:29:09 INFO  Progress (4): 674/800 kB | 63 kB | 40 kB | 20/266 kB
2022.12.20 22:29:09 INFO  Progress (4): 674/800 kB | 63 kB | 40 kB | 25/266 kB
2022.12.20 22:29:09 INFO  Progress (4): 674/800 kB | 63 kB | 40 kB | 29/266 kB
2022.12.20 22:29:09 INFO  Progress (4): 674/800 kB | 63 kB | 40 kB | 33/266 kB
2022.12.20 22:29:09 INFO  Progress (4): 674/800 kB | 63 kB | 40 kB | 37/266 kB
2022.12.20 22:29:09 INFO  Progress (4): 674/800 kB | 63 kB | 40 kB | 41/266 kB
2022.12.20 22:29:09 INFO  Progress (4): 674/800 kB | 63 kB | 40 kB | 45/266 kB
2022.12.20 22:29:09 INFO  Progress (4): 674/800 kB | 63 kB | 40 kB | 49/266 kB
2022.12.20 22:29:09 INFO  Progress (4): 674/800 kB | 63 kB | 40 kB | 53/266 kB
2022.12.20 22:29:09 INFO  Progress (4): 674/800 kB | 63 kB | 40 kB | 57/266 kB
2022.12.20 22:29:09 INFO  Progress (4): 674/800 kB | 63 kB | 40 kB | 61/266 kB
2022.12.20 22:29:09 INFO  Progress (4): 674/800 kB | 63 kB | 40 kB | 66/266 kB
2022.12.20 22:29:09 INFO  Progress (4): 674/800 kB | 63 kB | 40 kB | 70/266 kB
2022.12.20 22:29:09 INFO  Progress (4): 674/800 kB | 63 kB | 40 kB | 74/266 kB
2022.12.20 22:29:09 INFO  Progress (4): 674/800 kB | 63 kB | 40 kB | 78/266 kB
2022.12.20 22:29:09 INFO  Progress (4): 674/800 kB | 63 kB | 40 kB | 82/266 kB
2022.12.20 22:29:09 INFO  Progress (4): 674/800 kB | 63 kB | 40 kB | 86/266 kB
2022.12.20 22:29:09 INFO  Progress (4): 674/800 kB | 63 kB | 40 kB | 90/266 kB
2022.12.20 22:29:09 INFO  Progress (4): 674/800 kB | 63 kB | 40 kB | 94/266 kB
2022.12.20 22:29:09 INFO  Progress (4): 674/800 kB | 63 kB | 40 kB | 98/266 kB
2022.12.20 22:29:09 INFO  Progress (4): 674/800 kB | 63 kB | 40 kB | 102/266 kB
2022.12.20 22:29:09 INFO  Progress (4): 674/800 kB | 63 kB | 40 kB | 106/266 kB
2022.12.20 22:29:09 INFO  Progress (4): 674/800 kB | 63 kB | 40 kB | 111/266 kB
2022.12.20 22:29:09 INFO  Progress (4): 674/800 kB | 63 kB | 40 kB | 115/266 kB
2022.12.20 22:29:09 INFO  Progress (4): 678/800 kB | 63 kB | 40 kB | 115/266 kB
2022.12.20 22:29:09 INFO  Progress (4): 678/800 kB | 63 kB | 40 kB | 119/266 kB
2022.12.20 22:29:09 INFO  Progress (4): 678/800 kB | 63 kB | 40 kB | 123/266 kB
2022.12.20 22:29:09 INFO  Progress (4): 682/800 kB | 63 kB | 40 kB | 123/266 kB
2022.12.20 22:29:09 INFO  Progress (4): 682/800 kB | 63 kB | 40 kB | 127/266 kB
2022.12.20 22:29:09 INFO  Progress (4): 686/800 kB | 63 kB | 40 kB | 127/266 kB
2022.12.20 22:29:09 INFO  Progress (4): 686/800 kB | 63 kB | 40 kB | 131/266 kB
2022.12.20 22:29:09 INFO  Progress (4): 691/800 kB | 63 kB | 40 kB | 131/266 kB
2022.12.20 22:29:09 INFO  Progress (4): 691/800 kB | 63 kB | 40 kB | 135/266 kB
2022.12.20 22:29:09 INFO  Progress (4): 691/800 kB | 63 kB | 40 kB | 139/266 kB
2022.12.20 22:29:09 INFO  Progress (4): 691/800 kB | 63 kB | 40 kB | 143/266 kB
2022.12.20 22:29:09 INFO  Progress (4): 691/800 kB | 63 kB | 40 kB | 147/266 kB
2022.12.20 22:29:09 INFO  Progress (4): 691/800 kB | 63 kB | 40 kB | 152/266 kB
2022.12.20 22:29:09 INFO  Progress (4): 691/800 kB | 63 kB | 40 kB | 156/266 kB
2022.12.20 22:29:09 INFO  Progress (4): 691/800 kB | 63 kB | 40 kB | 160/266 kB
2022.12.20 22:29:09 INFO  Progress (4): 691/800 kB | 63 kB | 40 kB | 164/266 kB
2022.12.20 22:29:09 INFO  Progress (4): 691/800 kB | 63 kB | 40 kB | 168/266 kB
2022.12.20 22:29:09 INFO  Progress (4): 691/800 kB | 63 kB | 40 kB | 172/266 kB
2022.12.20 22:29:09 INFO  Progress (4): 691/800 kB | 63 kB | 40 kB | 176/266 kB
2022.12.20 22:29:09 INFO  Progress (4): 691/800 kB | 63 kB | 40 kB | 180/266 kB
2022.12.20 22:29:09 INFO  Progress (4): 691/800 kB | 63 kB | 40 kB | 184/266 kB
2022.12.20 22:29:09 INFO  Progress (4): 691/800 kB | 63 kB | 40 kB | 188/266 kB
2022.12.20 22:29:09 INFO  Progress (4): 691/800 kB | 63 kB | 40 kB | 193/266 kB
2022.12.20 22:29:09 INFO  Progress (4): 691/800 kB | 63 kB | 40 kB | 197/266 kB
2022.12.20 22:29:09 INFO  Progress (4): 691/800 kB | 63 kB | 40 kB | 201/266 kB
2022.12.20 22:29:09 INFO  Progress (4): 691/800 kB | 63 kB | 40 kB | 205/266 kB
2022.12.20 22:29:09 INFO  Progress (4): 691/800 kB | 63 kB | 40 kB | 209/266 kB
2022.12.20 22:29:09 INFO  Progress (4): 691/800 kB | 63 kB | 40 kB | 213/266 kB
2022.12.20 22:29:09 INFO  Progress (4): 691/800 kB | 63 kB | 40 kB | 217/266 kB
2022.12.20 22:29:09 INFO  Progress (4): 691/800 kB | 63 kB | 40 kB | 221/266 kB
2022.12.20 22:29:09 INFO  Progress (4): 691/800 kB | 63 kB | 40 kB | 225/266 kB
2022.12.20 22:29:09 INFO  Progress (4): 695/800 kB | 63 kB | 40 kB | 225/266 kB
2022.12.20 22:29:09 INFO  Progress (4): 695/800 kB | 63 kB | 40 kB | 229/266 kB
2022.12.20 22:29:09 INFO  Progress (4): 699/800 kB | 63 kB | 40 kB | 229/266 kB
2022.12.20 22:29:09 INFO  Progress (4): 703/800 kB | 63 kB | 40 kB | 229/266 kB
2022.12.20 22:29:09 INFO  Progress (4): 707/800 kB | 63 kB | 40 kB | 229/266 kB
2022.12.20 22:29:09 INFO  Progress (4): 707/800 kB | 63 kB | 40 kB | 233/266 kB
2022.12.20 22:29:09 INFO  Progress (4): 707/800 kB | 63 kB | 40 kB | 238/266 kB
2022.12.20 22:29:09 INFO  Progress (4): 707/800 kB | 63 kB | 40 kB | 242/266 kB
2022.12.20 22:29:09 INFO  Progress (4): 707/800 kB | 63 kB | 40 kB | 246/266 kB
2022.12.20 22:29:09 INFO  Progress (4): 707/800 kB | 63 kB | 40 kB | 250/266 kB
2022.12.20 22:29:09 INFO  Progress (4): 707/800 kB | 63 kB | 40 kB | 254/266 kB
2022.12.20 22:29:09 INFO  Progress (4): 707/800 kB | 63 kB | 40 kB | 258/266 kB
2022.12.20 22:29:09 INFO  Progress (4): 707/800 kB | 63 kB | 40 kB | 262/266 kB
2022.12.20 22:29:09 INFO  Progress (4): 707/800 kB | 63 kB | 40 kB | 266/266 kB
2022.12.20 22:29:09 INFO  Progress (4): 707/800 kB | 63 kB | 40 kB | 266 kB    
2022.12.20 22:29:09 INFO  Progress (5): 707/800 kB | 63 kB | 40 kB | 266 kB | 0/1.6 MB
2022.12.20 22:29:09 INFO  Progress (5): 707/800 kB | 63 kB | 40 kB | 266 kB | 0/1.6 MB
2022.12.20 22:29:09 INFO  Progress (5): 707/800 kB | 63 kB | 40 kB | 266 kB | 0/1.6 MB
2022.12.20 22:29:09 INFO  Progress (5): 707/800 kB | 63 kB | 40 kB | 266 kB | 0/1.6 MB
2022.12.20 22:29:09 INFO  Progress (5): 707/800 kB | 63 kB | 40 kB | 266 kB | 0/1.6 MB
2022.12.20 22:29:09 INFO  Progress (5): 707/800 kB | 63 kB | 40 kB | 266 kB | 0/1.6 MB
2022.12.20 22:29:09 INFO  Progress (5): 707/800 kB | 63 kB | 40 kB | 266 kB | 0.1/1.6 MB
2022.12.20 22:29:09 INFO  Progress (5): 707/800 kB | 63 kB | 40 kB | 266 kB | 0.1/1.6 MB
2022.12.20 22:29:09 INFO  Progress (5): 707/800 kB | 63 kB | 40 kB | 266 kB | 0.1/1.6 MB
2022.12.20 22:29:09 INFO  Progress (5): 707/800 kB | 63 kB | 40 kB | 266 kB | 0.1/1.6 MB
2022.12.20 22:29:09 INFO  Progress (5): 707/800 kB | 63 kB | 40 kB | 266 kB | 0.1/1.6 MB
2022.12.20 22:29:09 INFO  Progress (5): 707/800 kB | 63 kB | 40 kB | 266 kB | 0.1/1.6 MB
2022.12.20 22:29:09 INFO  Progress (5): 707/800 kB | 63 kB | 40 kB | 266 kB | 0.1/1.6 MB
2022.12.20 22:29:09 INFO  Progress (5): 707/800 kB | 63 kB | 40 kB | 266 kB | 0.1/1.6 MB
2022.12.20 22:29:09 INFO  Progress (5): 711/800 kB | 63 kB | 40 kB | 266 kB | 0.1/1.6 MB
2022.12.20 22:29:09 INFO  Progress (5): 711/800 kB | 63 kB | 40 kB | 266 kB | 0.1/1.6 MB
2022.12.20 22:29:09 INFO  Progress (5): 715/800 kB | 63 kB | 40 kB | 266 kB | 0.1/1.6 MB
2022.12.20 22:29:09 INFO  Progress (5): 715/800 kB | 63 kB | 40 kB | 266 kB | 0.1/1.6 MB
2022.12.20 22:29:09 INFO  Progress (5): 719/800 kB | 63 kB | 40 kB | 266 kB | 0.1/1.6 MB
2022.12.20 22:29:09 INFO  Progress (5): 719/800 kB | 63 kB | 40 kB | 266 kB | 0.1/1.6 MB
2022.12.20 22:29:09 INFO  Progress (5): 723/800 kB | 63 kB | 40 kB | 266 kB | 0.1/1.6 MB
2022.12.20 22:29:09 INFO  Progress (5): 723/800 kB | 63 kB | 40 kB | 266 kB | 0.1/1.6 MB
2022.12.20 22:29:09 INFO  Progress (5): 723/800 kB | 63 kB | 40 kB | 266 kB | 0.2/1.6 MB
2022.12.20 22:29:09 INFO  Progress (5): 723/800 kB | 63 kB | 40 kB | 266 kB | 0.2/1.6 MB
2022.12.20 22:29:09 INFO  Progress (5): 723/800 kB | 63 kB | 40 kB | 266 kB | 0.2/1.6 MB
2022.12.20 22:29:09 INFO  Progress (5): 723/800 kB | 63 kB | 40 kB | 266 kB | 0.2/1.6 MB
2022.12.20 22:29:09 INFO  Progress (5): 723/800 kB | 63 kB | 40 kB | 266 kB | 0.2/1.6 MB
2022.12.20 22:29:09 INFO  Progress (5): 723/800 kB | 63 kB | 40 kB | 266 kB | 0.2/1.6 MB
2022.12.20 22:29:09 INFO  Progress (5): 723/800 kB | 63 kB | 40 kB | 266 kB | 0.2/1.6 MB
2022.12.20 22:29:09 INFO  Progress (5): 723/800 kB | 63 kB | 40 kB | 266 kB | 0.2/1.6 MB
2022.12.20 22:29:09 INFO  Progress (5): 723/800 kB | 63 kB | 40 kB | 266 kB | 0.2/1.6 MB
2022.12.20 22:29:09 INFO  Progress (5): 723/800 kB | 63 kB | 40 kB | 266 kB | 0.2/1.6 MB
2022.12.20 22:29:09 INFO  Progress (5): 723/800 kB | 63 kB | 40 kB | 266 kB | 0.2/1.6 MB
2022.12.20 22:29:09 INFO  Progress (5): 723/800 kB | 63 kB | 40 kB | 266 kB | 0.2/1.6 MB
2022.12.20 22:29:09 INFO                                                                
2022.12.20 22:29:09 INFO  Downloaded from central: https://repo.maven.apache.org/maven2/org/jline/jline-terminal-jna/3.19.0/jline-terminal-jna-3.19.0.jar (63 kB at 11 kB/s)
2022.12.20 22:29:09 INFO  Downloading from central: https://repo.maven.apache.org/maven2/com/lmax/disruptor/3.4.2/disruptor-3.4.2.jar
2022.12.20 22:29:09 INFO  Progress (4): 727/800 kB | 40 kB | 266 kB | 0.2/1.6 MB
2022.12.20 22:29:09 INFO  Progress (4): 727/800 kB | 40 kB | 266 kB | 0.3/1.6 MB
2022.12.20 22:29:09 INFO  Progress (4): 732/800 kB | 40 kB | 266 kB | 0.3/1.6 MB
2022.12.20 22:29:09 INFO  Progress (4): 732/800 kB | 40 kB | 266 kB | 0.3/1.6 MB
2022.12.20 22:29:09 INFO  Progress (4): 732/800 kB | 40 kB | 266 kB | 0.3/1.6 MB
2022.12.20 22:29:09 INFO  Progress (4): 736/800 kB | 40 kB | 266 kB | 0.3/1.6 MB
2022.12.20 22:29:09 INFO  Progress (4): 736/800 kB | 40 kB | 266 kB | 0.3/1.6 MB
2022.12.20 22:29:09 INFO  Progress (4): 740/800 kB | 40 kB | 266 kB | 0.3/1.6 MB
2022.12.20 22:29:09 INFO  Progress (4): 740/800 kB | 40 kB | 266 kB | 0.3/1.6 MB
2022.12.20 22:29:09 INFO  Progress (4): 740/800 kB | 40 kB | 266 kB | 0.3/1.6 MB
2022.12.20 22:29:09 INFO  Progress (4): 740/800 kB | 40 kB | 266 kB | 0.3/1.6 MB
2022.12.20 22:29:09 INFO  Progress (4): 740/800 kB | 40 kB | 266 kB | 0.3/1.6 MB
2022.12.20 22:29:09 INFO  Progress (4): 740/800 kB | 40 kB | 266 kB | 0.3/1.6 MB
2022.12.20 22:29:09 INFO  Progress (4): 740/800 kB | 40 kB | 266 kB | 0.3/1.6 MB
2022.12.20 22:29:09 INFO  Progress (4): 740/800 kB | 40 kB | 266 kB | 0.3/1.6 MB
2022.12.20 22:29:09 INFO  Progress (4): 740/800 kB | 40 kB | 266 kB | 0.3/1.6 MB
2022.12.20 22:29:09 INFO  Progress (4): 740/800 kB | 40 kB | 266 kB | 0.4/1.6 MB
2022.12.20 22:29:09 INFO  Progress (4): 740/800 kB | 40 kB | 266 kB | 0.4/1.6 MB
2022.12.20 22:29:09 INFO  Progress (4): 740/800 kB | 40 kB | 266 kB | 0.4/1.6 MB
2022.12.20 22:29:09 INFO  Progress (4): 740/800 kB | 40 kB | 266 kB | 0.4/1.6 MB
2022.12.20 22:29:09 INFO  Progress (4): 740/800 kB | 40 kB | 266 kB | 0.4/1.6 MB
2022.12.20 22:29:09 INFO  Progress (4): 740/800 kB | 40 kB | 266 kB | 0.4/1.6 MB
2022.12.20 22:29:09 INFO  Progress (4): 740/800 kB | 40 kB | 266 kB | 0.4/1.6 MB
2022.12.20 22:29:09 INFO  Progress (4): 740/800 kB | 40 kB | 266 kB | 0.4/1.6 MB
2022.12.20 22:29:09 INFO  Progress (4): 740/800 kB | 40 kB | 266 kB | 0.4/1.6 MB
2022.12.20 22:29:09 INFO  Progress (4): 740/800 kB | 40 kB | 266 kB | 0.4/1.6 MB
2022.12.20 22:29:09 INFO  Progress (4): 740/800 kB | 40 kB | 266 kB | 0.4/1.6 MB
2022.12.20 22:29:09 INFO  Progress (4): 740/800 kB | 40 kB | 266 kB | 0.4/1.6 MB
2022.12.20 22:29:09 INFO  Progress (4): 740/800 kB | 40 kB | 266 kB | 0.5/1.6 MB
2022.12.20 22:29:09 INFO  Progress (4): 744/800 kB | 40 kB | 266 kB | 0.5/1.6 MB
2022.12.20 22:29:09 INFO  Progress (4): 744/800 kB | 40 kB | 266 kB | 0.5/1.6 MB
2022.12.20 22:29:09 INFO  Progress (4): 748/800 kB | 40 kB | 266 kB | 0.5/1.6 MB
2022.12.20 22:29:09 INFO  Progress (4): 748/800 kB | 40 kB | 266 kB | 0.5/1.6 MB
2022.12.20 22:29:09 INFO  Progress (4): 752/800 kB | 40 kB | 266 kB | 0.5/1.6 MB
2022.12.20 22:29:09 INFO  Progress (4): 752/800 kB | 40 kB | 266 kB | 0.5/1.6 MB
2022.12.20 22:29:09 INFO  Progress (4): 756/800 kB | 40 kB | 266 kB | 0.5/1.6 MB
2022.12.20 22:29:09 INFO  Progress (4): 756/800 kB | 40 kB | 266 kB | 0.5/1.6 MB
2022.12.20 22:29:09 INFO  Progress (4): 756/800 kB | 40 kB | 266 kB | 0.5/1.6 MB
2022.12.20 22:29:09 INFO  Progress (4): 756/800 kB | 40 kB | 266 kB | 0.5/1.6 MB
2022.12.20 22:29:09 INFO  Progress (4): 756/800 kB | 40 kB | 266 kB | 0.5/1.6 MB
2022.12.20 22:29:09 INFO  Progress (4): 756/800 kB | 40 kB | 266 kB | 0.5/1.6 MB
2022.12.20 22:29:09 INFO  Progress (4): 756/800 kB | 40 kB | 266 kB | 0.5/1.6 MB
2022.12.20 22:29:09 INFO  Progress (4): 756/800 kB | 40 kB | 266 kB | 0.5/1.6 MB
2022.12.20 22:29:09 INFO  Progress (4): 756/800 kB | 40 kB | 266 kB | 0.5/1.6 MB
2022.12.20 22:29:09 INFO  Progress (4): 756/800 kB | 40 kB | 266 kB | 0.6/1.6 MB
2022.12.20 22:29:09 INFO  Progress (4): 756/800 kB | 40 kB | 266 kB | 0.6/1.6 MB
2022.12.20 22:29:09 INFO  Progress (4): 756/800 kB | 40 kB | 266 kB | 0.6/1.6 MB
2022.12.20 22:29:09 INFO  Progress (4): 756/800 kB | 40 kB | 266 kB | 0.6/1.6 MB
2022.12.20 22:29:09 INFO  Progress (4): 756/800 kB | 40 kB | 266 kB | 0.6/1.6 MB
2022.12.20 22:29:09 INFO  Progress (4): 756/800 kB | 40 kB | 266 kB | 0.6/1.6 MB
2022.12.20 22:29:09 INFO  Progress (4): 756/800 kB | 40 kB | 266 kB | 0.6/1.6 MB
2022.12.20 22:29:09 INFO  Progress (4): 756/800 kB | 40 kB | 266 kB | 0.6/1.6 MB
2022.12.20 22:29:09 INFO  Progress (4): 756/800 kB | 40 kB | 266 kB | 0.6/1.6 MB
2022.12.20 22:29:09 INFO  Progress (4): 756/800 kB | 40 kB | 266 kB | 0.6/1.6 MB
2022.12.20 22:29:09 INFO  Progress (4): 756/800 kB | 40 kB | 266 kB | 0.6/1.6 MB
2022.12.20 22:29:09 INFO  Progress (4): 756/800 kB | 40 kB | 266 kB | 0.6/1.6 MB
2022.12.20 22:29:09 INFO  Progress (4): 756/800 kB | 40 kB | 266 kB | 0.6/1.6 MB
2022.12.20 22:29:09 INFO  Progress (4): 756/800 kB | 40 kB | 266 kB | 0.7/1.6 MB
2022.12.20 22:29:09 INFO  Progress (4): 756/800 kB | 40 kB | 266 kB | 0.7/1.6 MB
2022.12.20 22:29:09 INFO  Progress (4): 756/800 kB | 40 kB | 266 kB | 0.7/1.6 MB
2022.12.20 22:29:09 INFO  Progress (4): 756/800 kB | 40 kB | 266 kB | 0.7/1.6 MB
2022.12.20 22:29:09 INFO  Progress (4): 756/800 kB | 40 kB | 266 kB | 0.7/1.6 MB
2022.12.20 22:29:09 INFO  Progress (4): 756/800 kB | 40 kB | 266 kB | 0.7/1.6 MB
2022.12.20 22:29:09 INFO  Progress (4): 756/800 kB | 40 kB | 266 kB | 0.7/1.6 MB
2022.12.20 22:29:09 INFO  Progress (4): 756/800 kB | 40 kB | 266 kB | 0.7/1.6 MB
2022.12.20 22:29:09 INFO  Progress (4): 756/800 kB | 40 kB | 266 kB | 0.7/1.6 MB
2022.12.20 22:29:09 INFO  Progress (4): 756/800 kB | 40 kB | 266 kB | 0.7/1.6 MB
2022.12.20 22:29:09 INFO  Progress (4): 756/800 kB | 40 kB | 266 kB | 0.7/1.6 MB
2022.12.20 22:29:09 INFO  Progress (4): 756/800 kB | 40 kB | 266 kB | 0.7/1.6 MB
2022.12.20 22:29:09 INFO  Progress (4): 756/800 kB | 40 kB | 266 kB | 0.8/1.6 MB
2022.12.20 22:29:09 INFO  Progress (4): 756/800 kB | 40 kB | 266 kB | 0.8/1.6 MB
2022.12.20 22:29:09 INFO  Progress (4): 756/800 kB | 40 kB | 266 kB | 0.8/1.6 MB
2022.12.20 22:29:09 INFO  Progress (4): 760/800 kB | 40 kB | 266 kB | 0.8/1.6 MB
2022.12.20 22:29:09 INFO  Progress (4): 760/800 kB | 40 kB | 266 kB | 0.8/1.6 MB
2022.12.20 22:29:09 INFO  Progress (4): 764/800 kB | 40 kB | 266 kB | 0.8/1.6 MB
2022.12.20 22:29:09 INFO  Progress (4): 764/800 kB | 40 kB | 266 kB | 0.8/1.6 MB
2022.12.20 22:29:09 INFO  Progress (4): 768/800 kB | 40 kB | 266 kB | 0.8/1.6 MB
2022.12.20 22:29:09 INFO  Progress (4): 768/800 kB | 40 kB | 266 kB | 0.8/1.6 MB
2022.12.20 22:29:09 INFO  Progress (4): 772/800 kB | 40 kB | 266 kB | 0.8/1.6 MB
2022.12.20 22:29:09 INFO  Progress (4): 777/800 kB | 40 kB | 266 kB | 0.8/1.6 MB
2022.12.20 22:29:09 INFO  Progress (4): 777/800 kB | 40 kB | 266 kB | 0.8/1.6 MB
2022.12.20 22:29:09 INFO  Progress (4): 781/800 kB | 40 kB | 266 kB | 0.8/1.6 MB
2022.12.20 22:29:09 INFO  Progress (4): 785/800 kB | 40 kB | 266 kB | 0.8/1.6 MB
2022.12.20 22:29:09 INFO  Progress (4): 785/800 kB | 40 kB | 266 kB | 0.8/1.6 MB
2022.12.20 22:29:09 INFO  Progress (4): 789/800 kB | 40 kB | 266 kB | 0.8/1.6 MB
2022.12.20 22:29:09 INFO  Progress (4): 789/800 kB | 40 kB | 266 kB | 0.8/1.6 MB
2022.12.20 22:29:09 INFO  Progress (4): 789/800 kB | 40 kB | 266 kB | 0.8/1.6 MB
2022.12.20 22:29:09 INFO  Progress (4): 793/800 kB | 40 kB | 266 kB | 0.8/1.6 MB
2022.12.20 22:29:09 INFO  Progress (4): 793/800 kB | 40 kB | 266 kB | 0.8/1.6 MB
2022.12.20 22:29:09 INFO  Progress (4): 797/800 kB | 40 kB | 266 kB | 0.8/1.6 MB
2022.12.20 22:29:09 INFO  Progress (4): 797/800 kB | 40 kB | 266 kB | 0.8/1.6 MB
2022.12.20 22:29:09 INFO  Progress (4): 800 kB | 40 kB | 266 kB | 0.8/1.6 MB    
2022.12.20 22:29:09 INFO  Progress (4): 800 kB | 40 kB | 266 kB | 0.9/1.6 MB
2022.12.20 22:29:09 INFO  Progress (4): 800 kB | 40 kB | 266 kB | 0.9/1.6 MB
2022.12.20 22:29:09 INFO  Progress (4): 800 kB | 40 kB | 266 kB | 0.9/1.6 MB
2022.12.20 22:29:09 INFO  Progress (4): 800 kB | 40 kB | 266 kB | 0.9/1.6 MB
2022.12.20 22:29:09 INFO  Progress (4): 800 kB | 40 kB | 266 kB | 0.9/1.6 MB
2022.12.20 22:29:09 INFO  Progress (4): 800 kB | 40 kB | 266 kB | 0.9/1.6 MB
2022.12.20 22:29:09 INFO  Progress (4): 800 kB | 40 kB | 266 kB | 0.9/1.6 MB
2022.12.20 22:29:09 INFO  Progress (4): 800 kB | 40 kB | 266 kB | 0.9/1.6 MB
2022.12.20 22:29:09 INFO  Progress (4): 800 kB | 40 kB | 266 kB | 0.9/1.6 MB
2022.12.20 22:29:09 INFO  Progress (4): 800 kB | 40 kB | 266 kB | 0.9/1.6 MB
2022.12.20 22:29:09 INFO  Progress (4): 800 kB | 40 kB | 266 kB | 0.9/1.6 MB
2022.12.20 22:29:09 INFO  Progress (4): 800 kB | 40 kB | 266 kB | 0.9/1.6 MB
2022.12.20 22:29:09 INFO  Progress (4): 800 kB | 40 kB | 266 kB | 1.0/1.6 MB
2022.12.20 22:29:09 INFO  Progress (4): 800 kB | 40 kB | 266 kB | 1.0/1.6 MB
2022.12.20 22:29:09 INFO  Progress (4): 800 kB | 40 kB | 266 kB | 1.0/1.6 MB
2022.12.20 22:29:09 INFO  Progress (4): 800 kB | 40 kB | 266 kB | 1.0/1.6 MB
2022.12.20 22:29:09 INFO  Progress (4): 800 kB | 40 kB | 266 kB | 1.0/1.6 MB
2022.12.20 22:29:09 INFO  Progress (4): 800 kB | 40 kB | 266 kB | 1.0/1.6 MB
2022.12.20 22:29:09 INFO  Progress (4): 800 kB | 40 kB | 266 kB | 1.0/1.6 MB
2022.12.20 22:29:09 INFO  Progress (4): 800 kB | 40 kB | 266 kB | 1.0/1.6 MB
2022.12.20 22:29:09 INFO  Progress (4): 800 kB | 40 kB | 266 kB | 1.0/1.6 MB
2022.12.20 22:29:09 INFO  Progress (4): 800 kB | 40 kB | 266 kB | 1.0/1.6 MB
2022.12.20 22:29:09 INFO  Progress (4): 800 kB | 40 kB | 266 kB | 1.0/1.6 MB
2022.12.20 22:29:09 INFO  Progress (4): 800 kB | 40 kB | 266 kB | 1.0/1.6 MB
2022.12.20 22:29:09 INFO  Progress (4): 800 kB | 40 kB | 266 kB | 1.1/1.6 MB
2022.12.20 22:29:09 INFO  Progress (4): 800 kB | 40 kB | 266 kB | 1.1/1.6 MB
2022.12.20 22:29:09 INFO  Progress (4): 800 kB | 40 kB | 266 kB | 1.1/1.6 MB
2022.12.20 22:29:09 INFO  Progress (4): 800 kB | 40 kB | 266 kB | 1.1/1.6 MB
2022.12.20 22:29:09 INFO  Progress (4): 800 kB | 40 kB | 266 kB | 1.1/1.6 MB
2022.12.20 22:29:09 INFO  Progress (4): 800 kB | 40 kB | 266 kB | 1.1/1.6 MB
2022.12.20 22:29:09 INFO  Progress (4): 800 kB | 40 kB | 266 kB | 1.1/1.6 MB
2022.12.20 22:29:09 INFO  Progress (4): 800 kB | 40 kB | 266 kB | 1.1/1.6 MB
2022.12.20 22:29:09 INFO  Progress (4): 800 kB | 40 kB | 266 kB | 1.1/1.6 MB
2022.12.20 22:29:09 INFO  Progress (4): 800 kB | 40 kB | 266 kB | 1.1/1.6 MB
2022.12.20 22:29:09 INFO  Progress (4): 800 kB | 40 kB | 266 kB | 1.1/1.6 MB
2022.12.20 22:29:09 INFO  Progress (4): 800 kB | 40 kB | 266 kB | 1.1/1.6 MB
2022.12.20 22:29:09 INFO  Progress (4): 800 kB | 40 kB | 266 kB | 1.2/1.6 MB
2022.12.20 22:29:09 INFO  Progress (4): 800 kB | 40 kB | 266 kB | 1.2/1.6 MB
2022.12.20 22:29:09 INFO  Progress (4): 800 kB | 40 kB | 266 kB | 1.2/1.6 MB
2022.12.20 22:29:09 INFO  Progress (4): 800 kB | 40 kB | 266 kB | 1.2/1.6 MB
2022.12.20 22:29:09 INFO  Progress (4): 800 kB | 40 kB | 266 kB | 1.2/1.6 MB
2022.12.20 22:29:09 INFO  Progress (4): 800 kB | 40 kB | 266 kB | 1.2/1.6 MB
2022.12.20 22:29:09 INFO  Progress (4): 800 kB | 40 kB | 266 kB | 1.2/1.6 MB
2022.12.20 22:29:09 INFO  Progress (4): 800 kB | 40 kB | 266 kB | 1.2/1.6 MB
2022.12.20 22:29:09 INFO  Progress (4): 800 kB | 40 kB | 266 kB | 1.2/1.6 MB
2022.12.20 22:29:09 INFO  Progress (4): 800 kB | 40 kB | 266 kB | 1.2/1.6 MB
2022.12.20 22:29:09 INFO  Progress (4): 800 kB | 40 kB | 266 kB | 1.2/1.6 MB
2022.12.20 22:29:09 INFO  Progress (4): 800 kB | 40 kB | 266 kB | 1.2/1.6 MB
2022.12.20 22:29:09 INFO  Progress (4): 800 kB | 40 kB | 266 kB | 1.3/1.6 MB
2022.12.20 22:29:09 INFO                                                    
2022.12.20 22:29:09 INFO  Downloaded from central: https://repo.maven.apache.org/maven2/org/jline/jline-terminal-jansi/3.19.0/jline-terminal-jansi-3.19.0.jar (40 kB at 6.7 kB/s)
2022.12.20 22:29:09 INFO  Downloading from central: https://repo.maven.apache.org/maven2/com/eed3si9n/sjson-new-scalajson_2.13/0.9.1/sjson-new-scalajson_2.13-0.9.1.jar
2022.12.20 22:29:09 INFO  Progress (3): 800 kB | 266 kB | 1.3/1.6 MB
2022.12.20 22:29:09 INFO  Progress (3): 800 kB | 266 kB | 1.3/1.6 MB
2022.12.20 22:29:09 INFO  Progress (3): 800 kB | 266 kB | 1.3/1.6 MB
2022.12.20 22:29:09 INFO  Progress (3): 800 kB | 266 kB | 1.3/1.6 MB
2022.12.20 22:29:09 INFO  Progress (3): 800 kB | 266 kB | 1.3/1.6 MB
2022.12.20 22:29:09 INFO  Progress (3): 800 kB | 266 kB | 1.3/1.6 MB
2022.12.20 22:29:09 INFO  Progress (3): 800 kB | 266 kB | 1.3/1.6 MB
2022.12.20 22:29:09 INFO  Progress (3): 800 kB | 266 kB | 1.3/1.6 MB
2022.12.20 22:29:09 INFO  Progress (3): 800 kB | 266 kB | 1.3/1.6 MB
2022.12.20 22:29:09 INFO  Progress (3): 800 kB | 266 kB | 1.3/1.6 MB
2022.12.20 22:29:09 INFO  Progress (3): 800 kB | 266 kB | 1.3/1.6 MB
2022.12.20 22:29:09 INFO  Progress (3): 800 kB | 266 kB | 1.3/1.6 MB
2022.12.20 22:29:09 INFO  Progress (3): 800 kB | 266 kB | 1.4/1.6 MB
2022.12.20 22:29:09 INFO  Progress (3): 800 kB | 266 kB | 1.4/1.6 MB
2022.12.20 22:29:09 INFO  Progress (3): 800 kB | 266 kB | 1.4/1.6 MB
2022.12.20 22:29:09 INFO  Progress (3): 800 kB | 266 kB | 1.4/1.6 MB
2022.12.20 22:29:09 INFO  Progress (3): 800 kB | 266 kB | 1.4/1.6 MB
2022.12.20 22:29:09 INFO  Progress (3): 800 kB | 266 kB | 1.4/1.6 MB
2022.12.20 22:29:09 INFO  Progress (3): 800 kB | 266 kB | 1.4/1.6 MB
2022.12.20 22:29:09 INFO  Progress (3): 800 kB | 266 kB | 1.4/1.6 MB
2022.12.20 22:29:09 INFO  Progress (3): 800 kB | 266 kB | 1.4/1.6 MB
2022.12.20 22:29:09 INFO  Progress (3): 800 kB | 266 kB | 1.4/1.6 MB
2022.12.20 22:29:09 INFO  Progress (3): 800 kB | 266 kB | 1.4/1.6 MB
2022.12.20 22:29:09 INFO  Progress (3): 800 kB | 266 kB | 1.5/1.6 MB
2022.12.20 22:29:09 INFO  Progress (3): 800 kB | 266 kB | 1.5/1.6 MB
2022.12.20 22:29:09 INFO  Progress (3): 800 kB | 266 kB | 1.5/1.6 MB
2022.12.20 22:29:09 INFO  Progress (3): 800 kB | 266 kB | 1.5/1.6 MB
2022.12.20 22:29:09 INFO  Progress (3): 800 kB | 266 kB | 1.5/1.6 MB
2022.12.20 22:29:09 INFO  Progress (3): 800 kB | 266 kB | 1.5/1.6 MB
2022.12.20 22:29:09 INFO  Progress (3): 800 kB | 266 kB | 1.5/1.6 MB
2022.12.20 22:29:09 INFO  Progress (3): 800 kB | 266 kB | 1.5/1.6 MB
2022.12.20 22:29:09 INFO  Progress (3): 800 kB | 266 kB | 1.5/1.6 MB
2022.12.20 22:29:09 INFO  Progress (3): 800 kB | 266 kB | 1.5/1.6 MB
2022.12.20 22:29:09 INFO  Progress (3): 800 kB | 266 kB | 1.5/1.6 MB
2022.12.20 22:29:09 INFO  Progress (3): 800 kB | 266 kB | 1.5/1.6 MB
2022.12.20 22:29:09 INFO  Progress (3): 800 kB | 266 kB | 1.5/1.6 MB
2022.12.20 22:29:09 INFO  Progress (3): 800 kB | 266 kB | 1.6/1.6 MB
2022.12.20 22:29:09 INFO  Progress (3): 800 kB | 266 kB | 1.6/1.6 MB
2022.12.20 22:29:09 INFO  Progress (3): 800 kB | 266 kB | 1.6/1.6 MB
2022.12.20 22:29:09 INFO  Progress (3): 800 kB | 266 kB | 1.6/1.6 MB
2022.12.20 22:29:09 INFO  Progress (3): 800 kB | 266 kB | 1.6/1.6 MB
2022.12.20 22:29:09 INFO  Progress (3): 800 kB | 266 kB | 1.6/1.6 MB
2022.12.20 22:29:09 INFO  Progress (3): 800 kB | 266 kB | 1.6/1.6 MB
2022.12.20 22:29:09 INFO  Progress (3): 800 kB | 266 kB | 1.6/1.6 MB
2022.12.20 22:29:09 INFO  Progress (3): 800 kB | 266 kB | 1.6/1.6 MB
2022.12.20 22:29:09 INFO  Progress (3): 800 kB | 266 kB | 1.6 MB    
2022.12.20 22:29:09 INFO                                        
2022.12.20 22:29:09 INFO  Downloaded from central: https://repo.maven.apache.org/maven2/org/apache/logging/log4j/log4j-api/2.11.2/log4j-api-2.11.2.jar (266 kB at 44 kB/s)
2022.12.20 22:29:09 INFO  Downloading from central: https://repo.maven.apache.org/maven2/com/eed3si9n/shaded-jawn-parser_2.13/0.9.1/shaded-jawn-parser_2.13-0.9.1.jar
2022.12.20 22:29:09 INFO  Progress (3): 800 kB | 1.6 MB | 4.1/83 kB
2022.12.20 22:29:09 INFO  Progress (3): 800 kB | 1.6 MB | 8.2/83 kB
2022.12.20 22:29:09 INFO  Progress (3): 800 kB | 1.6 MB | 12/83 kB 
2022.12.20 22:29:09 INFO  Progress (3): 800 kB | 1.6 MB | 16/83 kB
2022.12.20 22:29:09 INFO  Progress (3): 800 kB | 1.6 MB | 20/83 kB
2022.12.20 22:29:09 INFO  Progress (3): 800 kB | 1.6 MB | 24/83 kB
2022.12.20 22:29:09 INFO  Progress (3): 800 kB | 1.6 MB | 28/83 kB
2022.12.20 22:29:09 INFO  Progress (3): 800 kB | 1.6 MB | 32/83 kB
2022.12.20 22:29:09 INFO  Progress (3): 800 kB | 1.6 MB | 36/83 kB
2022.12.20 22:29:09 INFO  Progress (3): 800 kB | 1.6 MB | 40/83 kB
2022.12.20 22:29:09 INFO  Progress (3): 800 kB | 1.6 MB | 45/83 kB
2022.12.20 22:29:09 INFO  Progress (3): 800 kB | 1.6 MB | 49/83 kB
2022.12.20 22:29:09 INFO  Progress (3): 800 kB | 1.6 MB | 53/83 kB
2022.12.20 22:29:09 INFO  Progress (3): 800 kB | 1.6 MB | 57/83 kB
2022.12.20 22:29:09 INFO  Progress (3): 800 kB | 1.6 MB | 61/83 kB
2022.12.20 22:29:09 INFO  Progress (3): 800 kB | 1.6 MB | 65/83 kB
2022.12.20 22:29:09 INFO  Progress (3): 800 kB | 1.6 MB | 69/83 kB
2022.12.20 22:29:09 INFO  Progress (3): 800 kB | 1.6 MB | 73/83 kB
2022.12.20 22:29:09 INFO  Progress (3): 800 kB | 1.6 MB | 77/83 kB
2022.12.20 22:29:09 INFO  Progress (3): 800 kB | 1.6 MB | 81/83 kB
2022.12.20 22:29:09 INFO  Progress (3): 800 kB | 1.6 MB | 83 kB   
2022.12.20 22:29:09 INFO                                       
2022.12.20 22:29:09 INFO  Downloaded from central: https://repo.maven.apache.org/maven2/com/eed3si9n/sjson-new-core_2.13/0.9.0/sjson-new-core_2.13-0.9.0.jar (800 kB at 133 kB/s)
2022.12.20 22:29:09 INFO  Downloading from central: https://repo.maven.apache.org/maven2/com/eed3si9n/shaded-scalajson_2.13/1.0.0-M4/shaded-scalajson_2.13-1.0.0-M4.jar
2022.12.20 22:29:09 INFO  Progress (3): 1.6 MB | 83 kB | 4.1/38 kB
2022.12.20 22:29:09 INFO  Progress (3): 1.6 MB | 83 kB | 8.2/38 kB
2022.12.20 22:29:09 INFO  Progress (3): 1.6 MB | 83 kB | 12/38 kB 
2022.12.20 22:29:09 INFO  Progress (3): 1.6 MB | 83 kB | 16/38 kB
2022.12.20 22:29:09 INFO  Progress (3): 1.6 MB | 83 kB | 20/38 kB
2022.12.20 22:29:09 INFO  Progress (3): 1.6 MB | 83 kB | 25/38 kB
2022.12.20 22:29:09 INFO  Progress (3): 1.6 MB | 83 kB | 29/38 kB
2022.12.20 22:29:09 INFO  Progress (3): 1.6 MB | 83 kB | 33/38 kB
2022.12.20 22:29:09 INFO  Progress (3): 1.6 MB | 83 kB | 37/38 kB
2022.12.20 22:29:09 INFO  Progress (3): 1.6 MB | 83 kB | 38 kB   
2022.12.20 22:29:09 INFO                                      
2022.12.20 22:29:09 INFO  Downloaded from central: https://repo.maven.apache.org/maven2/org/apache/logging/log4j/log4j-core/2.11.2/log4j-core-2.11.2.jar (1.6 MB at 269 kB/s)
2022.12.20 22:29:09 INFO  Downloading from central: https://repo.maven.apache.org/maven2/org/scala-lang/scala-reflect/2.13.5/scala-reflect-2.13.5.jar
2022.12.20 22:29:09 INFO  Progress (3): 83 kB | 38 kB | 4.1/86 kB
2022.12.20 22:29:09 INFO  Progress (3): 83 kB | 38 kB | 8.2/86 kB
2022.12.20 22:29:09 INFO  Progress (3): 83 kB | 38 kB | 12/86 kB 
2022.12.20 22:29:09 INFO  Progress (3): 83 kB | 38 kB | 16/86 kB
2022.12.20 22:29:09 INFO  Progress (3): 83 kB | 38 kB | 20/86 kB
2022.12.20 22:29:09 INFO  Progress (3): 83 kB | 38 kB | 25/86 kB
2022.12.20 22:29:09 INFO  Progress (3): 83 kB | 38 kB | 29/86 kB
2022.12.20 22:29:09 INFO  Progress (3): 83 kB | 38 kB | 33/86 kB
2022.12.20 22:29:09 INFO  Progress (3): 83 kB | 38 kB | 37/86 kB
2022.12.20 22:29:09 INFO  Progress (3): 83 kB | 38 kB | 41/86 kB
2022.12.20 22:29:09 INFO  Progress (3): 83 kB | 38 kB | 45/86 kB
2022.12.20 22:29:09 INFO  Progress (3): 83 kB | 38 kB | 49/86 kB
2022.12.20 22:29:09 INFO  Progress (3): 83 kB | 38 kB | 53/86 kB
2022.12.20 22:29:09 INFO  Progress (3): 83 kB | 38 kB | 57/86 kB
2022.12.20 22:29:09 INFO  Progress (3): 83 kB | 38 kB | 61/86 kB
2022.12.20 22:29:09 INFO  Progress (3): 83 kB | 38 kB | 66/86 kB
2022.12.20 22:29:09 INFO  Progress (3): 83 kB | 38 kB | 70/86 kB
2022.12.20 22:29:09 INFO  Progress (3): 83 kB | 38 kB | 74/86 kB
2022.12.20 22:29:09 INFO  Progress (3): 83 kB | 38 kB | 78/86 kB
2022.12.20 22:29:09 INFO  Progress (3): 83 kB | 38 kB | 82/86 kB
2022.12.20 22:29:09 INFO  Progress (3): 83 kB | 38 kB | 86 kB   
2022.12.20 22:29:09 INFO                                     
2022.12.20 22:29:09 INFO  Downloaded from central: https://repo.maven.apache.org/maven2/com/lmax/disruptor/3.4.2/disruptor-3.4.2.jar (83 kB at 13 kB/s)
2022.12.20 22:29:09 INFO  Downloading from central: https://repo.maven.apache.org/maven2/org/scala-sbt/util-relation_2.13/1.5.0/util-relation_2.13-1.5.0.jar
2022.12.20 22:29:09 INFO  Downloaded from central: https://repo.maven.apache.org/maven2/com/eed3si9n/sjson-new-scalajson_2.13/0.9.1/sjson-new-scalajson_2.13-0.9.1.jar (38 kB at 6.2 kB/s)
2022.12.20 22:29:09 INFO  Downloading from central: https://repo.maven.apache.org/maven2/org/scala-sbt/zinc-persist_2.13/1.5.5/zinc-persist_2.13-1.5.5.jar
2022.12.20 22:29:09 INFO  Progress (2): 86 kB | 0/3.7 MB
2022.12.20 22:29:09 INFO  Progress (2): 86 kB | 0/3.7 MB
2022.12.20 22:29:09 INFO  Progress (2): 86 kB | 0.1/3.7 MB
2022.12.20 22:29:09 INFO  Progress (2): 86 kB | 0.1/3.7 MB
2022.12.20 22:29:09 INFO  Progress (2): 86 kB | 0.1/3.7 MB
2022.12.20 22:29:09 INFO  Progress (2): 86 kB | 0.1/3.7 MB
2022.12.20 22:29:09 INFO  Progress (2): 86 kB | 0.2/3.7 MB
2022.12.20 22:29:09 INFO  Progress (2): 86 kB | 0.2/3.7 MB
2022.12.20 22:29:09 INFO  Progress (2): 86 kB | 0.2/3.7 MB
2022.12.20 22:29:09 INFO  Progress (3): 86 kB | 0.2/3.7 MB | 4.1/69 kB
2022.12.20 22:29:09 INFO  Progress (3): 86 kB | 0.2/3.7 MB | 4.1/69 kB
2022.12.20 22:29:09 INFO  Progress (3): 86 kB | 0.3/3.7 MB | 4.1/69 kB
2022.12.20 22:29:09 INFO  Progress (3): 86 kB | 0.3/3.7 MB | 8.2/69 kB
2022.12.20 22:29:09 INFO  Progress (3): 86 kB | 0.3/3.7 MB | 12/69 kB 
2022.12.20 22:29:09 INFO  Progress (3): 86 kB | 0.3/3.7 MB | 16/69 kB
2022.12.20 22:29:09 INFO  Progress (3): 86 kB | 0.3/3.7 MB | 16/69 kB
2022.12.20 22:29:09 INFO  Progress (3): 86 kB | 0.3/3.7 MB | 16/69 kB
2022.12.20 22:29:09 INFO  Progress (3): 86 kB | 0.3/3.7 MB | 16/69 kB
2022.12.20 22:29:09 INFO  Progress (3): 86 kB | 0.4/3.7 MB | 16/69 kB
2022.12.20 22:29:09 INFO  Progress (3): 86 kB | 0.4/3.7 MB | 20/69 kB
2022.12.20 22:29:09 INFO  Progress (3): 86 kB | 0.4/3.7 MB | 20/69 kB
2022.12.20 22:29:09 INFO  Progress (3): 86 kB | 0.4/3.7 MB | 25/69 kB
2022.12.20 22:29:09 INFO  Progress (3): 86 kB | 0.4/3.7 MB | 29/69 kB
2022.12.20 22:29:09 INFO  Progress (3): 86 kB | 0.4/3.7 MB | 29/69 kB
2022.12.20 22:29:09 INFO  Progress (3): 86 kB | 0.4/3.7 MB | 33/69 kB
2022.12.20 22:29:09 INFO  Progress (3): 86 kB | 0.4/3.7 MB | 33/69 kB
2022.12.20 22:29:09 INFO  Progress (3): 86 kB | 0.5/3.7 MB | 33/69 kB
2022.12.20 22:29:09 INFO  Progress (3): 86 kB | 0.5/3.7 MB | 33/69 kB
2022.12.20 22:29:09 INFO  Progress (3): 86 kB | 0.5/3.7 MB | 33/69 kB
2022.12.20 22:29:09 INFO  Progress (3): 86 kB | 0.5/3.7 MB | 37/69 kB
2022.12.20 22:29:09 INFO  Progress (3): 86 kB | 0.5/3.7 MB | 41/69 kB
2022.12.20 22:29:09 INFO  Progress (3): 86 kB | 0.5/3.7 MB | 45/69 kB
2022.12.20 22:29:09 INFO  Progress (3): 86 kB | 0.5/3.7 MB | 49/69 kB
2022.12.20 22:29:09 INFO  Progress (3): 86 kB | 0.5/3.7 MB | 49/69 kB
2022.12.20 22:29:09 INFO  Progress (3): 86 kB | 0.6/3.7 MB | 49/69 kB
2022.12.20 22:29:09 INFO  Progress (3): 86 kB | 0.6/3.7 MB | 49/69 kB
2022.12.20 22:29:09 INFO  Progress (3): 86 kB | 0.6/3.7 MB | 49/69 kB
2022.12.20 22:29:09 INFO  Progress (3): 86 kB | 0.6/3.7 MB | 49/69 kB
2022.12.20 22:29:09 INFO  Progress (3): 86 kB | 0.7/3.7 MB | 49/69 kB
2022.12.20 22:29:09 INFO  Progress (3): 86 kB | 0.7/3.7 MB | 49/69 kB
2022.12.20 22:29:09 INFO  Progress (3): 86 kB | 0.7/3.7 MB | 53/69 kB
2022.12.20 22:29:09 INFO  Progress (3): 86 kB | 0.7/3.7 MB | 53/69 kB
2022.12.20 22:29:09 INFO  Progress (3): 86 kB | 0.7/3.7 MB | 57/69 kB
2022.12.20 22:29:09 INFO  Progress (3): 86 kB | 0.7/3.7 MB | 61/69 kB
2022.12.20 22:29:09 INFO  Progress (3): 86 kB | 0.7/3.7 MB | 66/69 kB
2022.12.20 22:29:09 INFO  Progress (3): 86 kB | 0.7/3.7 MB | 66/69 kB
2022.12.20 22:29:09 INFO  Progress (3): 86 kB | 0.7/3.7 MB | 69 kB   
2022.12.20 22:29:09 INFO  Progress (3): 86 kB | 0.8/3.7 MB | 69 kB
2022.12.20 22:29:09 INFO  Progress (3): 86 kB | 0.8/3.7 MB | 69 kB
2022.12.20 22:29:09 INFO  Progress (3): 86 kB | 0.8/3.7 MB | 69 kB
2022.12.20 22:29:09 INFO  Progress (3): 86 kB | 0.8/3.7 MB | 69 kB
2022.12.20 22:29:09 INFO  Progress (3): 86 kB | 0.9/3.7 MB | 69 kB
2022.12.20 22:29:09 INFO  Progress (3): 86 kB | 0.9/3.7 MB | 69 kB
2022.12.20 22:29:09 INFO  Progress (3): 86 kB | 0.9/3.7 MB | 69 kB
2022.12.20 22:29:09 INFO  Progress (3): 86 kB | 0.9/3.7 MB | 69 kB
2022.12.20 22:29:09 INFO  Progress (3): 86 kB | 1.0/3.7 MB | 69 kB
2022.12.20 22:29:09 INFO  Progress (3): 86 kB | 1.0/3.7 MB | 69 kB
2022.12.20 22:29:09 INFO  Progress (3): 86 kB | 1.0/3.7 MB | 69 kB
2022.12.20 22:29:09 INFO  Progress (3): 86 kB | 1.0/3.7 MB | 69 kB
2022.12.20 22:29:09 INFO  Progress (3): 86 kB | 1.1/3.7 MB | 69 kB
2022.12.20 22:29:09 INFO  Progress (3): 86 kB | 1.1/3.7 MB | 69 kB
2022.12.20 22:29:09 INFO  Progress (3): 86 kB | 1.1/3.7 MB | 69 kB
2022.12.20 22:29:09 INFO  Progress (3): 86 kB | 1.1/3.7 MB | 69 kB
2022.12.20 22:29:09 INFO  Progress (3): 86 kB | 1.2/3.7 MB | 69 kB
2022.12.20 22:29:09 INFO  Progress (3): 86 kB | 1.2/3.7 MB | 69 kB
2022.12.20 22:29:09 INFO  Progress (3): 86 kB | 1.2/3.7 MB | 69 kB
2022.12.20 22:29:09 INFO  Progress (3): 86 kB | 1.2/3.7 MB | 69 kB
2022.12.20 22:29:09 INFO  Progress (3): 86 kB | 1.3/3.7 MB | 69 kB
2022.12.20 22:29:09 INFO  Progress (3): 86 kB | 1.3/3.7 MB | 69 kB
2022.12.20 22:29:09 INFO  Progress (3): 86 kB | 1.3/3.7 MB | 69 kB
2022.12.20 22:29:09 INFO  Progress (3): 86 kB | 1.3/3.7 MB | 69 kB
2022.12.20 22:29:09 INFO  Progress (3): 86 kB | 1.4/3.7 MB | 69 kB
2022.12.20 22:29:09 INFO  Progress (3): 86 kB | 1.4/3.7 MB | 69 kB
2022.12.20 22:29:09 INFO  Progress (3): 86 kB | 1.4/3.7 MB | 69 kB
2022.12.20 22:29:09 INFO  Progress (3): 86 kB | 1.4/3.7 MB | 69 kB
2022.12.20 22:29:09 INFO  Progress (3): 86 kB | 1.5/3.7 MB | 69 kB
2022.12.20 22:29:09 INFO  Progress (3): 86 kB | 1.5/3.7 MB | 69 kB
2022.12.20 22:29:09 INFO  Progress (3): 86 kB | 1.5/3.7 MB | 69 kB
2022.12.20 22:29:09 INFO  Progress (3): 86 kB | 1.5/3.7 MB | 69 kB
2022.12.20 22:29:09 INFO  Progress (3): 86 kB | 1.5/3.7 MB | 69 kB
2022.12.20 22:29:09 INFO  Progress (3): 86 kB | 1.6/3.7 MB | 69 kB
2022.12.20 22:29:09 INFO  Progress (3): 86 kB | 1.6/3.7 MB | 69 kB
2022.12.20 22:29:09 INFO  Progress (3): 86 kB | 1.6/3.7 MB | 69 kB
2022.12.20 22:29:09 INFO  Progress (3): 86 kB | 1.6/3.7 MB | 69 kB
2022.12.20 22:29:09 INFO  Progress (3): 86 kB | 1.7/3.7 MB | 69 kB
2022.12.20 22:29:09 INFO  Progress (3): 86 kB | 1.7/3.7 MB | 69 kB
2022.12.20 22:29:09 INFO  Progress (3): 86 kB | 1.7/3.7 MB | 69 kB
2022.12.20 22:29:09 INFO  Progress (3): 86 kB | 1.7/3.7 MB | 69 kB
2022.12.20 22:29:09 INFO  Progress (3): 86 kB | 1.8/3.7 MB | 69 kB
2022.12.20 22:29:09 INFO  Progress (3): 86 kB | 1.8/3.7 MB | 69 kB
2022.12.20 22:29:09 INFO  Progress (3): 86 kB | 1.8/3.7 MB | 69 kB
2022.12.20 22:29:09 INFO  Progress (3): 86 kB | 1.8/3.7 MB | 69 kB
2022.12.20 22:29:09 INFO                                          
2022.12.20 22:29:09 INFO  Downloaded from central: https://repo.maven.apache.org/maven2/com/eed3si9n/shaded-jawn-parser_2.13/0.9.1/shaded-jawn-parser_2.13-0.9.1.jar (86 kB at 14 kB/s)
2022.12.20 22:29:09 INFO  Downloading from central: https://repo.maven.apache.org/maven2/org/scala-sbt/sbinary_2.13/0.5.1/sbinary_2.13-0.5.1.jar
2022.12.20 22:29:09 INFO  Progress (2): 1.9/3.7 MB | 69 kB
2022.12.20 22:29:09 INFO  Progress (2): 1.9/3.7 MB | 69 kB
2022.12.20 22:29:09 INFO  Progress (2): 1.9/3.7 MB | 69 kB
2022.12.20 22:29:09 INFO  Progress (2): 1.9/3.7 MB | 69 kB
2022.12.20 22:29:09 INFO  Progress (2): 2.0/3.7 MB | 69 kB
2022.12.20 22:29:09 INFO  Progress (2): 2.0/3.7 MB | 69 kB
2022.12.20 22:29:09 INFO  Progress (2): 2.0/3.7 MB | 69 kB
2022.12.20 22:29:09 INFO  Progress (2): 2.0/3.7 MB | 69 kB
2022.12.20 22:29:09 INFO  Progress (2): 2.1/3.7 MB | 69 kB
2022.12.20 22:29:09 INFO  Progress (2): 2.1/3.7 MB | 69 kB
2022.12.20 22:29:09 INFO  Progress (3): 2.1/3.7 MB | 69 kB | 4.1/15 kB
2022.12.20 22:29:09 INFO  Progress (3): 2.1/3.7 MB | 69 kB | 4.1/15 kB
2022.12.20 22:29:09 INFO  Progress (3): 2.1/3.7 MB | 69 kB | 4.1/15 kB
2022.12.20 22:29:09 INFO  Progress (3): 2.2/3.7 MB | 69 kB | 4.1/15 kB
2022.12.20 22:29:09 INFO  Progress (3): 2.2/3.7 MB | 69 kB | 8.2/15 kB
2022.12.20 22:29:09 INFO  Progress (3): 2.2/3.7 MB | 69 kB | 12/15 kB 
2022.12.20 22:29:09 INFO  Progress (3): 2.2/3.7 MB | 69 kB | 15 kB   
2022.12.20 22:29:09 INFO  Progress (3): 2.2/3.7 MB | 69 kB | 15 kB
2022.12.20 22:29:09 INFO  Progress (3): 2.2/3.7 MB | 69 kB | 15 kB
2022.12.20 22:29:09 INFO  Progress (3): 2.2/3.7 MB | 69 kB | 15 kB
2022.12.20 22:29:09 INFO  Progress (3): 2.3/3.7 MB | 69 kB | 15 kB
2022.12.20 22:29:09 INFO  Progress (3): 2.3/3.7 MB | 69 kB | 15 kB
2022.12.20 22:29:09 INFO  Progress (3): 2.3/3.7 MB | 69 kB | 15 kB
2022.12.20 22:29:09 INFO  Progress (3): 2.3/3.7 MB | 69 kB | 15 kB
2022.12.20 22:29:09 INFO  Progress (3): 2.4/3.7 MB | 69 kB | 15 kB
2022.12.20 22:29:09 INFO  Progress (3): 2.4/3.7 MB | 69 kB | 15 kB
2022.12.20 22:29:09 INFO  Progress (3): 2.4/3.7 MB | 69 kB | 15 kB
2022.12.20 22:29:09 INFO  Progress (3): 2.4/3.7 MB | 69 kB | 15 kB
2022.12.20 22:29:09 INFO  Progress (3): 2.5/3.7 MB | 69 kB | 15 kB
2022.12.20 22:29:09 INFO  Progress (3): 2.5/3.7 MB | 69 kB | 15 kB
2022.12.20 22:29:09 INFO  Progress (4): 2.5/3.7 MB | 69 kB | 15 kB | 4.1/264 kB
2022.12.20 22:29:09 INFO  Progress (4): 2.5/3.7 MB | 69 kB | 15 kB | 8.2/264 kB
2022.12.20 22:29:09 INFO  Progress (4): 2.5/3.7 MB | 69 kB | 15 kB | 12/264 kB 
2022.12.20 22:29:09 INFO  Progress (4): 2.5/3.7 MB | 69 kB | 15 kB | 16/264 kB
2022.12.20 22:29:09 INFO  Progress (4): 2.5/3.7 MB | 69 kB | 15 kB | 20/264 kB
2022.12.20 22:29:09 INFO  Progress (4): 2.5/3.7 MB | 69 kB | 15 kB | 24/264 kB
2022.12.20 22:29:09 INFO  Progress (4): 2.5/3.7 MB | 69 kB | 15 kB | 28/264 kB
2022.12.20 22:29:09 INFO  Progress (4): 2.5/3.7 MB | 69 kB | 15 kB | 32/264 kB
2022.12.20 22:29:09 INFO  Progress (4): 2.5/3.7 MB | 69 kB | 15 kB | 36/264 kB
2022.12.20 22:29:09 INFO  Progress (4): 2.5/3.7 MB | 69 kB | 15 kB | 40/264 kB
2022.12.20 22:29:09 INFO  Progress (4): 2.5/3.7 MB | 69 kB | 15 kB | 45/264 kB
2022.12.20 22:29:09 INFO  Progress (4): 2.5/3.7 MB | 69 kB | 15 kB | 49/264 kB
2022.12.20 22:29:09 INFO  Progress (4): 2.5/3.7 MB | 69 kB | 15 kB | 53/264 kB
2022.12.20 22:29:09 INFO  Progress (4): 2.5/3.7 MB | 69 kB | 15 kB | 57/264 kB
2022.12.20 22:29:09 INFO  Progress (4): 2.5/3.7 MB | 69 kB | 15 kB | 61/264 kB
2022.12.20 22:29:09 INFO  Progress (4): 2.5/3.7 MB | 69 kB | 15 kB | 65/264 kB
2022.12.20 22:29:09 INFO  Progress (4): 2.5/3.7 MB | 69 kB | 15 kB | 69/264 kB
2022.12.20 22:29:09 INFO  Progress (4): 2.5/3.7 MB | 69 kB | 15 kB | 73/264 kB
2022.12.20 22:29:09 INFO  Progress (4): 2.5/3.7 MB | 69 kB | 15 kB | 77/264 kB
2022.12.20 22:29:09 INFO  Progress (4): 2.5/3.7 MB | 69 kB | 15 kB | 81/264 kB
2022.12.20 22:29:09 INFO  Progress (4): 2.5/3.7 MB | 69 kB | 15 kB | 85/264 kB
2022.12.20 22:29:09 INFO  Progress (4): 2.5/3.7 MB | 69 kB | 15 kB | 90/264 kB
2022.12.20 22:29:09 INFO  Progress (4): 2.5/3.7 MB | 69 kB | 15 kB | 94/264 kB
2022.12.20 22:29:09 INFO  Progress (4): 2.5/3.7 MB | 69 kB | 15 kB | 98/264 kB
2022.12.20 22:29:09 INFO  Progress (4): 2.5/3.7 MB | 69 kB | 15 kB | 102/264 kB
2022.12.20 22:29:09 INFO  Progress (4): 2.5/3.7 MB | 69 kB | 15 kB | 106/264 kB
2022.12.20 22:29:09 INFO  Progress (4): 2.5/3.7 MB | 69 kB | 15 kB | 110/264 kB
2022.12.20 22:29:09 INFO  Progress (4): 2.5/3.7 MB | 69 kB | 15 kB | 114/264 kB
2022.12.20 22:29:09 INFO  Progress (4): 2.5/3.7 MB | 69 kB | 15 kB | 118/264 kB
2022.12.20 22:29:09 INFO  Progress (4): 2.5/3.7 MB | 69 kB | 15 kB | 122/264 kB
2022.12.20 22:29:09 INFO  Progress (4): 2.5/3.7 MB | 69 kB | 15 kB | 126/264 kB
2022.12.20 22:29:09 INFO  Progress (4): 2.5/3.7 MB | 69 kB | 15 kB | 131/264 kB
2022.12.20 22:29:09 INFO  Progress (4): 2.5/3.7 MB | 69 kB | 15 kB | 135/264 kB
2022.12.20 22:29:09 INFO  Progress (4): 2.5/3.7 MB | 69 kB | 15 kB | 139/264 kB
2022.12.20 22:29:09 INFO  Progress (4): 2.5/3.7 MB | 69 kB | 15 kB | 143/264 kB
2022.12.20 22:29:09 INFO  Progress (4): 2.5/3.7 MB | 69 kB | 15 kB | 147/264 kB
2022.12.20 22:29:09 INFO  Progress (4): 2.5/3.7 MB | 69 kB | 15 kB | 151/264 kB
2022.12.20 22:29:09 INFO  Progress (4): 2.5/3.7 MB | 69 kB | 15 kB | 155/264 kB
2022.12.20 22:29:09 INFO  Progress (4): 2.5/3.7 MB | 69 kB | 15 kB | 159/264 kB
2022.12.20 22:29:09 INFO  Progress (4): 2.5/3.7 MB | 69 kB | 15 kB | 163/264 kB
2022.12.20 22:29:09 INFO  Progress (4): 2.5/3.7 MB | 69 kB | 15 kB | 167/264 kB
2022.12.20 22:29:09 INFO  Progress (4): 2.5/3.7 MB | 69 kB | 15 kB | 171/264 kB
2022.12.20 22:29:09 INFO  Progress (4): 2.5/3.7 MB | 69 kB | 15 kB | 176/264 kB
2022.12.20 22:29:09 INFO  Progress (4): 2.5/3.7 MB | 69 kB | 15 kB | 180/264 kB
2022.12.20 22:29:09 INFO  Progress (4): 2.5/3.7 MB | 69 kB | 15 kB | 184/264 kB
2022.12.20 22:29:09 INFO  Progress (4): 2.5/3.7 MB | 69 kB | 15 kB | 188/264 kB
2022.12.20 22:29:09 INFO  Progress (4): 2.5/3.7 MB | 69 kB | 15 kB | 192/264 kB
2022.12.20 22:29:09 INFO  Progress (4): 2.5/3.7 MB | 69 kB | 15 kB | 196/264 kB
2022.12.20 22:29:09 INFO  Progress (4): 2.5/3.7 MB | 69 kB | 15 kB | 200/264 kB
2022.12.20 22:29:09 INFO  Progress (4): 2.5/3.7 MB | 69 kB | 15 kB | 204/264 kB
2022.12.20 22:29:09 INFO  Progress (4): 2.5/3.7 MB | 69 kB | 15 kB | 208/264 kB
2022.12.20 22:29:09 INFO  Progress (4): 2.5/3.7 MB | 69 kB | 15 kB | 212/264 kB
2022.12.20 22:29:09 INFO  Progress (4): 2.5/3.7 MB | 69 kB | 15 kB | 217/264 kB
2022.12.20 22:29:09 INFO  Progress (4): 2.5/3.7 MB | 69 kB | 15 kB | 217/264 kB
2022.12.20 22:29:09 INFO  Progress (4): 2.5/3.7 MB | 69 kB | 15 kB | 221/264 kB
2022.12.20 22:29:09 INFO  Progress (4): 2.5/3.7 MB | 69 kB | 15 kB | 225/264 kB
2022.12.20 22:29:09 INFO  Progress (4): 2.5/3.7 MB | 69 kB | 15 kB | 229/264 kB
2022.12.20 22:29:09 INFO  Progress (4): 2.5/3.7 MB | 69 kB | 15 kB | 229/264 kB
2022.12.20 22:29:09 INFO  Progress (4): 2.5/3.7 MB | 69 kB | 15 kB | 233/264 kB
2022.12.20 22:29:09 INFO  Progress (4): 2.5/3.7 MB | 69 kB | 15 kB | 237/264 kB
2022.12.20 22:29:09 INFO  Progress (4): 2.5/3.7 MB | 69 kB | 15 kB | 241/264 kB
2022.12.20 22:29:09 INFO  Progress (4): 2.6/3.7 MB | 69 kB | 15 kB | 241/264 kB
2022.12.20 22:29:09 INFO  Progress (4): 2.6/3.7 MB | 69 kB | 15 kB | 245/264 kB
2022.12.20 22:29:09 INFO  Progress (4): 2.6/3.7 MB | 69 kB | 15 kB | 249/264 kB
2022.12.20 22:29:09 INFO  Progress (4): 2.6/3.7 MB | 69 kB | 15 kB | 249/264 kB
2022.12.20 22:29:09 INFO  Progress (4): 2.6/3.7 MB | 69 kB | 15 kB | 253/264 kB
2022.12.20 22:29:09 INFO  Progress (4): 2.6/3.7 MB | 69 kB | 15 kB | 258/264 kB
2022.12.20 22:29:09 INFO  Progress (4): 2.6/3.7 MB | 69 kB | 15 kB | 262/264 kB
2022.12.20 22:29:09 INFO  Progress (4): 2.6/3.7 MB | 69 kB | 15 kB | 264 kB    
2022.12.20 22:29:09 INFO  Progress (4): 2.6/3.7 MB | 69 kB | 15 kB | 264 kB
2022.12.20 22:29:09 INFO  Progress (4): 2.6/3.7 MB | 69 kB | 15 kB | 264 kB
2022.12.20 22:29:09 INFO  Progress (4): 2.7/3.7 MB | 69 kB | 15 kB | 264 kB
2022.12.20 22:29:09 INFO  Progress (4): 2.7/3.7 MB | 69 kB | 15 kB | 264 kB
2022.12.20 22:29:09 INFO  Progress (4): 2.7/3.7 MB | 69 kB | 15 kB | 264 kB
2022.12.20 22:29:09 INFO  Progress (4): 2.7/3.7 MB | 69 kB | 15 kB | 264 kB
2022.12.20 22:29:09 INFO  Progress (4): 2.8/3.7 MB | 69 kB | 15 kB | 264 kB
2022.12.20 22:29:09 INFO  Progress (4): 2.8/3.7 MB | 69 kB | 15 kB | 264 kB
2022.12.20 22:29:09 INFO  Progress (4): 2.8/3.7 MB | 69 kB | 15 kB | 264 kB
2022.12.20 22:29:09 INFO  Progress (4): 2.8/3.7 MB | 69 kB | 15 kB | 264 kB
2022.12.20 22:29:09 INFO  Progress (4): 2.9/3.7 MB | 69 kB | 15 kB | 264 kB
2022.12.20 22:29:09 INFO  Progress (4): 2.9/3.7 MB | 69 kB | 15 kB | 264 kB
2022.12.20 22:29:09 INFO  Progress (4): 2.9/3.7 MB | 69 kB | 15 kB | 264 kB
2022.12.20 22:29:09 INFO  Progress (4): 2.9/3.7 MB | 69 kB | 15 kB | 264 kB
2022.12.20 22:29:09 INFO  Progress (4): 3.0/3.7 MB | 69 kB | 15 kB | 264 kB
2022.12.20 22:29:09 INFO  Progress (4): 3.0/3.7 MB | 69 kB | 15 kB | 264 kB
2022.12.20 22:29:09 INFO  Progress (4): 3.0/3.7 MB | 69 kB | 15 kB | 264 kB
2022.12.20 22:29:09 INFO  Progress (4): 3.0/3.7 MB | 69 kB | 15 kB | 264 kB
2022.12.20 22:29:09 INFO  Progress (4): 3.1/3.7 MB | 69 kB | 15 kB | 264 kB
2022.12.20 22:29:09 INFO  Progress (4): 3.1/3.7 MB | 69 kB | 15 kB | 264 kB
2022.12.20 22:29:09 INFO  Progress (4): 3.1/3.7 MB | 69 kB | 15 kB | 264 kB
2022.12.20 22:29:09 INFO  Progress (4): 3.1/3.7 MB | 69 kB | 15 kB | 264 kB
2022.12.20 22:29:09 INFO  Progress (4): 3.1/3.7 MB | 69 kB | 15 kB | 264 kB
2022.12.20 22:29:09 INFO  Progress (4): 3.2/3.7 MB | 69 kB | 15 kB | 264 kB
2022.12.20 22:29:09 INFO  Progress (4): 3.2/3.7 MB | 69 kB | 15 kB | 264 kB
2022.12.20 22:29:09 INFO  Progress (4): 3.2/3.7 MB | 69 kB | 15 kB | 264 kB
2022.12.20 22:29:09 INFO  Progress (4): 3.2/3.7 MB | 69 kB | 15 kB | 264 kB
2022.12.20 22:29:09 INFO  Progress (4): 3.3/3.7 MB | 69 kB | 15 kB | 264 kB
2022.12.20 22:29:09 INFO  Progress (4): 3.3/3.7 MB | 69 kB | 15 kB | 264 kB
2022.12.20 22:29:09 INFO  Progress (4): 3.3/3.7 MB | 69 kB | 15 kB | 264 kB
2022.12.20 22:29:09 INFO  Progress (4): 3.3/3.7 MB | 69 kB | 15 kB | 264 kB
2022.12.20 22:29:09 INFO  Progress (4): 3.4/3.7 MB | 69 kB | 15 kB | 264 kB
2022.12.20 22:29:09 INFO  Progress (4): 3.4/3.7 MB | 69 kB | 15 kB | 264 kB
2022.12.20 22:29:09 INFO  Progress (4): 3.4/3.7 MB | 69 kB | 15 kB | 264 kB
2022.12.20 22:29:09 INFO  Progress (4): 3.4/3.7 MB | 69 kB | 15 kB | 264 kB
2022.12.20 22:29:09 INFO  Progress (4): 3.5/3.7 MB | 69 kB | 15 kB | 264 kB
2022.12.20 22:29:09 INFO  Progress (4): 3.5/3.7 MB | 69 kB | 15 kB | 264 kB
2022.12.20 22:29:09 INFO  Progress (4): 3.5/3.7 MB | 69 kB | 15 kB | 264 kB
2022.12.20 22:29:09 INFO  Progress (4): 3.5/3.7 MB | 69 kB | 15 kB | 264 kB
2022.12.20 22:29:09 INFO  Progress (4): 3.6/3.7 MB | 69 kB | 15 kB | 264 kB
2022.12.20 22:29:09 INFO                                                   
2022.12.20 22:29:09 INFO  Downloaded from central: https://repo.maven.apache.org/maven2/com/eed3si9n/shaded-scalajson_2.13/1.0.0-M4/shaded-scalajson_2.13-1.0.0-M4.jar (69 kB at 11 kB/s)
2022.12.20 22:29:09 INFO  Downloading from central: https://repo.maven.apache.org/maven2/org/scala-lang/modules/scala-xml_2.13/1.2.0/scala-xml_2.13-1.2.0.jar
2022.12.20 22:29:09 INFO  Progress (3): 3.6/3.7 MB | 15 kB | 264 kB
2022.12.20 22:29:09 INFO  Progress (3): 3.6/3.7 MB | 15 kB | 264 kB
2022.12.20 22:29:09 INFO  Progress (3): 3.6/3.7 MB | 15 kB | 264 kB
2022.12.20 22:29:09 INFO  Progress (3): 3.7/3.7 MB | 15 kB | 264 kB
2022.12.20 22:29:09 INFO  Progress (3): 3.7/3.7 MB | 15 kB | 264 kB
2022.12.20 22:29:09 INFO  Progress (3): 3.7/3.7 MB | 15 kB | 264 kB
2022.12.20 22:29:09 INFO  Progress (3): 3.7 MB | 15 kB | 264 kB    
2022.12.20 22:29:09 INFO  Progress (4): 3.7 MB | 15 kB | 264 kB | 4.1/182 kB
2022.12.20 22:29:09 INFO  Progress (4): 3.7 MB | 15 kB | 264 kB | 8.2/182 kB
2022.12.20 22:29:09 INFO  Progress (4): 3.7 MB | 15 kB | 264 kB | 12/182 kB 
2022.12.20 22:29:09 INFO  Progress (4): 3.7 MB | 15 kB | 264 kB | 16/182 kB
2022.12.20 22:29:09 INFO  Progress (4): 3.7 MB | 15 kB | 264 kB | 20/182 kB
2022.12.20 22:29:09 INFO  Progress (4): 3.7 MB | 15 kB | 264 kB | 25/182 kB
2022.12.20 22:29:09 INFO  Progress (4): 3.7 MB | 15 kB | 264 kB | 29/182 kB
2022.12.20 22:29:09 INFO  Progress (4): 3.7 MB | 15 kB | 264 kB | 33/182 kB
2022.12.20 22:29:09 INFO  Progress (4): 3.7 MB | 15 kB | 264 kB | 37/182 kB
2022.12.20 22:29:09 INFO  Progress (4): 3.7 MB | 15 kB | 264 kB | 41/182 kB
2022.12.20 22:29:09 INFO  Progress (4): 3.7 MB | 15 kB | 264 kB | 45/182 kB
2022.12.20 22:29:09 INFO  Progress (4): 3.7 MB | 15 kB | 264 kB | 49/182 kB
2022.12.20 22:29:09 INFO  Progress (4): 3.7 MB | 15 kB | 264 kB | 53/182 kB
2022.12.20 22:29:09 INFO  Progress (4): 3.7 MB | 15 kB | 264 kB | 57/182 kB
2022.12.20 22:29:09 INFO  Progress (4): 3.7 MB | 15 kB | 264 kB | 61/182 kB
2022.12.20 22:29:09 INFO  Progress (4): 3.7 MB | 15 kB | 264 kB | 66/182 kB
2022.12.20 22:29:09 INFO  Progress (4): 3.7 MB | 15 kB | 264 kB | 70/182 kB
2022.12.20 22:29:09 INFO  Progress (4): 3.7 MB | 15 kB | 264 kB | 74/182 kB
2022.12.20 22:29:09 INFO  Progress (4): 3.7 MB | 15 kB | 264 kB | 78/182 kB
2022.12.20 22:29:09 INFO  Progress (4): 3.7 MB | 15 kB | 264 kB | 82/182 kB
2022.12.20 22:29:09 INFO  Progress (4): 3.7 MB | 15 kB | 264 kB | 86/182 kB
2022.12.20 22:29:09 INFO  Progress (4): 3.7 MB | 15 kB | 264 kB | 90/182 kB
2022.12.20 22:29:09 INFO  Progress (4): 3.7 MB | 15 kB | 264 kB | 94/182 kB
2022.12.20 22:29:09 INFO  Progress (4): 3.7 MB | 15 kB | 264 kB | 98/182 kB
2022.12.20 22:29:09 INFO  Progress (4): 3.7 MB | 15 kB | 264 kB | 102/182 kB
2022.12.20 22:29:09 INFO  Progress (4): 3.7 MB | 15 kB | 264 kB | 106/182 kB
2022.12.20 22:29:09 INFO  Progress (4): 3.7 MB | 15 kB | 264 kB | 111/182 kB
2022.12.20 22:29:09 INFO  Progress (4): 3.7 MB | 15 kB | 264 kB | 115/182 kB
2022.12.20 22:29:09 INFO  Progress (4): 3.7 MB | 15 kB | 264 kB | 119/182 kB
2022.12.20 22:29:09 INFO  Progress (4): 3.7 MB | 15 kB | 264 kB | 123/182 kB
2022.12.20 22:29:09 INFO  Progress (4): 3.7 MB | 15 kB | 264 kB | 127/182 kB
2022.12.20 22:29:09 INFO  Progress (4): 3.7 MB | 15 kB | 264 kB | 131/182 kB
2022.12.20 22:29:09 INFO  Progress (4): 3.7 MB | 15 kB | 264 kB | 135/182 kB
2022.12.20 22:29:09 INFO  Progress (4): 3.7 MB | 15 kB | 264 kB | 139/182 kB
2022.12.20 22:29:09 INFO  Progress (4): 3.7 MB | 15 kB | 264 kB | 143/182 kB
2022.12.20 22:29:09 INFO  Progress (4): 3.7 MB | 15 kB | 264 kB | 147/182 kB
2022.12.20 22:29:09 INFO  Progress (4): 3.7 MB | 15 kB | 264 kB | 152/182 kB
2022.12.20 22:29:09 INFO  Progress (4): 3.7 MB | 15 kB | 264 kB | 156/182 kB
2022.12.20 22:29:09 INFO  Progress (4): 3.7 MB | 15 kB | 264 kB | 160/182 kB
2022.12.20 22:29:09 INFO  Progress (4): 3.7 MB | 15 kB | 264 kB | 164/182 kB
2022.12.20 22:29:09 INFO  Progress (4): 3.7 MB | 15 kB | 264 kB | 168/182 kB
2022.12.20 22:29:09 INFO  Progress (4): 3.7 MB | 15 kB | 264 kB | 172/182 kB
2022.12.20 22:29:09 INFO  Progress (4): 3.7 MB | 15 kB | 264 kB | 176/182 kB
2022.12.20 22:29:09 INFO  Progress (4): 3.7 MB | 15 kB | 264 kB | 180/182 kB
2022.12.20 22:29:09 INFO  Progress (4): 3.7 MB | 15 kB | 264 kB | 182 kB    
2022.12.20 22:29:09 INFO                                                
2022.12.20 22:29:09 INFO  Downloaded from central: https://repo.maven.apache.org/maven2/org/scala-sbt/util-relation_2.13/1.5.0/util-relation_2.13-1.5.0.jar (15 kB at 2.3 kB/s)
2022.12.20 22:29:09 INFO  Downloading from central: https://repo.maven.apache.org/maven2/org/scala-sbt/zinc-compile-core_2.13/1.5.5/zinc-compile-core_2.13-1.5.5.jar
2022.12.20 22:29:10 INFO  Downloaded from central: https://repo.maven.apache.org/maven2/org/scala-sbt/zinc-persist_2.13/1.5.5/zinc-persist_2.13-1.5.5.jar (264 kB at 41 kB/s)
2022.12.20 22:29:10 INFO  Downloading from central: https://repo.maven.apache.org/maven2/org/scala-sbt/launcher-interface/1.1.3/launcher-interface-1.1.3.jar
2022.12.20 22:29:10 INFO  Progress (3): 3.7 MB | 182 kB | 4.1/569 kB
2022.12.20 22:29:10 INFO  Progress (3): 3.7 MB | 182 kB | 8.2/569 kB
2022.12.20 22:29:10 INFO  Progress (3): 3.7 MB | 182 kB | 12/569 kB 
2022.12.20 22:29:10 INFO  Progress (3): 3.7 MB | 182 kB | 16/569 kB
2022.12.20 22:29:10 INFO                                           
2022.12.20 22:29:10 INFO  Downloaded from central: https://repo.maven.apache.org/maven2/org/scala-lang/scala-reflect/2.13.5/scala-reflect-2.13.5.jar (3.7 MB at 567 kB/s)
2022.12.20 22:29:10 INFO  Downloading from central: https://repo.maven.apache.org/maven2/org/scala-lang/modules/scala-parser-combinators_2.13/1.1.2/scala-parser-combinators_2.13-1.1.2.jar
2022.12.20 22:29:10 INFO  Progress (2): 182 kB | 20/569 kB
2022.12.20 22:29:10 INFO  Progress (2): 182 kB | 24/569 kB
2022.12.20 22:29:10 INFO  Progress (2): 182 kB | 28/569 kB
2022.12.20 22:29:10 INFO  Progress (2): 182 kB | 32/569 kB
2022.12.20 22:29:10 INFO  Progress (2): 182 kB | 36/569 kB
2022.12.20 22:29:10 INFO  Progress (2): 182 kB | 40/569 kB
2022.12.20 22:29:10 INFO  Progress (2): 182 kB | 45/569 kB
2022.12.20 22:29:10 INFO  Progress (2): 182 kB | 49/569 kB
2022.12.20 22:29:10 INFO  Progress (2): 182 kB | 53/569 kB
2022.12.20 22:29:10 INFO  Progress (2): 182 kB | 57/569 kB
2022.12.20 22:29:10 INFO  Progress (2): 182 kB | 61/569 kB
2022.12.20 22:29:10 INFO  Progress (2): 182 kB | 65/569 kB
2022.12.20 22:29:10 INFO  Progress (2): 182 kB | 69/569 kB
2022.12.20 22:29:10 INFO  Progress (2): 182 kB | 73/569 kB
2022.12.20 22:29:10 INFO  Progress (2): 182 kB | 77/569 kB
2022.12.20 22:29:10 INFO  Progress (2): 182 kB | 81/569 kB
2022.12.20 22:29:10 INFO                                  
2022.12.20 22:29:10 INFO  Downloaded from central: https://repo.maven.apache.org/maven2/org/scala-sbt/sbinary_2.13/0.5.1/sbinary_2.13-0.5.1.jar (182 kB at 28 kB/s)
2022.12.20 22:29:10 INFO  Downloading from central: https://repo.maven.apache.org/maven2/net/openhft/zero-allocation-hashing/0.10.1/zero-allocation-hashing-0.10.1.jar
2022.12.20 22:29:10 INFO  Progress (2): 81/569 kB | 4.1/245 kB
2022.12.20 22:29:10 INFO  Progress (2): 81/569 kB | 8.2/245 kB
2022.12.20 22:29:10 INFO  Progress (2): 81/569 kB | 12/245 kB 
2022.12.20 22:29:10 INFO  Progress (2): 81/569 kB | 16/245 kB
2022.12.20 22:29:10 INFO  Progress (2): 81/569 kB | 20/245 kB
2022.12.20 22:29:10 INFO  Progress (2): 81/569 kB | 25/245 kB
2022.12.20 22:29:10 INFO  Progress (2): 81/569 kB | 29/245 kB
2022.12.20 22:29:10 INFO  Progress (2): 81/569 kB | 33/245 kB
2022.12.20 22:29:10 INFO  Progress (2): 81/569 kB | 37/245 kB
2022.12.20 22:29:10 INFO  Progress (2): 81/569 kB | 41/245 kB
2022.12.20 22:29:10 INFO  Progress (2): 81/569 kB | 45/245 kB
2022.12.20 22:29:10 INFO  Progress (2): 81/569 kB | 49/245 kB
2022.12.20 22:29:10 INFO  Progress (2): 81/569 kB | 53/245 kB
2022.12.20 22:29:10 INFO  Progress (2): 81/569 kB | 57/245 kB
2022.12.20 22:29:10 INFO  Progress (2): 81/569 kB | 61/245 kB
2022.12.20 22:29:10 INFO  Progress (2): 81/569 kB | 64/245 kB
2022.12.20 22:29:10 INFO  Progress (2): 81/569 kB | 68/245 kB
2022.12.20 22:29:10 INFO  Progress (2): 85/569 kB | 68/245 kB
2022.12.20 22:29:10 INFO  Progress (2): 85/569 kB | 72/245 kB
2022.12.20 22:29:10 INFO  Progress (2): 85/569 kB | 76/245 kB
2022.12.20 22:29:10 INFO  Progress (2): 90/569 kB | 76/245 kB
2022.12.20 22:29:10 INFO  Progress (2): 90/569 kB | 81/245 kB
2022.12.20 22:29:10 INFO  Progress (2): 94/569 kB | 81/245 kB
2022.12.20 22:29:10 INFO  Progress (2): 94/569 kB | 85/245 kB
2022.12.20 22:29:10 INFO  Progress (2): 98/569 kB | 85/245 kB
2022.12.20 22:29:10 INFO  Progress (2): 98/569 kB | 89/245 kB
2022.12.20 22:29:10 INFO  Progress (2): 98/569 kB | 93/245 kB
2022.12.20 22:29:10 INFO  Progress (2): 98/569 kB | 97/245 kB
2022.12.20 22:29:10 INFO  Progress (2): 98/569 kB | 101/245 kB
2022.12.20 22:29:10 INFO  Progress (2): 98/569 kB | 105/245 kB
2022.12.20 22:29:10 INFO  Progress (2): 98/569 kB | 109/245 kB
2022.12.20 22:29:10 INFO  Progress (2): 98/569 kB | 113/245 kB
2022.12.20 22:29:10 INFO  Progress (2): 98/569 kB | 117/245 kB
2022.12.20 22:29:10 INFO  Progress (2): 98/569 kB | 122/245 kB
2022.12.20 22:29:10 INFO  Progress (2): 98/569 kB | 126/245 kB
2022.12.20 22:29:10 INFO  Progress (2): 98/569 kB | 130/245 kB
2022.12.20 22:29:10 INFO  Progress (2): 98/569 kB | 134/245 kB
2022.12.20 22:29:10 INFO  Progress (2): 98/569 kB | 138/245 kB
2022.12.20 22:29:10 INFO  Progress (2): 98/569 kB | 142/245 kB
2022.12.20 22:29:10 INFO  Progress (2): 98/569 kB | 146/245 kB
2022.12.20 22:29:10 INFO  Progress (2): 98/569 kB | 150/245 kB
2022.12.20 22:29:10 INFO  Progress (2): 98/569 kB | 154/245 kB
2022.12.20 22:29:10 INFO  Progress (2): 98/569 kB | 158/245 kB
2022.12.20 22:29:10 INFO  Progress (2): 98/569 kB | 162/245 kB
2022.12.20 22:29:10 INFO  Progress (2): 98/569 kB | 167/245 kB
2022.12.20 22:29:10 INFO  Progress (2): 98/569 kB | 171/245 kB
2022.12.20 22:29:10 INFO  Progress (2): 98/569 kB | 175/245 kB
2022.12.20 22:29:10 INFO  Progress (2): 98/569 kB | 179/245 kB
2022.12.20 22:29:10 INFO  Progress (2): 98/569 kB | 183/245 kB
2022.12.20 22:29:10 INFO  Progress (2): 98/569 kB | 187/245 kB
2022.12.20 22:29:10 INFO  Progress (2): 98/569 kB | 191/245 kB
2022.12.20 22:29:10 INFO  Progress (2): 98/569 kB | 195/245 kB
2022.12.20 22:29:10 INFO  Progress (2): 98/569 kB | 199/245 kB
2022.12.20 22:29:10 INFO  Progress (2): 98/569 kB | 203/245 kB
2022.12.20 22:29:10 INFO  Progress (2): 98/569 kB | 208/245 kB
2022.12.20 22:29:10 INFO  Progress (2): 98/569 kB | 212/245 kB
2022.12.20 22:29:10 INFO  Progress (2): 98/569 kB | 216/245 kB
2022.12.20 22:29:10 INFO  Progress (2): 102/569 kB | 216/245 kB
2022.12.20 22:29:10 INFO  Progress (2): 102/569 kB | 220/245 kB
2022.12.20 22:29:10 INFO  Progress (2): 106/569 kB | 220/245 kB
2022.12.20 22:29:10 INFO  Progress (2): 110/569 kB | 220/245 kB
2022.12.20 22:29:10 INFO  Progress (2): 110/569 kB | 224/245 kB
2022.12.20 22:29:10 INFO  Progress (2): 114/569 kB | 224/245 kB
2022.12.20 22:29:10 INFO  Progress (2): 114/569 kB | 228/245 kB
2022.12.20 22:29:10 INFO  Progress (2): 114/569 kB | 232/245 kB
2022.12.20 22:29:10 INFO  Progress (2): 114/569 kB | 236/245 kB
2022.12.20 22:29:10 INFO  Progress (2): 114/569 kB | 240/245 kB
2022.12.20 22:29:10 INFO  Progress (2): 114/569 kB | 244/245 kB
2022.12.20 22:29:10 INFO  Progress (2): 114/569 kB | 245 kB    
2022.12.20 22:29:10 INFO  Progress (2): 118/569 kB | 245 kB
2022.12.20 22:29:10 INFO  Progress (2): 122/569 kB | 245 kB
2022.12.20 22:29:10 INFO  Progress (2): 126/569 kB | 245 kB
2022.12.20 22:29:10 INFO  Progress (2): 131/569 kB | 245 kB
2022.12.20 22:29:10 INFO  Progress (2): 135/569 kB | 245 kB
2022.12.20 22:29:10 INFO  Progress (2): 139/569 kB | 245 kB
2022.12.20 22:29:10 INFO  Progress (2): 143/569 kB | 245 kB
2022.12.20 22:29:10 INFO  Progress (2): 147/569 kB | 245 kB
2022.12.20 22:29:10 INFO  Progress (2): 151/569 kB | 245 kB
2022.12.20 22:29:10 INFO  Progress (2): 155/569 kB | 245 kB
2022.12.20 22:29:10 INFO  Progress (2): 159/569 kB | 245 kB
2022.12.20 22:29:10 INFO  Progress (2): 163/569 kB | 245 kB
2022.12.20 22:29:10 INFO  Progress (2): 167/569 kB | 245 kB
2022.12.20 22:29:10 INFO  Progress (2): 171/569 kB | 245 kB
2022.12.20 22:29:10 INFO  Progress (2): 176/569 kB | 245 kB
2022.12.20 22:29:10 INFO  Progress (2): 180/569 kB | 245 kB
2022.12.20 22:29:10 INFO  Progress (2): 184/569 kB | 245 kB
2022.12.20 22:29:10 INFO  Progress (2): 188/569 kB | 245 kB
2022.12.20 22:29:10 INFO  Progress (2): 192/569 kB | 245 kB
2022.12.20 22:29:10 INFO  Progress (2): 196/569 kB | 245 kB
2022.12.20 22:29:10 INFO  Progress (3): 196/569 kB | 245 kB | 4.1/11 kB
2022.12.20 22:29:10 INFO  Progress (3): 196/569 kB | 245 kB | 8.2/11 kB
2022.12.20 22:29:10 INFO  Progress (3): 196/569 kB | 245 kB | 11 kB    
2022.12.20 22:29:10 INFO  Progress (3): 200/569 kB | 245 kB | 11 kB
2022.12.20 22:29:10 INFO  Progress (3): 204/569 kB | 245 kB | 11 kB
2022.12.20 22:29:10 INFO  Progress (3): 208/569 kB | 245 kB | 11 kB
2022.12.20 22:29:10 INFO  Progress (3): 212/569 kB | 245 kB | 11 kB
2022.12.20 22:29:10 INFO  Progress (3): 217/569 kB | 245 kB | 11 kB
2022.12.20 22:29:10 INFO  Progress (3): 219/569 kB | 245 kB | 11 kB
2022.12.20 22:29:10 INFO  Progress (3): 223/569 kB | 245 kB | 11 kB
2022.12.20 22:29:10 INFO  Progress (3): 227/569 kB | 245 kB | 11 kB
2022.12.20 22:29:10 INFO  Progress (3): 232/569 kB | 245 kB | 11 kB
2022.12.20 22:29:10 INFO  Progress (3): 236/569 kB | 245 kB | 11 kB
2022.12.20 22:29:10 INFO  Progress (3): 240/569 kB | 245 kB | 11 kB
2022.12.20 22:29:10 INFO  Progress (3): 244/569 kB | 245 kB | 11 kB
2022.12.20 22:29:10 INFO  Progress (3): 248/569 kB | 245 kB | 11 kB
2022.12.20 22:29:10 INFO  Progress (3): 252/569 kB | 245 kB | 11 kB
2022.12.20 22:29:10 INFO  Progress (3): 256/569 kB | 245 kB | 11 kB
2022.12.20 22:29:10 INFO  Progress (3): 260/569 kB | 245 kB | 11 kB
2022.12.20 22:29:10 INFO  Progress (3): 264/569 kB | 245 kB | 11 kB
2022.12.20 22:29:10 INFO  Progress (3): 268/569 kB | 245 kB | 11 kB
2022.12.20 22:29:10 INFO  Progress (3): 273/569 kB | 245 kB | 11 kB
2022.12.20 22:29:10 INFO  Progress (3): 277/569 kB | 245 kB | 11 kB
2022.12.20 22:29:10 INFO  Progress (3): 281/569 kB | 245 kB | 11 kB
2022.12.20 22:29:10 INFO  Progress (3): 285/569 kB | 245 kB | 11 kB
2022.12.20 22:29:10 INFO  Progress (4): 285/569 kB | 245 kB | 11 kB | 4.1/225 kB
2022.12.20 22:29:10 INFO  Progress (4): 285/569 kB | 245 kB | 11 kB | 8.2/225 kB
2022.12.20 22:29:10 INFO  Progress (4): 285/569 kB | 245 kB | 11 kB | 12/225 kB 
2022.12.20 22:29:10 INFO  Progress (4): 285/569 kB | 245 kB | 11 kB | 16/225 kB
2022.12.20 22:29:10 INFO  Progress (4): 285/569 kB | 245 kB | 11 kB | 20/225 kB
2022.12.20 22:29:10 INFO  Progress (4): 285/569 kB | 245 kB | 11 kB | 25/225 kB
2022.12.20 22:29:10 INFO  Progress (4): 285/569 kB | 245 kB | 11 kB | 29/225 kB
2022.12.20 22:29:10 INFO  Progress (4): 285/569 kB | 245 kB | 11 kB | 33/225 kB
2022.12.20 22:29:10 INFO  Progress (4): 285/569 kB | 245 kB | 11 kB | 37/225 kB
2022.12.20 22:29:10 INFO  Progress (4): 285/569 kB | 245 kB | 11 kB | 41/225 kB
2022.12.20 22:29:10 INFO  Progress (4): 285/569 kB | 245 kB | 11 kB | 45/225 kB
2022.12.20 22:29:10 INFO  Progress (4): 285/569 kB | 245 kB | 11 kB | 49/225 kB
2022.12.20 22:29:10 INFO  Progress (4): 285/569 kB | 245 kB | 11 kB | 53/225 kB
2022.12.20 22:29:10 INFO  Progress (4): 285/569 kB | 245 kB | 11 kB | 57/225 kB
2022.12.20 22:29:10 INFO  Progress (4): 285/569 kB | 245 kB | 11 kB | 61/225 kB
2022.12.20 22:29:10 INFO  Progress (4): 285/569 kB | 245 kB | 11 kB | 66/225 kB
2022.12.20 22:29:10 INFO  Progress (4): 285/569 kB | 245 kB | 11 kB | 70/225 kB
2022.12.20 22:29:10 INFO  Progress (4): 285/569 kB | 245 kB | 11 kB | 74/225 kB
2022.12.20 22:29:10 INFO  Progress (4): 285/569 kB | 245 kB | 11 kB | 78/225 kB
2022.12.20 22:29:10 INFO  Progress (4): 285/569 kB | 245 kB | 11 kB | 82/225 kB
2022.12.20 22:29:10 INFO  Progress (4): 285/569 kB | 245 kB | 11 kB | 86/225 kB
2022.12.20 22:29:10 INFO  Progress (4): 285/569 kB | 245 kB | 11 kB | 90/225 kB
2022.12.20 22:29:10 INFO  Progress (4): 285/569 kB | 245 kB | 11 kB | 94/225 kB
2022.12.20 22:29:10 INFO  Progress (4): 285/569 kB | 245 kB | 11 kB | 98/225 kB
2022.12.20 22:29:10 INFO  Progress (4): 285/569 kB | 245 kB | 11 kB | 102/225 kB
2022.12.20 22:29:10 INFO  Progress (4): 285/569 kB | 245 kB | 11 kB | 106/225 kB
2022.12.20 22:29:10 INFO  Progress (4): 285/569 kB | 245 kB | 11 kB | 111/225 kB
2022.12.20 22:29:10 INFO  Progress (4): 285/569 kB | 245 kB | 11 kB | 115/225 kB
2022.12.20 22:29:10 INFO  Progress (4): 285/569 kB | 245 kB | 11 kB | 119/225 kB
2022.12.20 22:29:10 INFO  Progress (4): 285/569 kB | 245 kB | 11 kB | 123/225 kB
2022.12.20 22:29:10 INFO  Progress (4): 285/569 kB | 245 kB | 11 kB | 127/225 kB
2022.12.20 22:29:10 INFO  Progress (4): 285/569 kB | 245 kB | 11 kB | 131/225 kB
2022.12.20 22:29:10 INFO  Progress (4): 285/569 kB | 245 kB | 11 kB | 135/225 kB
2022.12.20 22:29:10 INFO  Progress (4): 285/569 kB | 245 kB | 11 kB | 139/225 kB
2022.12.20 22:29:10 INFO  Progress (4): 285/569 kB | 245 kB | 11 kB | 143/225 kB
2022.12.20 22:29:10 INFO  Progress (4): 285/569 kB | 245 kB | 11 kB | 147/225 kB
2022.12.20 22:29:10 INFO  Progress (4): 285/569 kB | 245 kB | 11 kB | 152/225 kB
2022.12.20 22:29:10 INFO  Progress (4): 285/569 kB | 245 kB | 11 kB | 156/225 kB
2022.12.20 22:29:10 INFO  Progress (4): 285/569 kB | 245 kB | 11 kB | 160/225 kB
2022.12.20 22:29:10 INFO  Progress (4): 285/569 kB | 245 kB | 11 kB | 164/225 kB
2022.12.20 22:29:10 INFO  Progress (4): 289/569 kB | 245 kB | 11 kB | 164/225 kB
2022.12.20 22:29:10 INFO  Progress (4): 293/569 kB | 245 kB | 11 kB | 164/225 kB
2022.12.20 22:29:10 INFO  Progress (4): 297/569 kB | 245 kB | 11 kB | 164/225 kB
2022.12.20 22:29:10 INFO  Progress (4): 297/569 kB | 245 kB | 11 kB | 168/225 kB
2022.12.20 22:29:10 INFO  Progress (4): 297/569 kB | 245 kB | 11 kB | 172/225 kB
2022.12.20 22:29:10 INFO  Progress (4): 301/569 kB | 245 kB | 11 kB | 172/225 kB
2022.12.20 22:29:10 INFO  Progress (4): 301/569 kB | 245 kB | 11 kB | 176/225 kB
2022.12.20 22:29:10 INFO  Progress (4): 301/569 kB | 245 kB | 11 kB | 180/225 kB
2022.12.20 22:29:10 INFO  Progress (4): 301/569 kB | 245 kB | 11 kB | 184/225 kB
2022.12.20 22:29:10 INFO  Progress (4): 301/569 kB | 245 kB | 11 kB | 188/225 kB
2022.12.20 22:29:10 INFO  Progress (4): 301/569 kB | 245 kB | 11 kB | 193/225 kB
2022.12.20 22:29:10 INFO  Progress (4): 301/569 kB | 245 kB | 11 kB | 197/225 kB
2022.12.20 22:29:10 INFO  Progress (4): 301/569 kB | 245 kB | 11 kB | 201/225 kB
2022.12.20 22:29:10 INFO  Progress (4): 301/569 kB | 245 kB | 11 kB | 205/225 kB
2022.12.20 22:29:10 INFO  Progress (4): 301/569 kB | 245 kB | 11 kB | 209/225 kB
2022.12.20 22:29:10 INFO  Progress (4): 301/569 kB | 245 kB | 11 kB | 213/225 kB
2022.12.20 22:29:10 INFO  Progress (4): 301/569 kB | 245 kB | 11 kB | 217/225 kB
2022.12.20 22:29:10 INFO  Progress (4): 301/569 kB | 245 kB | 11 kB | 221/225 kB
2022.12.20 22:29:10 INFO  Progress (4): 301/569 kB | 245 kB | 11 kB | 225/225 kB
2022.12.20 22:29:10 INFO  Progress (4): 301/569 kB | 245 kB | 11 kB | 225 kB    
2022.12.20 22:29:10 INFO  Progress (4): 305/569 kB | 245 kB | 11 kB | 225 kB
2022.12.20 22:29:10 INFO  Progress (4): 309/569 kB | 245 kB | 11 kB | 225 kB
2022.12.20 22:29:10 INFO  Progress (4): 313/569 kB | 245 kB | 11 kB | 225 kB
2022.12.20 22:29:10 INFO  Progress (4): 318/569 kB | 245 kB | 11 kB | 225 kB
2022.12.20 22:29:10 INFO  Progress (4): 322/569 kB | 245 kB | 11 kB | 225 kB
2022.12.20 22:29:10 INFO  Progress (4): 326/569 kB | 245 kB | 11 kB | 225 kB
2022.12.20 22:29:10 INFO  Progress (4): 330/569 kB | 245 kB | 11 kB | 225 kB
2022.12.20 22:29:10 INFO  Progress (4): 334/569 kB | 245 kB | 11 kB | 225 kB
2022.12.20 22:29:10 INFO  Progress (4): 338/569 kB | 245 kB | 11 kB | 225 kB
2022.12.20 22:29:10 INFO  Progress (4): 342/569 kB | 245 kB | 11 kB | 225 kB
2022.12.20 22:29:10 INFO  Progress (4): 346/569 kB | 245 kB | 11 kB | 225 kB
2022.12.20 22:29:10 INFO  Progress (4): 350/569 kB | 245 kB | 11 kB | 225 kB
2022.12.20 22:29:10 INFO  Progress (5): 350/569 kB | 245 kB | 11 kB | 225 kB | 4.1/60 kB
2022.12.20 22:29:10 INFO  Progress (5): 350/569 kB | 245 kB | 11 kB | 225 kB | 8.2/60 kB
2022.12.20 22:29:10 INFO  Progress (5): 350/569 kB | 245 kB | 11 kB | 225 kB | 12/60 kB 
2022.12.20 22:29:10 INFO  Progress (5): 350/569 kB | 245 kB | 11 kB | 225 kB | 16/60 kB
2022.12.20 22:29:10 INFO  Progress (5): 350/569 kB | 245 kB | 11 kB | 225 kB | 20/60 kB
2022.12.20 22:29:10 INFO  Progress (5): 350/569 kB | 245 kB | 11 kB | 225 kB | 24/60 kB
2022.12.20 22:29:10 INFO  Progress (5): 350/569 kB | 245 kB | 11 kB | 225 kB | 28/60 kB
2022.12.20 22:29:10 INFO  Progress (5): 350/569 kB | 245 kB | 11 kB | 225 kB | 32/60 kB
2022.12.20 22:29:10 INFO  Progress (5): 354/569 kB | 245 kB | 11 kB | 225 kB | 32/60 kB
2022.12.20 22:29:10 INFO  Progress (5): 354/569 kB | 245 kB | 11 kB | 225 kB | 36/60 kB
2022.12.20 22:29:10 INFO  Progress (5): 359/569 kB | 245 kB | 11 kB | 225 kB | 36/60 kB
2022.12.20 22:29:10 INFO  Progress (5): 359/569 kB | 245 kB | 11 kB | 225 kB | 40/60 kB
2022.12.20 22:29:10 INFO  Progress (5): 359/569 kB | 245 kB | 11 kB | 225 kB | 45/60 kB
2022.12.20 22:29:10 INFO  Progress (5): 363/569 kB | 245 kB | 11 kB | 225 kB | 45/60 kB
2022.12.20 22:29:10 INFO  Progress (5): 367/569 kB | 245 kB | 11 kB | 225 kB | 45/60 kB
2022.12.20 22:29:10 INFO  Progress (5): 367/569 kB | 245 kB | 11 kB | 225 kB | 49/60 kB
2022.12.20 22:29:10 INFO  Progress (5): 367/569 kB | 245 kB | 11 kB | 225 kB | 53/60 kB
2022.12.20 22:29:10 INFO  Progress (5): 367/569 kB | 245 kB | 11 kB | 225 kB | 57/60 kB
2022.12.20 22:29:10 INFO  Progress (5): 367/569 kB | 245 kB | 11 kB | 225 kB | 60 kB   
2022.12.20 22:29:10 INFO  Progress (5): 371/569 kB | 245 kB | 11 kB | 225 kB | 60 kB
2022.12.20 22:29:10 INFO  Progress (5): 375/569 kB | 245 kB | 11 kB | 225 kB | 60 kB
2022.12.20 22:29:10 INFO  Progress (5): 379/569 kB | 245 kB | 11 kB | 225 kB | 60 kB
2022.12.20 22:29:10 INFO  Progress (5): 383/569 kB | 245 kB | 11 kB | 225 kB | 60 kB
2022.12.20 22:29:10 INFO                                                            
2022.12.20 22:29:10 INFO  Downloaded from central: https://repo.maven.apache.org/maven2/org/scala-sbt/zinc-compile-core_2.13/1.5.5/zinc-compile-core_2.13-1.5.5.jar (245 kB at 36 kB/s)
2022.12.20 22:29:10 INFO  Downloading from central: https://repo.maven.apache.org/maven2/org/scala-sbt/util-control_2.13/1.5.0/util-control_2.13-1.5.0.jar
2022.12.20 22:29:10 INFO  Progress (4): 387/569 kB | 11 kB | 225 kB | 60 kB
2022.12.20 22:29:10 INFO  Progress (4): 391/569 kB | 11 kB | 225 kB | 60 kB
2022.12.20 22:29:10 INFO  Progress (4): 395/569 kB | 11 kB | 225 kB | 60 kB
2022.12.20 22:29:10 INFO  Progress (4): 399/569 kB | 11 kB | 225 kB | 60 kB
2022.12.20 22:29:10 INFO  Progress (4): 404/569 kB | 11 kB | 225 kB | 60 kB
2022.12.20 22:29:10 INFO  Progress (4): 408/569 kB | 11 kB | 225 kB | 60 kB
2022.12.20 22:29:10 INFO  Progress (4): 412/569 kB | 11 kB | 225 kB | 60 kB
2022.12.20 22:29:10 INFO  Progress (4): 416/569 kB | 11 kB | 225 kB | 60 kB
2022.12.20 22:29:10 INFO  Progress (4): 420/569 kB | 11 kB | 225 kB | 60 kB
2022.12.20 22:29:10 INFO  Progress (4): 424/569 kB | 11 kB | 225 kB | 60 kB
2022.12.20 22:29:10 INFO  Progress (4): 428/569 kB | 11 kB | 225 kB | 60 kB
2022.12.20 22:29:10 INFO  Progress (4): 432/569 kB | 11 kB | 225 kB | 60 kB
2022.12.20 22:29:10 INFO  Progress (4): 436/569 kB | 11 kB | 225 kB | 60 kB
2022.12.20 22:29:10 INFO  Progress (4): 440/569 kB | 11 kB | 225 kB | 60 kB
2022.12.20 22:29:10 INFO  Progress (4): 445/569 kB | 11 kB | 225 kB | 60 kB
2022.12.20 22:29:10 INFO  Progress (4): 449/569 kB | 11 kB | 225 kB | 60 kB
2022.12.20 22:29:10 INFO  Progress (4): 453/569 kB | 11 kB | 225 kB | 60 kB
2022.12.20 22:29:10 INFO  Progress (4): 457/569 kB | 11 kB | 225 kB | 60 kB
2022.12.20 22:29:10 INFO  Progress (4): 461/569 kB | 11 kB | 225 kB | 60 kB
2022.12.20 22:29:10 INFO  Progress (4): 465/569 kB | 11 kB | 225 kB | 60 kB
2022.12.20 22:29:10 INFO                                                   
2022.12.20 22:29:10 INFO  Downloaded from central: https://repo.maven.apache.org/maven2/org/scala-sbt/launcher-interface/1.1.3/launcher-interface-1.1.3.jar (11 kB at 1.6 kB/s)
2022.12.20 22:29:10 INFO  Downloading from central: https://repo.maven.apache.org/maven2/org/scala-sbt/zinc-classfile_2.13/1.5.5/zinc-classfile_2.13-1.5.5.jar
2022.12.20 22:29:10 INFO  Progress (3): 469/569 kB | 225 kB | 60 kB
2022.12.20 22:29:10 INFO  Progress (3): 473/569 kB | 225 kB | 60 kB
2022.12.20 22:29:10 INFO  Progress (3): 477/569 kB | 225 kB | 60 kB
2022.12.20 22:29:10 INFO  Progress (3): 481/569 kB | 225 kB | 60 kB
2022.12.20 22:29:10 INFO  Progress (3): 486/569 kB | 225 kB | 60 kB
2022.12.20 22:29:10 INFO  Progress (3): 490/569 kB | 225 kB | 60 kB
2022.12.20 22:29:10 INFO  Progress (3): 494/569 kB | 225 kB | 60 kB
2022.12.20 22:29:10 INFO  Progress (3): 498/569 kB | 225 kB | 60 kB
2022.12.20 22:29:10 INFO  Progress (3): 502/569 kB | 225 kB | 60 kB
2022.12.20 22:29:10 INFO  Progress (3): 506/569 kB | 225 kB | 60 kB
2022.12.20 22:29:10 INFO  Progress (3): 510/569 kB | 225 kB | 60 kB
2022.12.20 22:29:10 INFO  Progress (3): 514/569 kB | 225 kB | 60 kB
2022.12.20 22:29:10 INFO  Progress (3): 518/569 kB | 225 kB | 60 kB
2022.12.20 22:29:10 INFO  Progress (3): 522/569 kB | 225 kB | 60 kB
2022.12.20 22:29:10 INFO  Progress (3): 526/569 kB | 225 kB | 60 kB
2022.12.20 22:29:10 INFO  Progress (3): 531/569 kB | 225 kB | 60 kB
2022.12.20 22:29:10 INFO  Progress (3): 535/569 kB | 225 kB | 60 kB
2022.12.20 22:29:10 INFO  Progress (3): 539/569 kB | 225 kB | 60 kB
2022.12.20 22:29:10 INFO  Progress (3): 543/569 kB | 225 kB | 60 kB
2022.12.20 22:29:10 INFO  Progress (3): 547/569 kB | 225 kB | 60 kB
2022.12.20 22:29:10 INFO  Progress (3): 551/569 kB | 225 kB | 60 kB
2022.12.20 22:29:10 INFO  Progress (3): 555/569 kB | 225 kB | 60 kB
2022.12.20 22:29:10 INFO  Progress (3): 559/569 kB | 225 kB | 60 kB
2022.12.20 22:29:10 INFO  Progress (3): 563/569 kB | 225 kB | 60 kB
2022.12.20 22:29:10 INFO  Progress (3): 567/569 kB | 225 kB | 60 kB
2022.12.20 22:29:10 INFO  Progress (3): 569 kB | 225 kB | 60 kB    
2022.12.20 22:29:10 INFO                                       
2022.12.20 22:29:10 INFO  Downloaded from central: https://repo.maven.apache.org/maven2/org/scala-lang/modules/scala-parser-combinators_2.13/1.1.2/scala-parser-combinators_2.13-1.1.2.jar (225 kB at 33 kB/s)
2022.12.20 22:29:10 INFO  Downloaded from central: https://repo.maven.apache.org/maven2/net/openhft/zero-allocation-hashing/0.10.1/zero-allocation-hashing-0.10.1.jar (60 kB at 8.8 kB/s)
2022.12.20 22:29:10 INFO  Progress (2): 569 kB | 4.1/19 kB
2022.12.20 22:29:10 INFO  Progress (2): 569 kB | 8.2/19 kB
2022.12.20 22:29:10 INFO  Progress (2): 569 kB | 12/19 kB 
2022.12.20 22:29:10 INFO  Progress (2): 569 kB | 16/19 kB
2022.12.20 22:29:10 INFO  Progress (2): 569 kB | 19 kB   
2022.12.20 22:29:10 INFO  Progress (3): 569 kB | 19 kB | 4.1/104 kB
2022.12.20 22:29:10 INFO  Progress (3): 569 kB | 19 kB | 8.2/104 kB
2022.12.20 22:29:10 INFO  Progress (3): 569 kB | 19 kB | 12/104 kB 
2022.12.20 22:29:10 INFO  Progress (3): 569 kB | 19 kB | 16/104 kB
2022.12.20 22:29:10 INFO  Progress (3): 569 kB | 19 kB | 20/104 kB
2022.12.20 22:29:10 INFO  Progress (3): 569 kB | 19 kB | 24/104 kB
2022.12.20 22:29:10 INFO  Progress (3): 569 kB | 19 kB | 28/104 kB
2022.12.20 22:29:10 INFO  Progress (3): 569 kB | 19 kB | 32/104 kB
2022.12.20 22:29:10 INFO  Progress (3): 569 kB | 19 kB | 36/104 kB
2022.12.20 22:29:10 INFO  Progress (3): 569 kB | 19 kB | 40/104 kB
2022.12.20 22:29:10 INFO  Progress (3): 569 kB | 19 kB | 45/104 kB
2022.12.20 22:29:10 INFO  Progress (3): 569 kB | 19 kB | 49/104 kB
2022.12.20 22:29:10 INFO  Progress (3): 569 kB | 19 kB | 53/104 kB
2022.12.20 22:29:10 INFO  Progress (3): 569 kB | 19 kB | 57/104 kB
2022.12.20 22:29:10 INFO  Progress (3): 569 kB | 19 kB | 61/104 kB
2022.12.20 22:29:10 INFO  Progress (3): 569 kB | 19 kB | 65/104 kB
2022.12.20 22:29:10 INFO  Progress (3): 569 kB | 19 kB | 69/104 kB
2022.12.20 22:29:10 INFO  Progress (3): 569 kB | 19 kB | 73/104 kB
2022.12.20 22:29:10 INFO  Progress (3): 569 kB | 19 kB | 77/104 kB
2022.12.20 22:29:10 INFO  Progress (3): 569 kB | 19 kB | 81/104 kB
2022.12.20 22:29:10 INFO  Progress (3): 569 kB | 19 kB | 85/104 kB
2022.12.20 22:29:10 INFO  Progress (3): 569 kB | 19 kB | 90/104 kB
2022.12.20 22:29:10 INFO  Progress (3): 569 kB | 19 kB | 94/104 kB
2022.12.20 22:29:10 INFO  Progress (3): 569 kB | 19 kB | 98/104 kB
2022.12.20 22:29:10 INFO  Progress (3): 569 kB | 19 kB | 102/104 kB
2022.12.20 22:29:10 INFO  Progress (3): 569 kB | 19 kB | 104 kB    
2022.12.20 22:29:10 INFO                                       
2022.12.20 22:29:10 INFO  Downloaded from central: https://repo.maven.apache.org/maven2/org/scala-lang/modules/scala-xml_2.13/1.2.0/scala-xml_2.13-1.2.0.jar (569 kB at 81 kB/s)
2022.12.20 22:29:10 INFO  Downloaded from central: https://repo.maven.apache.org/maven2/org/scala-sbt/util-control_2.13/1.5.0/util-control_2.13-1.5.0.jar (19 kB at 2.7 kB/s)
2022.12.20 22:29:10 INFO  Downloaded from central: https://repo.maven.apache.org/maven2/org/scala-sbt/zinc-classfile_2.13/1.5.5/zinc-classfile_2.13-1.5.5.jar (104 kB at 15 kB/s)
2022.12.20 22:29:12 INFO  [INFO] Using empty launcher: no run setup for struture-automation.
2022.12.20 22:29:12 INFO  [ERROR] org.scala-lang:scala([0-9]?)-library is missing from project dependencies
2022.12.20 22:29:12 INFO  [INFO] Resolving artifact: com.fasterxml.jackson.core:jackson-annotations:jar:2.8.0:compile (sources = false)
2022.12.20 22:29:12 INFO  [INFO] SUCCESS: com.fasterxml.jackson.core:jackson-annotations:jar:2.8.0:compile (sources = false)
2022.12.20 22:29:12 INFO  [INFO] Resolving artifact: com.fasterxml.jackson.core:jackson-annotations:jar:2.8.0:compile (sources = true)
2022.12.20 22:29:12 INFO  Downloading from central: https://repo.maven.apache.org/maven2/com/fasterxml/jackson/core/jackson-annotations/2.8.0/jackson-annotations-2.8.0-sources.jar
2022.12.20 22:29:12 INFO  Progress (1): 4.1/58 kB
2022.12.20 22:29:12 INFO  Progress (1): 8.2/58 kB
2022.12.20 22:29:12 INFO  Progress (1): 12/58 kB 
2022.12.20 22:29:12 INFO  Progress (1): 16/58 kB
2022.12.20 22:29:12 INFO  Progress (1): 20/58 kB
2022.12.20 22:29:12 INFO  Progress (1): 25/58 kB
2022.12.20 22:29:12 INFO  Progress (1): 29/58 kB
2022.12.20 22:29:12 INFO  Progress (1): 33/58 kB
2022.12.20 22:29:12 INFO  Progress (1): 37/58 kB
2022.12.20 22:29:12 INFO  Progress (1): 41/58 kB
2022.12.20 22:29:12 INFO  Progress (1): 45/58 kB
2022.12.20 22:29:12 INFO  Progress (1): 49/58 kB
2022.12.20 22:29:12 INFO  Progress (1): 53/58 kB
2022.12.20 22:29:12 INFO  Progress (1): 57/58 kB
2022.12.20 22:29:12 INFO  Progress (1): 58 kB   
2022.12.20 22:29:12 INFO                     
2022.12.20 22:29:12 INFO  Downloaded from central: https://repo.maven.apache.org/maven2/com/fasterxml/jackson/core/jackson-annotations/2.8.0/jackson-annotations-2.8.0-sources.jar (58 kB at 200 kB/s)
2022.12.20 22:29:12 INFO  [INFO] SUCCESS: com.fasterxml.jackson.core:jackson-annotations:jar:2.8.0:compile (sources = true)
2022.12.20 22:29:12 INFO  [INFO] Resolving artifact: org.codehaus.groovy:groovy:jar:2.4.12:compile (sources = false)
2022.12.20 22:29:12 INFO  [INFO] SUCCESS: org.codehaus.groovy:groovy:jar:2.4.12:compile (sources = false)
2022.12.20 22:29:12 INFO  [INFO] Resolving artifact: org.codehaus.groovy:groovy:jar:2.4.12:compile (sources = true)
2022.12.20 22:29:12 INFO  Downloading from central: https://repo.maven.apache.org/maven2/org/codehaus/groovy/groovy/2.4.12/groovy-2.4.12-sources.jar
2022.12.20 22:29:12 INFO  Progress (1): 0/2.1 MB
2022.12.20 22:29:12 INFO  Progress (1): 0/2.1 MB
2022.12.20 22:29:12 INFO  Progress (1): 0/2.1 MB
2022.12.20 22:29:12 INFO  Progress (1): 0.1/2.1 MB
2022.12.20 22:29:12 INFO  Progress (1): 0.1/2.1 MB
2022.12.20 22:29:12 INFO  Progress (1): 0.1/2.1 MB
2022.12.20 22:29:12 INFO  Progress (1): 0.1/2.1 MB
2022.12.20 22:29:12 INFO  Progress (1): 0.1/2.1 MB
2022.12.20 22:29:12 INFO  Progress (1): 0.1/2.1 MB
2022.12.20 22:29:12 INFO  Progress (1): 0.2/2.1 MB
2022.12.20 22:29:12 INFO  Progress (1): 0.2/2.1 MB
2022.12.20 22:29:12 INFO  Progress (1): 0.2/2.1 MB
2022.12.20 22:29:12 INFO  Progress (1): 0.2/2.1 MB
2022.12.20 22:29:12 INFO  Progress (1): 0.2/2.1 MB
2022.12.20 22:29:12 INFO  Progress (1): 0.2/2.1 MB
2022.12.20 22:29:12 INFO  Progress (1): 0.3/2.1 MB
2022.12.20 22:29:12 INFO  Progress (1): 0.3/2.1 MB
2022.12.20 22:29:12 INFO  Progress (1): 0.3/2.1 MB
2022.12.20 22:29:12 INFO  Progress (1): 0.3/2.1 MB
2022.12.20 22:29:12 INFO  Progress (1): 0.3/2.1 MB
2022.12.20 22:29:12 INFO  Progress (1): 0.3/2.1 MB
2022.12.20 22:29:12 INFO  Progress (1): 0.4/2.1 MB
2022.12.20 22:29:12 INFO  Progress (1): 0.4/2.1 MB
2022.12.20 22:29:12 INFO  Progress (1): 0.4/2.1 MB
2022.12.20 22:29:12 INFO  Progress (1): 0.4/2.1 MB
2022.12.20 22:29:12 INFO  Progress (1): 0.4/2.1 MB
2022.12.20 22:29:12 INFO  Progress (1): 0.4/2.1 MB
2022.12.20 22:29:12 INFO  Progress (1): 0.5/2.1 MB
2022.12.20 22:29:12 INFO  Progress (1): 0.5/2.1 MB
2022.12.20 22:29:12 INFO  Progress (1): 0.5/2.1 MB
2022.12.20 22:29:12 INFO  Progress (1): 0.5/2.1 MB
2022.12.20 22:29:12 INFO  Progress (1): 0.5/2.1 MB
2022.12.20 22:29:12 INFO  Progress (1): 0.5/2.1 MB
2022.12.20 22:29:12 INFO  Progress (1): 0.6/2.1 MB
2022.12.20 22:29:12 INFO  Progress (1): 0.6/2.1 MB
2022.12.20 22:29:12 INFO  Progress (1): 0.6/2.1 MB
2022.12.20 22:29:12 INFO  Progress (1): 0.6/2.1 MB
2022.12.20 22:29:12 INFO  Progress (1): 0.6/2.1 MB
2022.12.20 22:29:12 INFO  Progress (1): 0.6/2.1 MB
2022.12.20 22:29:12 INFO  Progress (1): 0.7/2.1 MB
2022.12.20 22:29:12 INFO  Progress (1): 0.7/2.1 MB
2022.12.20 22:29:12 INFO  Progress (1): 0.7/2.1 MB
2022.12.20 22:29:12 INFO  Progress (1): 0.7/2.1 MB
2022.12.20 22:29:12 INFO  Progress (1): 0.7/2.1 MB
2022.12.20 22:29:12 INFO  Progress (1): 0.7/2.1 MB
2022.12.20 22:29:12 INFO  Progress (1): 0.8/2.1 MB
2022.12.20 22:29:12 INFO  Progress (1): 0.8/2.1 MB
2022.12.20 22:29:12 INFO  Progress (1): 0.8/2.1 MB
2022.12.20 22:29:12 INFO  Progress (1): 0.8/2.1 MB
2022.12.20 22:29:12 INFO  Progress (1): 0.8/2.1 MB
2022.12.20 22:29:12 INFO  Progress (1): 0.8/2.1 MB
2022.12.20 22:29:12 INFO  Progress (1): 0.9/2.1 MB
2022.12.20 22:29:12 INFO  Progress (1): 0.9/2.1 MB
2022.12.20 22:29:12 INFO  Progress (1): 0.9/2.1 MB
2022.12.20 22:29:12 INFO  Progress (1): 0.9/2.1 MB
2022.12.20 22:29:12 INFO  Progress (1): 0.9/2.1 MB
2022.12.20 22:29:12 INFO  Progress (1): 0.9/2.1 MB
2022.12.20 22:29:12 INFO  Progress (1): 1.0/2.1 MB
2022.12.20 22:29:12 INFO  Progress (1): 1.0/2.1 MB
2022.12.20 22:29:12 INFO  Progress (1): 1.0/2.1 MB
2022.12.20 22:29:12 INFO  Progress (1): 1.0/2.1 MB
2022.12.20 22:29:12 INFO  Progress (1): 1.0/2.1 MB
2022.12.20 22:29:12 INFO  Progress (1): 1.0/2.1 MB
2022.12.20 22:29:12 INFO  Progress (1): 1.1/2.1 MB
2022.12.20 22:29:12 INFO  Progress (1): 1.1/2.1 MB
2022.12.20 22:29:12 INFO  Progress (1): 1.1/2.1 MB
2022.12.20 22:29:12 INFO  Progress (1): 1.1/2.1 MB
2022.12.20 22:29:12 INFO  Progress (1): 1.1/2.1 MB
2022.12.20 22:29:12 INFO  Progress (1): 1.1/2.1 MB
2022.12.20 22:29:12 INFO  Progress (1): 1.2/2.1 MB
2022.12.20 22:29:12 INFO  Progress (1): 1.2/2.1 MB
2022.12.20 22:29:12 INFO  Progress (1): 1.2/2.1 MB
2022.12.20 22:29:12 INFO  Progress (1): 1.2/2.1 MB
2022.12.20 22:29:12 INFO  Progress (1): 1.2/2.1 MB
2022.12.20 22:29:12 INFO  Progress (1): 1.2/2.1 MB
2022.12.20 22:29:12 INFO  Progress (1): 1.3/2.1 MB
2022.12.20 22:29:12 INFO  Progress (1): 1.3/2.1 MB
2022.12.20 22:29:12 INFO  Progress (1): 1.3/2.1 MB
2022.12.20 22:29:12 INFO  Progress (1): 1.3/2.1 MB
2022.12.20 22:29:12 INFO  Progress (1): 1.3/2.1 MB
2022.12.20 22:29:12 INFO  Progress (1): 1.3/2.1 MB
2022.12.20 22:29:12 INFO  Progress (1): 1.3/2.1 MB
2022.12.20 22:29:12 INFO  Progress (1): 1.4/2.1 MB
2022.12.20 22:29:12 INFO  Progress (1): 1.4/2.1 MB
2022.12.20 22:29:12 INFO  Progress (1): 1.4/2.1 MB
2022.12.20 22:29:12 INFO  Progress (1): 1.4/2.1 MB
2022.12.20 22:29:12 INFO  Progress (1): 1.4/2.1 MB
2022.12.20 22:29:12 INFO  Progress (1): 1.4/2.1 MB
2022.12.20 22:29:12 INFO  Progress (1): 1.5/2.1 MB
2022.12.20 22:29:12 INFO  Progress (1): 1.5/2.1 MB
2022.12.20 22:29:12 INFO  Progress (1): 1.5/2.1 MB
2022.12.20 22:29:12 INFO  Progress (1): 1.5/2.1 MB
2022.12.20 22:29:12 INFO  Progress (1): 1.5/2.1 MB
2022.12.20 22:29:12 INFO  Progress (1): 1.5/2.1 MB
2022.12.20 22:29:12 INFO  Progress (1): 1.6/2.1 MB
2022.12.20 22:29:12 INFO  Progress (1): 1.6/2.1 MB
2022.12.20 22:29:12 INFO  Progress (1): 1.6/2.1 MB
2022.12.20 22:29:12 INFO  Progress (1): 1.6/2.1 MB
2022.12.20 22:29:12 INFO  Progress (1): 1.6/2.1 MB
2022.12.20 22:29:12 INFO  Progress (1): 1.6/2.1 MB
2022.12.20 22:29:12 INFO  Progress (1): 1.7/2.1 MB
2022.12.20 22:29:12 INFO  Progress (1): 1.7/2.1 MB
2022.12.20 22:29:12 INFO  Progress (1): 1.7/2.1 MB
2022.12.20 22:29:12 INFO  Progress (1): 1.7/2.1 MB
2022.12.20 22:29:12 INFO  Progress (1): 1.7/2.1 MB
2022.12.20 22:29:12 INFO  Progress (1): 1.7/2.1 MB
2022.12.20 22:29:12 INFO  Progress (1): 1.8/2.1 MB
2022.12.20 22:29:12 INFO  Progress (1): 1.8/2.1 MB
2022.12.20 22:29:12 INFO  Progress (1): 1.8/2.1 MB
2022.12.20 22:29:12 INFO  Progress (1): 1.8/2.1 MB
2022.12.20 22:29:12 INFO  Progress (1): 1.8/2.1 MB
2022.12.20 22:29:12 INFO  Progress (1): 1.8/2.1 MB
2022.12.20 22:29:12 INFO  Progress (1): 1.9/2.1 MB
2022.12.20 22:29:12 INFO  Progress (1): 1.9/2.1 MB
2022.12.20 22:29:12 INFO  Progress (1): 1.9/2.1 MB
2022.12.20 22:29:12 INFO  Progress (1): 1.9/2.1 MB
2022.12.20 22:29:12 INFO  Progress (1): 1.9/2.1 MB
2022.12.20 22:29:12 INFO  Progress (1): 1.9/2.1 MB
2022.12.20 22:29:12 INFO  Progress (1): 2.0/2.1 MB
2022.12.20 22:29:12 INFO  Progress (1): 2.0/2.1 MB
2022.12.20 22:29:12 INFO  Progress (1): 2.0/2.1 MB
2022.12.20 22:29:12 INFO  Progress (1): 2.0/2.1 MB
2022.12.20 22:29:12 INFO  Progress (1): 2.0/2.1 MB
2022.12.20 22:29:12 INFO  Progress (1): 2.0/2.1 MB
2022.12.20 22:29:12 INFO  Progress (1): 2.1/2.1 MB
2022.12.20 22:29:12 INFO  Progress (1): 2.1 MB    
2022.12.20 22:29:12 INFO                      
2022.12.20 22:29:12 INFO  Downloaded from central: https://repo.maven.apache.org/maven2/org/codehaus/groovy/groovy/2.4.12/groovy-2.4.12-sources.jar (2.1 MB at 4.3 MB/s)
2022.12.20 22:29:12 INFO  [INFO] SUCCESS: org.codehaus.groovy:groovy:jar:2.4.12:compile (sources = true)
2022.12.20 22:29:12 INFO  [INFO] Resolving artifact: velocity-tools:velocity-tools:jar:1.4:compile (sources = false)
2022.12.20 22:29:12 INFO  [INFO] SUCCESS: velocity-tools:velocity-tools:jar:1.4:compile (sources = false)
2022.12.20 22:29:12 INFO  [INFO] Resolving artifact: velocity-tools:velocity-tools:jar:1.4:compile (sources = true)
2022.12.20 22:29:12 INFO  Downloading from central: https://repo.maven.apache.org/maven2/velocity-tools/velocity-tools/1.4/velocity-tools-1.4-sources.jar
2022.12.20 22:29:12 INFO  [ERROR] FAILURE velocity-tools:velocity-tools:jar:1.4:compile (sources = true)
2022.12.20 22:29:12 INFO  org.eclipse.aether.resolution.ArtifactResolutionException: Could not find artifact velocity-tools:velocity-tools:jar:sources:1.4 in central (https://repo.maven.apache.org/maven2)
2022.12.20 22:29:12 INFO      at org.eclipse.aether.internal.impl.DefaultArtifactResolver.resolve (DefaultArtifactResolver.java:425)
2022.12.20 22:29:12 INFO      at org.eclipse.aether.internal.impl.DefaultArtifactResolver.resolveArtifacts (DefaultArtifactResolver.java:229)
2022.12.20 22:29:12 INFO      at org.eclipse.aether.internal.impl.DefaultArtifactResolver.resolveArtifact (DefaultArtifactResolver.java:207)
2022.12.20 22:29:12 INFO      at org.eclipse.aether.internal.impl.DefaultRepositorySystem.resolveArtifact (DefaultRepositorySystem.java:262)
2022.12.20 22:29:12 INFO      at bloop.integrations.maven.MojoImplementation$.bloop$integrations$maven$MojoImplementation$$resolveArtifact$1 (MojoImplementation.scala:117)
2022.12.20 22:29:12 INFO      at bloop.integrations.maven.MojoImplementation$$anonfun$2.applyOrElse (MojoImplementation.scala:243)
2022.12.20 22:29:12 INFO      at bloop.integrations.maven.MojoImplementation$$anonfun$2.applyOrElse (MojoImplementation.scala:225)
2022.12.20 22:29:12 INFO      at scala.collection.StrictOptimizedIterableOps.collect (StrictOptimizedIterableOps.scala:151)
2022.12.20 22:29:12 INFO      at scala.collection.StrictOptimizedIterableOps.collect$ (StrictOptimizedIterableOps.scala:136)
2022.12.20 22:29:12 INFO      at scala.collection.mutable.HashSet.collect (HashSet.scala:31)
2022.12.20 22:29:12 INFO      at bloop.integrations.maven.MojoImplementation$.writeConfig$1 (MojoImplementation.scala:225)
2022.12.20 22:29:12 INFO      at bloop.integrations.maven.MojoImplementation$.writeCompileAndTestConfiguration (MojoImplementation.scala:300)
2022.12.20 22:29:12 INFO      at bloop.integrations.maven.MojoImplementation.writeCompileAndTestConfiguration (MojoImplementation.scala)
2022.12.20 22:29:12 INFO      at bloop.integrations.maven.BloopMojo.execute (BloopMojo.java:104)
2022.12.20 22:29:12 INFO      at org.apache.maven.plugin.DefaultBuildPluginManager.executeMojo (DefaultBuildPluginManager.java:137)
2022.12.20 22:29:12 INFO      at org.apache.maven.lifecycle.internal.MojoExecutor.doExecute2 (MojoExecutor.java:370)
2022.12.20 22:29:12 INFO      at org.apache.maven.lifecycle.internal.MojoExecutor.doExecute (MojoExecutor.java:351)
2022.12.20 22:29:12 INFO      at org.apache.maven.lifecycle.internal.MojoExecutor.execute (MojoExecutor.java:215)
2022.12.20 22:29:12 INFO      at org.apache.maven.lifecycle.internal.MojoExecutor.execute (MojoExecutor.java:171)
2022.12.20 22:29:12 INFO      at org.apache.maven.lifecycle.internal.MojoExecutor.execute (MojoExecutor.java:163)
2022.12.20 22:29:12 INFO      at org.apache.maven.lifecycle.internal.LifecycleModuleBuilder.buildProject (LifecycleModuleBuilder.java:117)
2022.12.20 22:29:12 INFO      at org.apache.maven.lifecycle.internal.LifecycleModuleBuilder.buildProject (LifecycleModuleBuilder.java:81)
2022.12.20 22:29:12 INFO      at org.apache.maven.lifecycle.internal.builder.singlethreaded.SingleThreadedBuilder.build (SingleThreadedBuilder.java:56)
2022.12.20 22:29:12 INFO      at org.apache.maven.lifecycle.internal.LifecycleStarter.execute (LifecycleStarter.java:128)
2022.12.20 22:29:12 INFO      at org.apache.maven.DefaultMaven.doExecute (DefaultMaven.java:294)
2022.12.20 22:29:12 INFO      at org.apache.maven.DefaultMaven.doExecute (DefaultMaven.java:192)
2022.12.20 22:29:12 INFO      at org.apache.maven.DefaultMaven.execute (DefaultMaven.java:105)
2022.12.20 22:29:12 INFO      at org.apache.maven.cli.MavenCli.execute (MavenCli.java:960)
2022.12.20 22:29:12 INFO      at org.apache.maven.cli.MavenCli.doMain (MavenCli.java:293)
2022.12.20 22:29:12 INFO      at org.apache.maven.cli.MavenCli.main (MavenCli.java:196)
2022.12.20 22:29:12 INFO      at jdk.internal.reflect.NativeMethodAccessorImpl.invoke0 (Native Method)
2022.12.20 22:29:12 INFO      at jdk.internal.reflect.NativeMethodAccessorImpl.invoke (NativeMethodAccessorImpl.java:77)
2022.12.20 22:29:12 INFO      at jdk.internal.reflect.DelegatingMethodAccessorImpl.invoke (DelegatingMethodAccessorImpl.java:43)
2022.12.20 22:29:12 INFO      at java.lang.reflect.Method.invoke (Method.java:568)
2022.12.20 22:29:12 INFO      at org.codehaus.plexus.classworlds.launcher.Launcher.launchEnhanced (Launcher.java:282)
2022.12.20 22:29:12 INFO      at org.codehaus.plexus.classworlds.launcher.Launcher.launch (Launcher.java:225)
2022.12.20 22:29:12 INFO      at org.codehaus.plexus.classworlds.launcher.Launcher.mainWithExitCode (Launcher.java:406)
2022.12.20 22:29:12 INFO      at org.codehaus.plexus.classworlds.launcher.Launcher.main (Launcher.java:347)
2022.12.20 22:29:12 INFO      at jdk.internal.reflect.NativeMethodAccessorImpl.invoke0 (Native Method)
2022.12.20 22:29:12 INFO      at jdk.internal.reflect.NativeMethodAccessorImpl.invoke (NativeMethodAccessorImpl.java:77)
2022.12.20 22:29:12 INFO      at jdk.internal.reflect.DelegatingMethodAccessorImpl.invoke (DelegatingMethodAccessorImpl.java:43)
2022.12.20 22:29:12 INFO      at java.lang.reflect.Method.invoke (Method.java:568)
2022.12.20 22:29:12 INFO      at org.apache.maven.wrapper.BootstrapMainStarter.start (BootstrapMainStarter.java:53)
2022.12.20 22:29:12 INFO      at org.apache.maven.wrapper.WrapperExecutor.execute (WrapperExecutor.java:152)
2022.12.20 22:29:12 INFO      at org.apache.maven.wrapper.MavenWrapperMain.main (MavenWrapperMain.java:76)
2022.12.20 22:29:12 INFO  Caused by: org.eclipse.aether.transfer.ArtifactNotFoundException: Could not find artifact velocity-tools:velocity-tools:jar:sources:1.4 in central (https://repo.maven.apache.org/maven2)
2022.12.20 22:29:12 INFO      at org.eclipse.aether.connector.basic.ArtifactTransportListener.transferFailed (ArtifactTransportListener.java:48)
2022.12.20 22:29:12 INFO      at org.eclipse.aether.connector.basic.BasicRepositoryConnector$TaskRunner.run (BasicRepositoryConnector.java:369)
2022.12.20 22:29:12 INFO      at org.eclipse.aether.util.concurrency.RunnableErrorForwarder$1.run (RunnableErrorForwarder.java:75)
2022.12.20 22:29:12 INFO      at org.eclipse.aether.connector.basic.BasicRepositoryConnector$DirectExecutor.execute (BasicRepositoryConnector.java:628)
2022.12.20 22:29:12 INFO      at org.eclipse.aether.connector.basic.BasicRepositoryConnector.get (BasicRepositoryConnector.java:262)
2022.12.20 22:29:12 INFO      at org.eclipse.aether.internal.impl.DefaultArtifactResolver.performDownloads (DefaultArtifactResolver.java:514)
2022.12.20 22:29:12 INFO      at org.eclipse.aether.internal.impl.DefaultArtifactResolver.resolve (DefaultArtifactResolver.java:402)
2022.12.20 22:29:12 INFO      at org.eclipse.aether.internal.impl.DefaultArtifactResolver.resolveArtifacts (DefaultArtifactResolver.java:229)
2022.12.20 22:29:12 INFO      at org.eclipse.aether.internal.impl.DefaultArtifactResolver.resolveArtifact (DefaultArtifactResolver.java:207)
2022.12.20 22:29:12 INFO      at org.eclipse.aether.internal.impl.DefaultRepositorySystem.resolveArtifact (DefaultRepositorySystem.java:262)
2022.12.20 22:29:12 INFO      at bloop.integrations.maven.MojoImplementation$.bloop$integrations$maven$MojoImplementation$$resolveArtifact$1 (MojoImplementation.scala:117)
2022.12.20 22:29:12 INFO      at bloop.integrations.maven.MojoImplementation$$anonfun$2.applyOrElse (MojoImplementation.scala:243)
2022.12.20 22:29:12 INFO      at bloop.integrations.maven.MojoImplementation$$anonfun$2.applyOrElse (MojoImplementation.scala:225)
2022.12.20 22:29:12 INFO      at scala.collection.StrictOptimizedIterableOps.collect (StrictOptimizedIterableOps.scala:151)
2022.12.20 22:29:12 INFO      at scala.collection.StrictOptimizedIterableOps.collect$ (StrictOptimizedIterableOps.scala:136)
2022.12.20 22:29:12 INFO      at scala.collection.mutable.HashSet.collect (HashSet.scala:31)
2022.12.20 22:29:12 INFO      at bloop.integrations.maven.MojoImplementation$.writeConfig$1 (MojoImplementation.scala:225)
2022.12.20 22:29:12 INFO      at bloop.integrations.maven.MojoImplementation$.writeCompileAndTestConfiguration (MojoImplementation.scala:300)
2022.12.20 22:29:12 INFO      at bloop.integrations.maven.MojoImplementation.writeCompileAndTestConfiguration (MojoImplementation.scala)
2022.12.20 22:29:12 INFO      at bloop.integrations.maven.BloopMojo.execute (BloopMojo.java:104)
2022.12.20 22:29:12 INFO      at org.apache.maven.plugin.DefaultBuildPluginManager.executeMojo (DefaultBuildPluginManager.java:137)
2022.12.20 22:29:12 INFO      at org.apache.maven.lifecycle.internal.MojoExecutor.doExecute2 (MojoExecutor.java:370)
2022.12.20 22:29:12 INFO      at org.apache.maven.lifecycle.internal.MojoExecutor.doExecute (MojoExecutor.java:351)
2022.12.20 22:29:12 INFO      at org.apache.maven.lifecycle.internal.MojoExecutor.execute (MojoExecutor.java:215)
2022.12.20 22:29:12 INFO      at org.apache.maven.lifecycle.internal.MojoExecutor.execute (MojoExecutor.java:171)
2022.12.20 22:29:12 INFO      at org.apache.maven.lifecycle.internal.MojoExecutor.execute (MojoExecutor.java:163)
2022.12.20 22:29:12 INFO      at org.apache.maven.lifecycle.internal.LifecycleModuleBuilder.buildProject (LifecycleModuleBuilder.java:117)
2022.12.20 22:29:12 INFO      at org.apache.maven.lifecycle.internal.LifecycleModuleBuilder.buildProject (LifecycleModuleBuilder.java:81)
2022.12.20 22:29:12 INFO      at org.apache.maven.lifecycle.internal.builder.singlethreaded.SingleThreadedBuilder.build (SingleThreadedBuilder.java:56)
2022.12.20 22:29:12 INFO      at org.apache.maven.lifecycle.internal.LifecycleStarter.execute (LifecycleStarter.java:128)
2022.12.20 22:29:12 INFO      at org.apache.maven.DefaultMaven.doExecute (DefaultMaven.java:294)
2022.12.20 22:29:12 INFO      at org.apache.maven.DefaultMaven.doExecute (DefaultMaven.java:192)
2022.12.20 22:29:12 INFO      at org.apache.maven.DefaultMaven.execute (DefaultMaven.java:105)
2022.12.20 22:29:12 INFO      at org.apache.maven.cli.MavenCli.execute (MavenCli.java:960)
2022.12.20 22:29:12 INFO      at org.apache.maven.cli.MavenCli.doMain (MavenCli.java:293)
2022.12.20 22:29:12 INFO      at org.apache.maven.cli.MavenCli.main (MavenCli.java:196)
2022.12.20 22:29:12 INFO      at jdk.internal.reflect.NativeMethodAccessorImpl.invoke0 (Native Method)
2022.12.20 22:29:12 INFO      at jdk.internal.reflect.NativeMethodAccessorImpl.invoke (NativeMethodAccessorImpl.java:77)
2022.12.20 22:29:12 INFO      at jdk.internal.reflect.DelegatingMethodAccessorImpl.invoke (DelegatingMethodAccessorImpl.java:43)
2022.12.20 22:29:13 INFO      at java.lang.reflect.Method.invoke (Method.java:568)
2022.12.20 22:29:13 INFO      at org.codehaus.plexus.classworlds.launcher.Launcher.launchEnhanced (Launcher.java:282)
2022.12.20 22:29:13 INFO      at org.codehaus.plexus.classworlds.launcher.Launcher.launch (Launcher.java:225)
2022.12.20 22:29:13 INFO      at org.codehaus.plexus.classworlds.launcher.Launcher.mainWithExitCode (Launcher.java:406)
2022.12.20 22:29:13 INFO      at org.codehaus.plexus.classworlds.launcher.Launcher.main (Launcher.java:347)
2022.12.20 22:29:13 INFO      at jdk.internal.reflect.NativeMethodAccessorImpl.invoke0 (Native Method)
2022.12.20 22:29:13 INFO      at jdk.internal.reflect.NativeMethodAccessorImpl.invoke (NativeMethodAccessorImpl.java:77)
2022.12.20 22:29:13 INFO      at jdk.internal.reflect.DelegatingMethodAccessorImpl.invoke (DelegatingMethodAccessorImpl.java:43)
2022.12.20 22:29:13 INFO      at java.lang.reflect.Method.invoke (Method.java:568)
2022.12.20 22:29:13 INFO      at org.apache.maven.wrapper.BootstrapMainStarter.start (BootstrapMainStarter.java:53)
2022.12.20 22:29:13 INFO      at org.apache.maven.wrapper.WrapperExecutor.execute (WrapperExecutor.java:152)
2022.12.20 22:29:13 INFO      at org.apache.maven.wrapper.MavenWrapperMain.main (MavenWrapperMain.java:76)
2022.12.20 22:29:13 INFO  [INFO] Resolving artifact: org.skyscreamer:jsonassert:jar:1.5.0:test (sources = false)
2022.12.20 22:29:13 INFO  [INFO] SUCCESS: org.skyscreamer:jsonassert:jar:1.5.0:test (sources = false)
2022.12.20 22:29:13 INFO  [INFO] Resolving artifact: org.skyscreamer:jsonassert:jar:1.5.0:test (sources = true)
2022.12.20 22:29:13 INFO  Downloading from central: https://repo.maven.apache.org/maven2/org/skyscreamer/jsonassert/1.5.0/jsonassert-1.5.0-sources.jar
2022.12.20 22:29:13 INFO  Progress (1): 4.1/30 kB
2022.12.20 22:29:13 INFO  Progress (1): 8.2/30 kB
2022.12.20 22:29:13 INFO  Progress (1): 12/30 kB 
2022.12.20 22:29:13 INFO  Progress (1): 16/30 kB
2022.12.20 22:29:13 INFO  Progress (1): 20/30 kB
2022.12.20 22:29:13 INFO  Progress (1): 25/30 kB
2022.12.20 22:29:13 INFO  Progress (1): 29/30 kB
2022.12.20 22:29:13 INFO  Progress (1): 30 kB   
2022.12.20 22:29:13 INFO                     
2022.12.20 22:29:13 INFO  Downloaded from central: https://repo.maven.apache.org/maven2/org/skyscreamer/jsonassert/1.5.0/jsonassert-1.5.0-sources.jar (30 kB at 103 kB/s)
2022.12.20 22:29:13 INFO  [INFO] SUCCESS: org.skyscreamer:jsonassert:jar:1.5.0:test (sources = true)
2022.12.20 22:29:13 INFO  [INFO] Resolving artifact: net.bytebuddy:byte-buddy:jar:1.8.15:compile (sources = false)
2022.12.20 22:29:13 INFO  [INFO] SUCCESS: net.bytebuddy:byte-buddy:jar:1.8.15:compile (sources = false)
2022.12.20 22:29:13 INFO  [INFO] Resolving artifact: net.bytebuddy:byte-buddy:jar:1.8.15:compile (sources = true)
2022.12.20 22:29:13 INFO  Downloading from central: https://repo.maven.apache.org/maven2/net/bytebuddy/byte-buddy/1.8.15/byte-buddy-1.8.15-sources.jar
2022.12.20 22:29:13 INFO  Progress (1): 8.2/959 kB
2022.12.20 22:29:13 INFO  Progress (1): 16/959 kB 
2022.12.20 22:29:13 INFO  Progress (1): 25/959 kB
2022.12.20 22:29:13 INFO  Progress (1): 33/959 kB
2022.12.20 22:29:13 INFO  Progress (1): 41/959 kB
2022.12.20 22:29:13 INFO  Progress (1): 49/959 kB
2022.12.20 22:29:13 INFO  Progress (1): 57/959 kB
2022.12.20 22:29:13 INFO  Progress (1): 66/959 kB
2022.12.20 22:29:13 INFO  Progress (1): 74/959 kB
2022.12.20 22:29:13 INFO  Progress (1): 82/959 kB
2022.12.20 22:29:13 INFO  Progress (1): 90/959 kB
2022.12.20 22:29:13 INFO  Progress (1): 98/959 kB
2022.12.20 22:29:13 INFO  Progress (1): 106/959 kB
2022.12.20 22:29:13 INFO  Progress (1): 115/959 kB
2022.12.20 22:29:13 INFO  Progress (1): 123/959 kB
2022.12.20 22:29:13 INFO  Progress (1): 131/959 kB
2022.12.20 22:29:13 INFO  Progress (1): 139/959 kB
2022.12.20 22:29:13 INFO  Progress (1): 147/959 kB
2022.12.20 22:29:13 INFO  Progress (1): 156/959 kB
2022.12.20 22:29:13 INFO  Progress (1): 164/959 kB
2022.12.20 22:29:13 INFO  Progress (1): 172/959 kB
2022.12.20 22:29:13 INFO  Progress (1): 180/959 kB
2022.12.20 22:29:13 INFO  Progress (1): 188/959 kB
2022.12.20 22:29:13 INFO  Progress (1): 197/959 kB
2022.12.20 22:29:13 INFO  Progress (1): 205/959 kB
2022.12.20 22:29:13 INFO  Progress (1): 213/959 kB
2022.12.20 22:29:13 INFO  Progress (1): 221/959 kB
2022.12.20 22:29:13 INFO  Progress (1): 229/959 kB
2022.12.20 22:29:13 INFO  Progress (1): 238/959 kB
2022.12.20 22:29:13 INFO  Progress (1): 246/959 kB
2022.12.20 22:29:13 INFO  Progress (1): 254/959 kB
2022.12.20 22:29:13 INFO  Progress (1): 262/959 kB
2022.12.20 22:29:13 INFO  Progress (1): 270/959 kB
2022.12.20 22:29:13 INFO  Progress (1): 279/959 kB
2022.12.20 22:29:13 INFO  Progress (1): 287/959 kB
2022.12.20 22:29:13 INFO  Progress (1): 295/959 kB
2022.12.20 22:29:13 INFO  Progress (1): 303/959 kB
2022.12.20 22:29:13 INFO  Progress (1): 311/959 kB
2022.12.20 22:29:13 INFO  Progress (1): 319/959 kB
2022.12.20 22:29:13 INFO  Progress (1): 328/959 kB
2022.12.20 22:29:13 INFO  Progress (1): 336/959 kB
2022.12.20 22:29:13 INFO  Progress (1): 344/959 kB
2022.12.20 22:29:13 INFO  Progress (1): 352/959 kB
2022.12.20 22:29:13 INFO  Progress (1): 360/959 kB
2022.12.20 22:29:13 INFO  Progress (1): 369/959 kB
2022.12.20 22:29:13 INFO  Progress (1): 377/959 kB
2022.12.20 22:29:13 INFO  Progress (1): 385/959 kB
2022.12.20 22:29:13 INFO  Progress (1): 393/959 kB
2022.12.20 22:29:13 INFO  Progress (1): 401/959 kB
2022.12.20 22:29:13 INFO  Progress (1): 410/959 kB
2022.12.20 22:29:13 INFO  Progress (1): 418/959 kB
2022.12.20 22:29:13 INFO  Progress (1): 426/959 kB
2022.12.20 22:29:13 INFO  Progress (1): 434/959 kB
2022.12.20 22:29:13 INFO  Progress (1): 442/959 kB
2022.12.20 22:29:13 INFO  Progress (1): 451/959 kB
2022.12.20 22:29:13 INFO  Progress (1): 459/959 kB
2022.12.20 22:29:13 INFO  Progress (1): 467/959 kB
2022.12.20 22:29:13 INFO  Progress (1): 475/959 kB
2022.12.20 22:29:13 INFO  Progress (1): 483/959 kB
2022.12.20 22:29:13 INFO  Progress (1): 492/959 kB
2022.12.20 22:29:13 INFO  Progress (1): 500/959 kB
2022.12.20 22:29:13 INFO  Progress (1): 508/959 kB
2022.12.20 22:29:13 INFO  Progress (1): 516/959 kB
2022.12.20 22:29:13 INFO  Progress (1): 524/959 kB
2022.12.20 22:29:13 INFO  Progress (1): 532/959 kB
2022.12.20 22:29:13 INFO  Progress (1): 541/959 kB
2022.12.20 22:29:13 INFO  Progress (1): 549/959 kB
2022.12.20 22:29:13 INFO  Progress (1): 557/959 kB
2022.12.20 22:29:13 INFO  Progress (1): 565/959 kB
2022.12.20 22:29:13 INFO  Progress (1): 573/959 kB
2022.12.20 22:29:13 INFO  Progress (1): 582/959 kB
2022.12.20 22:29:13 INFO  Progress (1): 590/959 kB
2022.12.20 22:29:13 INFO  Progress (1): 598/959 kB
2022.12.20 22:29:13 INFO  Progress (1): 606/959 kB
2022.12.20 22:29:13 INFO  Progress (1): 614/959 kB
2022.12.20 22:29:13 INFO  Progress (1): 623/959 kB
2022.12.20 22:29:13 INFO  Progress (1): 631/959 kB
2022.12.20 22:29:13 INFO  Progress (1): 639/959 kB
2022.12.20 22:29:13 INFO  Progress (1): 647/959 kB
2022.12.20 22:29:13 INFO  Progress (1): 655/959 kB
2022.12.20 22:29:13 INFO  Progress (1): 664/959 kB
2022.12.20 22:29:13 INFO  Progress (1): 672/959 kB
2022.12.20 22:29:13 INFO  Progress (1): 680/959 kB
2022.12.20 22:29:13 INFO  Progress (1): 688/959 kB
2022.12.20 22:29:13 INFO  Progress (1): 696/959 kB
2022.12.20 22:29:13 INFO  Progress (1): 705/959 kB
2022.12.20 22:29:13 INFO  Progress (1): 713/959 kB
2022.12.20 22:29:13 INFO  Progress (1): 721/959 kB
2022.12.20 22:29:13 INFO  Progress (1): 729/959 kB
2022.12.20 22:29:13 INFO  Progress (1): 737/959 kB
2022.12.20 22:29:13 INFO  Progress (1): 745/959 kB
2022.12.20 22:29:13 INFO  Progress (1): 754/959 kB
2022.12.20 22:29:13 INFO  Progress (1): 762/959 kB
2022.12.20 22:29:13 INFO  Progress (1): 770/959 kB
2022.12.20 22:29:13 INFO  Progress (1): 778/959 kB
2022.12.20 22:29:13 INFO  Progress (1): 786/959 kB
2022.12.20 22:29:13 INFO  Progress (1): 795/959 kB
2022.12.20 22:29:13 INFO  Progress (1): 803/959 kB
2022.12.20 22:29:13 INFO  Progress (1): 811/959 kB
2022.12.20 22:29:13 INFO  Progress (1): 819/959 kB
2022.12.20 22:29:13 INFO  Progress (1): 827/959 kB
2022.12.20 22:29:13 INFO  Progress (1): 836/959 kB
2022.12.20 22:29:13 INFO  Progress (1): 841/959 kB
2022.12.20 22:29:13 INFO  Progress (1): 849/959 kB
2022.12.20 22:29:13 INFO  Progress (1): 857/959 kB
2022.12.20 22:29:13 INFO  Progress (1): 865/959 kB
2022.12.20 22:29:13 INFO  Progress (1): 873/959 kB
2022.12.20 22:29:13 INFO  Progress (1): 881/959 kB
2022.12.20 22:29:13 INFO  Progress (1): 890/959 kB
2022.12.20 22:29:13 INFO  Progress (1): 898/959 kB
2022.12.20 22:29:13 INFO  Progress (1): 906/959 kB
2022.12.20 22:29:13 INFO  Progress (1): 914/959 kB
2022.12.20 22:29:13 INFO  Progress (1): 922/959 kB
2022.12.20 22:29:13 INFO  Progress (1): 931/959 kB
2022.12.20 22:29:13 INFO  Progress (1): 939/959 kB
2022.12.20 22:29:13 INFO  Progress (1): 947/959 kB
2022.12.20 22:29:13 INFO  Progress (1): 955/959 kB
2022.12.20 22:29:13 INFO  Progress (1): 959 kB    
2022.12.20 22:29:13 INFO                      
2022.12.20 22:29:13 INFO  Downloaded from central: https://repo.maven.apache.org/maven2/net/bytebuddy/byte-buddy/1.8.15/byte-buddy-1.8.15-sources.jar (959 kB at 2.9 MB/s)
2022.12.20 22:29:13 INFO  [INFO] SUCCESS: net.bytebuddy:byte-buddy:jar:1.8.15:compile (sources = true)
2022.12.20 22:29:13 INFO  [INFO] Resolving artifact: org.codehaus.groovy:groovy-xml:jar:2.4.12:compile (sources = false)
2022.12.20 22:29:13 INFO  [INFO] SUCCESS: org.codehaus.groovy:groovy-xml:jar:2.4.12:compile (sources = false)
2022.12.20 22:29:13 INFO  [INFO] Resolving artifact: org.codehaus.groovy:groovy-xml:jar:2.4.12:compile (sources = true)
2022.12.20 22:29:13 INFO  Downloading from central: https://repo.maven.apache.org/maven2/org/codehaus/groovy/groovy-xml/2.4.12/groovy-xml-2.4.12-sources.jar
2022.12.20 22:29:13 INFO  Progress (1): 4.1/86 kB
2022.12.20 22:29:13 INFO  Progress (1): 8.2/86 kB
2022.12.20 22:29:13 INFO  Progress (1): 12/86 kB 
2022.12.20 22:29:13 INFO  Progress (1): 16/86 kB
2022.12.20 22:29:13 INFO  Progress (1): 20/86 kB
2022.12.20 22:29:13 INFO  Progress (1): 25/86 kB
2022.12.20 22:29:13 INFO  Progress (1): 29/86 kB
2022.12.20 22:29:13 INFO  Progress (1): 33/86 kB
2022.12.20 22:29:13 INFO  Progress (1): 37/86 kB
2022.12.20 22:29:13 INFO  Progress (1): 41/86 kB
2022.12.20 22:29:13 INFO  Progress (1): 45/86 kB
2022.12.20 22:29:13 INFO  Progress (1): 49/86 kB
2022.12.20 22:29:13 INFO  Progress (1): 53/86 kB
2022.12.20 22:29:13 INFO  Progress (1): 57/86 kB
2022.12.20 22:29:13 INFO  Progress (1): 61/86 kB
2022.12.20 22:29:13 INFO  Progress (1): 65/86 kB
2022.12.20 22:29:13 INFO  Progress (1): 69/86 kB
2022.12.20 22:29:13 INFO  Progress (1): 73/86 kB
2022.12.20 22:29:13 INFO  Progress (1): 77/86 kB
2022.12.20 22:29:13 INFO  Progress (1): 81/86 kB
2022.12.20 22:29:13 INFO  Progress (1): 85/86 kB
2022.12.20 22:29:13 INFO  Progress (1): 86 kB   
2022.12.20 22:29:13 INFO                     
2022.12.20 22:29:13 INFO  Downloaded from central: https://repo.maven.apache.org/maven2/org/codehaus/groovy/groovy-xml/2.4.12/groovy-xml-2.4.12-sources.jar (86 kB at 258 kB/s)
2022.12.20 22:29:13 INFO  [INFO] SUCCESS: org.codehaus.groovy:groovy-xml:jar:2.4.12:compile (sources = true)
2022.12.20 22:29:13 INFO  [INFO] Resolving artifact: org.hamcrest:hamcrest-library:jar:1.3:compile (sources = false)
2022.12.20 22:29:13 INFO  [INFO] SUCCESS: org.hamcrest:hamcrest-library:jar:1.3:compile (sources = false)
2022.12.20 22:29:13 INFO  [INFO] Resolving artifact: org.hamcrest:hamcrest-library:jar:1.3:compile (sources = true)
2022.12.20 22:29:13 INFO  Downloading from central: https://repo.maven.apache.org/maven2/org/hamcrest/hamcrest-library/1.3/hamcrest-library-1.3-sources.jar
2022.12.20 22:29:14 INFO  Progress (1): 4.1/39 kB
2022.12.20 22:29:14 INFO  Progress (1): 8.2/39 kB
2022.12.20 22:29:14 INFO  Progress (1): 12/39 kB 
2022.12.20 22:29:14 INFO  Progress (1): 16/39 kB
2022.12.20 22:29:14 INFO  Progress (1): 20/39 kB
2022.12.20 22:29:14 INFO  Progress (1): 25/39 kB
2022.12.20 22:29:14 INFO  Progress (1): 29/39 kB
2022.12.20 22:29:14 INFO  Progress (1): 33/39 kB
2022.12.20 22:29:14 INFO  Progress (1): 37/39 kB
2022.12.20 22:29:14 INFO  Progress (1): 39 kB   
2022.12.20 22:29:14 INFO                     
2022.12.20 22:29:14 INFO  Downloaded from central: https://repo.maven.apache.org/maven2/org/hamcrest/hamcrest-library/1.3/hamcrest-library-1.3-sources.jar (39 kB at 132 kB/s)
2022.12.20 22:29:14 INFO  [INFO] SUCCESS: org.hamcrest:hamcrest-library:jar:1.3:compile (sources = true)
2022.12.20 22:29:14 INFO  [INFO] Resolving artifact: io.rest-assured:xml-path:jar:3.1.0:compile (sources = false)
2022.12.20 22:29:14 INFO  [INFO] SUCCESS: io.rest-assured:xml-path:jar:3.1.0:compile (sources = false)
2022.12.20 22:29:14 INFO  [INFO] Resolving artifact: io.rest-assured:xml-path:jar:3.1.0:compile (sources = true)
2022.12.20 22:29:14 INFO  Downloading from central: https://repo.maven.apache.org/maven2/io/rest-assured/xml-path/3.1.0/xml-path-3.1.0-sources.jar
2022.12.20 22:29:14 INFO  Progress (1): 4.1/36 kB
2022.12.20 22:29:14 INFO  Progress (1): 8.2/36 kB
2022.12.20 22:29:14 INFO  Progress (1): 12/36 kB 
2022.12.20 22:29:14 INFO  Progress (1): 16/36 kB
2022.12.20 22:29:14 INFO  Progress (1): 20/36 kB
2022.12.20 22:29:14 INFO  Progress (1): 24/36 kB
2022.12.20 22:29:14 INFO  Progress (1): 28/36 kB
2022.12.20 22:29:14 INFO  Progress (1): 32/36 kB
2022.12.20 22:29:14 INFO  Progress (1): 36 kB   
2022.12.20 22:29:14 INFO                     
2022.12.20 22:29:14 INFO  Downloaded from central: https://repo.maven.apache.org/maven2/io/rest-assured/xml-path/3.1.0/xml-path-3.1.0-sources.jar (36 kB at 117 kB/s)
2022.12.20 22:29:14 INFO  [INFO] SUCCESS: io.rest-assured:xml-path:jar:3.1.0:compile (sources = true)
2022.12.20 22:29:14 INFO  [INFO] Resolving artifact: org.codehaus.mojo:animal-sniffer-annotations:jar:1.14:compile (sources = false)
2022.12.20 22:29:14 INFO  [INFO] SUCCESS: org.codehaus.mojo:animal-sniffer-annotations:jar:1.14:compile (sources = false)
2022.12.20 22:29:14 INFO  [INFO] Resolving artifact: org.codehaus.mojo:animal-sniffer-annotations:jar:1.14:compile (sources = true)
2022.12.20 22:29:14 INFO  Downloading from central: https://repo.maven.apache.org/maven2/org/codehaus/mojo/animal-sniffer-annotations/1.14/animal-sniffer-annotations-1.14-sources.jar
2022.12.20 22:29:14 INFO  Progress (1): 1.9 kB
2022.12.20 22:29:14 INFO                      
2022.12.20 22:29:14 INFO  Downloaded from central: https://repo.maven.apache.org/maven2/org/codehaus/mojo/animal-sniffer-annotations/1.14/animal-sniffer-annotations-1.14-sources.jar (1.9 kB at 6.4 kB/s)
2022.12.20 22:29:14 INFO  [INFO] SUCCESS: org.codehaus.mojo:animal-sniffer-annotations:jar:1.14:compile (sources = true)
2022.12.20 22:29:14 INFO  [INFO] Resolving artifact: javax.xml.bind:jaxb-api:jar:2.2.12:compile (sources = false)
2022.12.20 22:29:14 INFO  [INFO] SUCCESS: javax.xml.bind:jaxb-api:jar:2.2.12:compile (sources = false)
2022.12.20 22:29:14 INFO  [INFO] Resolving artifact: javax.xml.bind:jaxb-api:jar:2.2.12:compile (sources = true)
2022.12.20 22:29:14 INFO  Downloading from central: https://repo.maven.apache.org/maven2/javax/xml/bind/jaxb-api/2.2.12/jaxb-api-2.2.12-sources.jar
2022.12.20 22:29:14 INFO  Progress (1): 4.1/245 kB
2022.12.20 22:29:14 INFO  Progress (1): 8.2/245 kB
2022.12.20 22:29:14 INFO  Progress (1): 12/245 kB 
2022.12.20 22:29:14 INFO  Progress (1): 16/245 kB
2022.12.20 22:29:14 INFO  Progress (1): 20/245 kB
2022.12.20 22:29:14 INFO  Progress (1): 25/245 kB
2022.12.20 22:29:14 INFO  Progress (1): 29/245 kB
2022.12.20 22:29:14 INFO  Progress (1): 33/245 kB
2022.12.20 22:29:14 INFO  Progress (1): 37/245 kB
2022.12.20 22:29:14 INFO  Progress (1): 41/245 kB
2022.12.20 22:29:14 INFO  Progress (1): 45/245 kB
2022.12.20 22:29:14 INFO  Progress (1): 49/245 kB
2022.12.20 22:29:14 INFO  Progress (1): 53/245 kB
2022.12.20 22:29:14 INFO  Progress (1): 57/245 kB
2022.12.20 22:29:14 INFO  Progress (1): 61/245 kB
2022.12.20 22:29:14 INFO  Progress (1): 65/245 kB
2022.12.20 22:29:14 INFO  Progress (1): 69/245 kB
2022.12.20 22:29:14 INFO  Progress (1): 73/245 kB
2022.12.20 22:29:14 INFO  Progress (1): 77/245 kB
2022.12.20 22:29:14 INFO  Progress (1): 81/245 kB
2022.12.20 22:29:14 INFO  Progress (1): 85/245 kB
2022.12.20 22:29:14 INFO  Progress (1): 89/245 kB
2022.12.20 22:29:14 INFO  Progress (1): 93/245 kB
2022.12.20 22:29:14 INFO  Progress (1): 97/245 kB
2022.12.20 22:29:14 INFO  Progress (1): 101/245 kB
2022.12.20 22:29:14 INFO  Progress (1): 106/245 kB
2022.12.20 22:29:14 INFO  Progress (1): 110/245 kB
2022.12.20 22:29:14 INFO  Progress (1): 114/245 kB
2022.12.20 22:29:14 INFO  Progress (1): 118/245 kB
2022.12.20 22:29:14 INFO  Progress (1): 122/245 kB
2022.12.20 22:29:14 INFO  Progress (1): 126/245 kB
2022.12.20 22:29:14 INFO  Progress (1): 130/245 kB
2022.12.20 22:29:14 INFO  Progress (1): 134/245 kB
2022.12.20 22:29:14 INFO  Progress (1): 138/245 kB
2022.12.20 22:29:14 INFO  Progress (1): 142/245 kB
2022.12.20 22:29:14 INFO  Progress (1): 147/245 kB
2022.12.20 22:29:14 INFO  Progress (1): 151/245 kB
2022.12.20 22:29:14 INFO  Progress (1): 155/245 kB
2022.12.20 22:29:14 INFO  Progress (1): 159/245 kB
2022.12.20 22:29:14 INFO  Progress (1): 163/245 kB
2022.12.20 22:29:14 INFO  Progress (1): 167/245 kB
2022.12.20 22:29:14 INFO  Progress (1): 171/245 kB
2022.12.20 22:29:14 INFO  Progress (1): 175/245 kB
2022.12.20 22:29:14 INFO  Progress (1): 179/245 kB
2022.12.20 22:29:14 INFO  Progress (1): 183/245 kB
2022.12.20 22:29:14 INFO  Progress (1): 187/245 kB
2022.12.20 22:29:14 INFO  Progress (1): 192/245 kB
2022.12.20 22:29:14 INFO  Progress (1): 196/245 kB
2022.12.20 22:29:14 INFO  Progress (1): 200/245 kB
2022.12.20 22:29:14 INFO  Progress (1): 204/245 kB
2022.12.20 22:29:14 INFO  Progress (1): 208/245 kB
2022.12.20 22:29:14 INFO  Progress (1): 212/245 kB
2022.12.20 22:29:14 INFO  Progress (1): 216/245 kB
2022.12.20 22:29:14 INFO  Progress (1): 220/245 kB
2022.12.20 22:29:14 INFO  Progress (1): 224/245 kB
2022.12.20 22:29:14 INFO  Progress (1): 228/245 kB
2022.12.20 22:29:14 INFO  Progress (1): 233/245 kB
2022.12.20 22:29:14 INFO  Progress (1): 237/245 kB
2022.12.20 22:29:14 INFO  Progress (1): 241/245 kB
2022.12.20 22:29:14 INFO  Progress (1): 245/245 kB
2022.12.20 22:29:14 INFO  Progress (1): 245 kB    
2022.12.20 22:29:15 INFO                      
2022.12.20 22:29:15 INFO  Downloaded from central: https://repo.maven.apache.org/maven2/javax/xml/bind/jaxb-api/2.2.12/jaxb-api-2.2.12-sources.jar (245 kB at 771 kB/s)
2022.12.20 22:29:15 INFO  [INFO] SUCCESS: javax.xml.bind:jaxb-api:jar:2.2.12:compile (sources = true)
2022.12.20 22:29:15 INFO  [INFO] Resolving artifact: commons-lang:commons-lang:jar:2.4:compile (sources = false)
2022.12.20 22:29:15 INFO  [INFO] SUCCESS: commons-lang:commons-lang:jar:2.4:compile (sources = false)
2022.12.20 22:29:15 INFO  [INFO] Resolving artifact: commons-lang:commons-lang:jar:2.4:compile (sources = true)
2022.12.20 22:29:15 INFO  Downloading from central: https://repo.maven.apache.org/maven2/commons-lang/commons-lang/2.4/commons-lang-2.4-sources.jar
2022.12.20 22:29:15 INFO  Progress (1): 4.1/339 kB
2022.12.20 22:29:15 INFO  Progress (1): 8.2/339 kB
2022.12.20 22:29:15 INFO  Progress (1): 12/339 kB 
2022.12.20 22:29:15 INFO  Progress (1): 16/339 kB
2022.12.20 22:29:15 INFO  Progress (1): 20/339 kB
2022.12.20 22:29:15 INFO  Progress (1): 24/339 kB
2022.12.20 22:29:15 INFO  Progress (1): 28/339 kB
2022.12.20 22:29:15 INFO  Progress (1): 32/339 kB
2022.12.20 22:29:15 INFO  Progress (1): 36/339 kB
2022.12.20 22:29:15 INFO  Progress (1): 40/339 kB
2022.12.20 22:29:15 INFO  Progress (1): 45/339 kB
2022.12.20 22:29:15 INFO  Progress (1): 49/339 kB
2022.12.20 22:29:15 INFO  Progress (1): 53/339 kB
2022.12.20 22:29:15 INFO  Progress (1): 57/339 kB
2022.12.20 22:29:15 INFO  Progress (1): 61/339 kB
2022.12.20 22:29:15 INFO  Progress (1): 65/339 kB
2022.12.20 22:29:15 INFO  Progress (1): 69/339 kB
2022.12.20 22:29:15 INFO  Progress (1): 73/339 kB
2022.12.20 22:29:15 INFO  Progress (1): 77/339 kB
2022.12.20 22:29:15 INFO  Progress (1): 81/339 kB
2022.12.20 22:29:15 INFO  Progress (1): 85/339 kB
2022.12.20 22:29:15 INFO  Progress (1): 90/339 kB
2022.12.20 22:29:15 INFO  Progress (1): 94/339 kB
2022.12.20 22:29:15 INFO  Progress (1): 98/339 kB
2022.12.20 22:29:15 INFO  Progress (1): 102/339 kB
2022.12.20 22:29:15 INFO  Progress (1): 106/339 kB
2022.12.20 22:29:15 INFO  Progress (1): 110/339 kB
2022.12.20 22:29:15 INFO  Progress (1): 114/339 kB
2022.12.20 22:29:15 INFO  Progress (1): 118/339 kB
2022.12.20 22:29:15 INFO  Progress (1): 122/339 kB
2022.12.20 22:29:15 INFO  Progress (1): 126/339 kB
2022.12.20 22:29:15 INFO  Progress (1): 131/339 kB
2022.12.20 22:29:15 INFO  Progress (1): 135/339 kB
2022.12.20 22:29:15 INFO  Progress (1): 139/339 kB
2022.12.20 22:29:15 INFO  Progress (1): 143/339 kB
2022.12.20 22:29:15 INFO  Progress (1): 147/339 kB
2022.12.20 22:29:15 INFO  Progress (1): 151/339 kB
2022.12.20 22:29:15 INFO  Progress (1): 155/339 kB
2022.12.20 22:29:15 INFO  Progress (1): 159/339 kB
2022.12.20 22:29:15 INFO  Progress (1): 163/339 kB
2022.12.20 22:29:15 INFO  Progress (1): 167/339 kB
2022.12.20 22:29:15 INFO  Progress (1): 171/339 kB
2022.12.20 22:29:15 INFO  Progress (1): 176/339 kB
2022.12.20 22:29:15 INFO  Progress (1): 180/339 kB
2022.12.20 22:29:15 INFO  Progress (1): 184/339 kB
2022.12.20 22:29:15 INFO  Progress (1): 188/339 kB
2022.12.20 22:29:15 INFO  Progress (1): 192/339 kB
2022.12.20 22:29:15 INFO  Progress (1): 196/339 kB
2022.12.20 22:29:15 INFO  Progress (1): 200/339 kB
2022.12.20 22:29:15 INFO  Progress (1): 204/339 kB
2022.12.20 22:29:15 INFO  Progress (1): 208/339 kB
2022.12.20 22:29:15 INFO  Progress (1): 212/339 kB
2022.12.20 22:29:15 INFO  Progress (1): 217/339 kB
2022.12.20 22:29:15 INFO  Progress (1): 221/339 kB
2022.12.20 22:29:15 INFO  Progress (1): 225/339 kB
2022.12.20 22:29:15 INFO  Progress (1): 229/339 kB
2022.12.20 22:29:15 INFO  Progress (1): 233/339 kB
2022.12.20 22:29:15 INFO  Progress (1): 237/339 kB
2022.12.20 22:29:15 INFO  Progress (1): 241/339 kB
2022.12.20 22:29:15 INFO  Progress (1): 245/339 kB
2022.12.20 22:29:15 INFO  Progress (1): 249/339 kB
2022.12.20 22:29:15 INFO  Progress (1): 253/339 kB
2022.12.20 22:29:15 INFO  Progress (1): 258/339 kB
2022.12.20 22:29:15 INFO  Progress (1): 262/339 kB
2022.12.20 22:29:15 INFO  Progress (1): 266/339 kB
2022.12.20 22:29:15 INFO  Progress (1): 270/339 kB
2022.12.20 22:29:15 INFO  Progress (1): 274/339 kB
2022.12.20 22:29:15 INFO  Progress (1): 278/339 kB
2022.12.20 22:29:15 INFO  Progress (1): 282/339 kB
2022.12.20 22:29:15 INFO  Progress (1): 286/339 kB
2022.12.20 22:29:15 INFO  Progress (1): 290/339 kB
2022.12.20 22:29:15 INFO  Progress (1): 294/339 kB
2022.12.20 22:29:15 INFO  Progress (1): 298/339 kB
2022.12.20 22:29:15 INFO  Progress (1): 303/339 kB
2022.12.20 22:29:15 INFO  Progress (1): 307/339 kB
2022.12.20 22:29:15 INFO  Progress (1): 311/339 kB
2022.12.20 22:29:15 INFO  Progress (1): 315/339 kB
2022.12.20 22:29:15 INFO  Progress (1): 319/339 kB
2022.12.20 22:29:15 INFO  Progress (1): 323/339 kB
2022.12.20 22:29:15 INFO  Progress (1): 327/339 kB
2022.12.20 22:29:15 INFO  Progress (1): 331/339 kB
2022.12.20 22:29:15 INFO  Progress (1): 335/339 kB
2022.12.20 22:29:15 INFO  Progress (1): 339 kB    
2022.12.20 22:29:15 INFO                      
2022.12.20 22:29:15 INFO  Downloaded from central: https://repo.maven.apache.org/maven2/commons-lang/commons-lang/2.4/commons-lang-2.4-sources.jar (339 kB at 1.1 MB/s)
2022.12.20 22:29:15 INFO  [INFO] SUCCESS: commons-lang:commons-lang:jar:2.4:compile (sources = true)
2022.12.20 22:29:15 INFO  [INFO] Resolving artifact: com.github.javafaker:javafaker:jar:0.16:compile (sources = false)
2022.12.20 22:29:15 INFO  [INFO] SUCCESS: com.github.javafaker:javafaker:jar:0.16:compile (sources = false)
2022.12.20 22:29:15 INFO  [INFO] Resolving artifact: com.github.javafaker:javafaker:jar:0.16:compile (sources = true)
2022.12.20 22:29:15 INFO  Downloading from central: https://repo.maven.apache.org/maven2/com/github/javafaker/javafaker/0.16/javafaker-0.16-sources.jar
2022.12.20 22:29:15 INFO  Progress (1): 4.1/533 kB
2022.12.20 22:29:15 INFO  Progress (1): 8.2/533 kB
2022.12.20 22:29:15 INFO  Progress (1): 12/533 kB 
2022.12.20 22:29:15 INFO  Progress (1): 16/533 kB
2022.12.20 22:29:15 INFO  Progress (1): 20/533 kB
2022.12.20 22:29:15 INFO  Progress (1): 24/533 kB
2022.12.20 22:29:15 INFO  Progress (1): 28/533 kB
2022.12.20 22:29:15 INFO  Progress (1): 32/533 kB
2022.12.20 22:29:15 INFO  Progress (1): 36/533 kB
2022.12.20 22:29:15 INFO  Progress (1): 40/533 kB
2022.12.20 22:29:15 INFO  Progress (1): 45/533 kB
2022.12.20 22:29:15 INFO  Progress (1): 49/533 kB
2022.12.20 22:29:15 INFO  Progress (1): 53/533 kB
2022.12.20 22:29:15 INFO  Progress (1): 57/533 kB
2022.12.20 22:29:15 INFO  Progress (1): 61/533 kB
2022.12.20 22:29:15 INFO  Progress (1): 65/533 kB
2022.12.20 22:29:15 INFO  Progress (1): 69/533 kB
2022.12.20 22:29:15 INFO  Progress (1): 73/533 kB
2022.12.20 22:29:15 INFO  Progress (1): 77/533 kB
2022.12.20 22:29:15 INFO  Progress (1): 81/533 kB
2022.12.20 22:29:15 INFO  Progress (1): 85/533 kB
2022.12.20 22:29:15 INFO  Progress (1): 90/533 kB
2022.12.20 22:29:15 INFO  Progress (1): 94/533 kB
2022.12.20 22:29:15 INFO  Progress (1): 98/533 kB
2022.12.20 22:29:15 INFO  Progress (1): 102/533 kB
2022.12.20 22:29:15 INFO  Progress (1): 106/533 kB
2022.12.20 22:29:15 INFO  Progress (1): 110/533 kB
2022.12.20 22:29:15 INFO  Progress (1): 114/533 kB
2022.12.20 22:29:15 INFO  Progress (1): 118/533 kB
2022.12.20 22:29:15 INFO  Progress (1): 122/533 kB
2022.12.20 22:29:15 INFO  Progress (1): 126/533 kB
2022.12.20 22:29:15 INFO  Progress (1): 131/533 kB
2022.12.20 22:29:15 INFO  Progress (1): 135/533 kB
2022.12.20 22:29:15 INFO  Progress (1): 139/533 kB
2022.12.20 22:29:15 INFO  Progress (1): 143/533 kB
2022.12.20 22:29:15 INFO  Progress (1): 147/533 kB
2022.12.20 22:29:15 INFO  Progress (1): 151/533 kB
2022.12.20 22:29:15 INFO  Progress (1): 155/533 kB
2022.12.20 22:29:15 INFO  Progress (1): 159/533 kB
2022.12.20 22:29:15 INFO  Progress (1): 163/533 kB
2022.12.20 22:29:15 INFO  Progress (1): 167/533 kB
2022.12.20 22:29:15 INFO  Progress (1): 171/533 kB
2022.12.20 22:29:15 INFO  Progress (1): 176/533 kB
2022.12.20 22:29:15 INFO  Progress (1): 180/533 kB
2022.12.20 22:29:15 INFO  Progress (1): 184/533 kB
2022.12.20 22:29:15 INFO  Progress (1): 188/533 kB
2022.12.20 22:29:15 INFO  Progress (1): 192/533 kB
2022.12.20 22:29:15 INFO  Progress (1): 196/533 kB
2022.12.20 22:29:15 INFO  Progress (1): 200/533 kB
2022.12.20 22:29:15 INFO  Progress (1): 204/533 kB
2022.12.20 22:29:15 INFO  Progress (1): 208/533 kB
2022.12.20 22:29:15 INFO  Progress (1): 212/533 kB
2022.12.20 22:29:15 INFO  Progress (1): 217/533 kB
2022.12.20 22:29:15 INFO  Progress (1): 221/533 kB
2022.12.20 22:29:15 INFO  Progress (1): 225/533 kB
2022.12.20 22:29:15 INFO  Progress (1): 229/533 kB
2022.12.20 22:29:15 INFO  Progress (1): 233/533 kB
2022.12.20 22:29:15 INFO  Progress (1): 237/533 kB
2022.12.20 22:29:15 INFO  Progress (1): 241/533 kB
2022.12.20 22:29:15 INFO  Progress (1): 245/533 kB
2022.12.20 22:29:15 INFO  Progress (1): 249/533 kB
2022.12.20 22:29:15 INFO  Progress (1): 253/533 kB
2022.12.20 22:29:15 INFO  Progress (1): 258/533 kB
2022.12.20 22:29:15 INFO  Progress (1): 262/533 kB
2022.12.20 22:29:15 INFO  Progress (1): 266/533 kB
2022.12.20 22:29:15 INFO  Progress (1): 270/533 kB
2022.12.20 22:29:15 INFO  Progress (1): 274/533 kB
2022.12.20 22:29:15 INFO  Progress (1): 278/533 kB
2022.12.20 22:29:15 INFO  Progress (1): 282/533 kB
2022.12.20 22:29:15 INFO  Progress (1): 286/533 kB
2022.12.20 22:29:15 INFO  Progress (1): 290/533 kB
2022.12.20 22:29:15 INFO  Progress (1): 294/533 kB
2022.12.20 22:29:15 INFO  Progress (1): 298/533 kB
2022.12.20 22:29:15 INFO  Progress (1): 303/533 kB
2022.12.20 22:29:15 INFO  Progress (1): 307/533 kB
2022.12.20 22:29:15 INFO  Progress (1): 311/533 kB
2022.12.20 22:29:15 INFO  Progress (1): 315/533 kB
2022.12.20 22:29:15 INFO  Progress (1): 319/533 kB
2022.12.20 22:29:15 INFO  Progress (1): 323/533 kB
2022.12.20 22:29:15 INFO  Progress (1): 327/533 kB
2022.12.20 22:29:15 INFO  Progress (1): 331/533 kB
2022.12.20 22:29:15 INFO  Progress (1): 335/533 kB
2022.12.20 22:29:15 INFO  Progress (1): 339/533 kB
2022.12.20 22:29:15 INFO  Progress (1): 344/533 kB
2022.12.20 22:29:15 INFO  Progress (1): 348/533 kB
2022.12.20 22:29:15 INFO  Progress (1): 352/533 kB
2022.12.20 22:29:15 INFO  Progress (1): 356/533 kB
2022.12.20 22:29:15 INFO  Progress (1): 360/533 kB
2022.12.20 22:29:15 INFO  Progress (1): 364/533 kB
2022.12.20 22:29:15 INFO  Progress (1): 368/533 kB
2022.12.20 22:29:15 INFO  Progress (1): 372/533 kB
2022.12.20 22:29:15 INFO  Progress (1): 376/533 kB
2022.12.20 22:29:15 INFO  Progress (1): 380/533 kB
2022.12.20 22:29:15 INFO  Progress (1): 384/533 kB
2022.12.20 22:29:15 INFO  Progress (1): 389/533 kB
2022.12.20 22:29:15 INFO  Progress (1): 393/533 kB
2022.12.20 22:29:15 INFO  Progress (1): 397/533 kB
2022.12.20 22:29:15 INFO  Progress (1): 401/533 kB
2022.12.20 22:29:15 INFO  Progress (1): 405/533 kB
2022.12.20 22:29:15 INFO  Progress (1): 409/533 kB
2022.12.20 22:29:15 INFO  Progress (1): 413/533 kB
2022.12.20 22:29:15 INFO  Progress (1): 417/533 kB
2022.12.20 22:29:15 INFO  Progress (1): 421/533 kB
2022.12.20 22:29:15 INFO  Progress (1): 425/533 kB
2022.12.20 22:29:15 INFO  Progress (1): 430/533 kB
2022.12.20 22:29:15 INFO  Progress (1): 434/533 kB
2022.12.20 22:29:15 INFO  Progress (1): 438/533 kB
2022.12.20 22:29:15 INFO  Progress (1): 442/533 kB
2022.12.20 22:29:15 INFO  Progress (1): 446/533 kB
2022.12.20 22:29:15 INFO  Progress (1): 450/533 kB
2022.12.20 22:29:15 INFO  Progress (1): 454/533 kB
2022.12.20 22:29:15 INFO  Progress (1): 458/533 kB
2022.12.20 22:29:15 INFO  Progress (1): 462/533 kB
2022.12.20 22:29:15 INFO  Progress (1): 466/533 kB
2022.12.20 22:29:15 INFO  Progress (1): 470/533 kB
2022.12.20 22:29:15 INFO  Progress (1): 475/533 kB
2022.12.20 22:29:15 INFO  Progress (1): 479/533 kB
2022.12.20 22:29:15 INFO  Progress (1): 483/533 kB
2022.12.20 22:29:15 INFO  Progress (1): 487/533 kB
2022.12.20 22:29:15 INFO  Progress (1): 491/533 kB
2022.12.20 22:29:15 INFO  Progress (1): 495/533 kB
2022.12.20 22:29:15 INFO  Progress (1): 499/533 kB
2022.12.20 22:29:15 INFO  Progress (1): 503/533 kB
2022.12.20 22:29:15 INFO  Progress (1): 507/533 kB
2022.12.20 22:29:15 INFO  Progress (1): 511/533 kB
2022.12.20 22:29:15 INFO  Progress (1): 516/533 kB
2022.12.20 22:29:15 INFO  Progress (1): 520/533 kB
2022.12.20 22:29:15 INFO  Progress (1): 524/533 kB
2022.12.20 22:29:15 INFO  Progress (1): 528/533 kB
2022.12.20 22:29:15 INFO  Progress (1): 532/533 kB
2022.12.20 22:29:15 INFO  Progress (1): 533 kB    
2022.12.20 22:29:15 INFO                      
2022.12.20 22:29:15 INFO  Downloaded from central: https://repo.maven.apache.org/maven2/com/github/javafaker/javafaker/0.16/javafaker-0.16-sources.jar (533 kB at 1.4 MB/s)
2022.12.20 22:29:15 INFO  [INFO] SUCCESS: com.github.javafaker:javafaker:jar:0.16:compile (sources = true)
2022.12.20 22:29:15 INFO  [INFO] Resolving artifact: net.masterthought:cucumber-reporting:jar:3.12.0:compile (sources = false)
2022.12.20 22:29:15 INFO  [INFO] SUCCESS: net.masterthought:cucumber-reporting:jar:3.12.0:compile (sources = false)
2022.12.20 22:29:15 INFO  [INFO] Resolving artifact: net.masterthought:cucumber-reporting:jar:3.12.0:compile (sources = true)
2022.12.20 22:29:15 INFO  Downloading from central: https://repo.maven.apache.org/maven2/net/masterthought/cucumber-reporting/3.12.0/cucumber-reporting-3.12.0-sources.jar
2022.12.20 22:29:15 INFO  Progress (1): 8.2/876 kB
2022.12.20 22:29:15 INFO  Progress (1): 16/876 kB 
2022.12.20 22:29:15 INFO  Progress (1): 24/876 kB
2022.12.20 22:29:15 INFO  Progress (1): 32/876 kB
2022.12.20 22:29:15 INFO  Progress (1): 40/876 kB
2022.12.20 22:29:15 INFO  Progress (1): 49/876 kB
2022.12.20 22:29:15 INFO  Progress (1): 57/876 kB
2022.12.20 22:29:15 INFO  Progress (1): 65/876 kB
2022.12.20 22:29:15 INFO  Progress (1): 73/876 kB
2022.12.20 22:29:15 INFO  Progress (1): 81/876 kB
2022.12.20 22:29:15 INFO  Progress (1): 90/876 kB
2022.12.20 22:29:15 INFO  Progress (1): 98/876 kB
2022.12.20 22:29:15 INFO  Progress (1): 106/876 kB
2022.12.20 22:29:15 INFO  Progress (1): 114/876 kB
2022.12.20 22:29:15 INFO  Progress (1): 122/876 kB
2022.12.20 22:29:15 INFO  Progress (1): 131/876 kB
2022.12.20 22:29:15 INFO  Progress (1): 139/876 kB
2022.12.20 22:29:15 INFO  Progress (1): 147/876 kB
2022.12.20 22:29:15 INFO  Progress (1): 155/876 kB
2022.12.20 22:29:15 INFO  Progress (1): 163/876 kB
2022.12.20 22:29:15 INFO  Progress (1): 171/876 kB
2022.12.20 22:29:15 INFO  Progress (1): 180/876 kB
2022.12.20 22:29:15 INFO  Progress (1): 188/876 kB
2022.12.20 22:29:15 INFO  Progress (1): 196/876 kB
2022.12.20 22:29:15 INFO  Progress (1): 204/876 kB
2022.12.20 22:29:15 INFO  Progress (1): 212/876 kB
2022.12.20 22:29:15 INFO  Progress (1): 221/876 kB
2022.12.20 22:29:15 INFO  Progress (1): 229/876 kB
2022.12.20 22:29:15 INFO  Progress (1): 237/876 kB
2022.12.20 22:29:15 INFO  Progress (1): 245/876 kB
2022.12.20 22:29:15 INFO  Progress (1): 253/876 kB
2022.12.20 22:29:15 INFO  Progress (1): 262/876 kB
2022.12.20 22:29:15 INFO  Progress (1): 270/876 kB
2022.12.20 22:29:15 INFO  Progress (1): 278/876 kB
2022.12.20 22:29:15 INFO  Progress (1): 286/876 kB
2022.12.20 22:29:15 INFO  Progress (1): 294/876 kB
2022.12.20 22:29:15 INFO  Progress (1): 303/876 kB
2022.12.20 22:29:15 INFO  Progress (1): 311/876 kB
2022.12.20 22:29:15 INFO  Progress (1): 319/876 kB
2022.12.20 22:29:15 INFO  Progress (1): 327/876 kB
2022.12.20 22:29:15 INFO  Progress (1): 335/876 kB
2022.12.20 22:29:15 INFO  Progress (1): 344/876 kB
2022.12.20 22:29:15 INFO  Progress (1): 352/876 kB
2022.12.20 22:29:15 INFO  Progress (1): 360/876 kB
2022.12.20 22:29:15 INFO  Progress (1): 368/876 kB
2022.12.20 22:29:15 INFO  Progress (1): 376/876 kB
2022.12.20 22:29:15 INFO  Progress (1): 384/876 kB
2022.12.20 22:29:15 INFO  Progress (1): 393/876 kB
2022.12.20 22:29:15 INFO  Progress (1): 401/876 kB
2022.12.20 22:29:15 INFO  Progress (1): 409/876 kB
2022.12.20 22:29:15 INFO  Progress (1): 417/876 kB
2022.12.20 22:29:15 INFO  Progress (1): 425/876 kB
2022.12.20 22:29:15 INFO  Progress (1): 434/876 kB
2022.12.20 22:29:15 INFO  Progress (1): 442/876 kB
2022.12.20 22:29:15 INFO  Progress (1): 450/876 kB
2022.12.20 22:29:15 INFO  Progress (1): 458/876 kB
2022.12.20 22:29:15 INFO  Progress (1): 466/876 kB
2022.12.20 22:29:15 INFO  Progress (1): 475/876 kB
2022.12.20 22:29:15 INFO  Progress (1): 483/876 kB
2022.12.20 22:29:15 INFO  Progress (1): 491/876 kB
2022.12.20 22:29:15 INFO  Progress (1): 499/876 kB
2022.12.20 22:29:15 INFO  Progress (1): 507/876 kB
2022.12.20 22:29:15 INFO  Progress (1): 516/876 kB
2022.12.20 22:29:15 INFO  Progress (1): 524/876 kB
2022.12.20 22:29:15 INFO  Progress (1): 532/876 kB
2022.12.20 22:29:15 INFO  Progress (1): 540/876 kB
2022.12.20 22:29:15 INFO  Progress (1): 548/876 kB
2022.12.20 22:29:15 INFO  Progress (1): 557/876 kB
2022.12.20 22:29:15 INFO  Progress (1): 565/876 kB
2022.12.20 22:29:15 INFO  Progress (1): 573/876 kB
2022.12.20 22:29:15 INFO  Progress (1): 581/876 kB
2022.12.20 22:29:15 INFO  Progress (1): 589/876 kB
2022.12.20 22:29:15 INFO  Progress (1): 597/876 kB
2022.12.20 22:29:15 INFO  Progress (1): 606/876 kB
2022.12.20 22:29:15 INFO  Progress (1): 614/876 kB
2022.12.20 22:29:15 INFO  Progress (1): 622/876 kB
2022.12.20 22:29:15 INFO  Progress (1): 630/876 kB
2022.12.20 22:29:15 INFO  Progress (1): 638/876 kB
2022.12.20 22:29:15 INFO  Progress (1): 647/876 kB
2022.12.20 22:29:15 INFO  Progress (1): 655/876 kB
2022.12.20 22:29:15 INFO  Progress (1): 663/876 kB
2022.12.20 22:29:15 INFO  Progress (1): 671/876 kB
2022.12.20 22:29:15 INFO  Progress (1): 679/876 kB
2022.12.20 22:29:15 INFO  Progress (1): 688/876 kB
2022.12.20 22:29:15 INFO  Progress (1): 696/876 kB
2022.12.20 22:29:15 INFO  Progress (1): 704/876 kB
2022.12.20 22:29:15 INFO  Progress (1): 712/876 kB
2022.12.20 22:29:15 INFO  Progress (1): 720/876 kB
2022.12.20 22:29:15 INFO  Progress (1): 729/876 kB
2022.12.20 22:29:15 INFO  Progress (1): 737/876 kB
2022.12.20 22:29:15 INFO  Progress (1): 745/876 kB
2022.12.20 22:29:15 INFO  Progress (1): 753/876 kB
2022.12.20 22:29:15 INFO  Progress (1): 761/876 kB
2022.12.20 22:29:15 INFO  Progress (1): 770/876 kB
2022.12.20 22:29:15 INFO  Progress (1): 778/876 kB
2022.12.20 22:29:15 INFO  Progress (1): 786/876 kB
2022.12.20 22:29:15 INFO  Progress (1): 794/876 kB
2022.12.20 22:29:15 INFO  Progress (1): 802/876 kB
2022.12.20 22:29:15 INFO  Progress (1): 810/876 kB
2022.12.20 22:29:15 INFO  Progress (1): 819/876 kB
2022.12.20 22:29:15 INFO  Progress (1): 827/876 kB
2022.12.20 22:29:15 INFO  Progress (1): 835/876 kB
2022.12.20 22:29:15 INFO  Progress (1): 843/876 kB
2022.12.20 22:29:15 INFO  Progress (1): 851/876 kB
2022.12.20 22:29:15 INFO  Progress (1): 860/876 kB
2022.12.20 22:29:15 INFO  Progress (1): 868/876 kB
2022.12.20 22:29:15 INFO  Progress (1): 876/876 kB
2022.12.20 22:29:15 INFO  Progress (1): 876 kB    
2022.12.20 22:29:16 INFO                      
2022.12.20 22:29:16 INFO  Downloaded from central: https://repo.maven.apache.org/maven2/net/masterthought/cucumber-reporting/3.12.0/cucumber-reporting-3.12.0-sources.jar (876 kB at 2.0 MB/s)
2022.12.20 22:29:16 INFO  [INFO] SUCCESS: net.masterthought:cucumber-reporting:jar:3.12.0:compile (sources = true)
2022.12.20 22:29:16 INFO  [INFO] Resolving artifact: org.seleniumhq.selenium:selenium-chrome-driver:jar:3.141.59:compile (sources = false)
2022.12.20 22:29:16 INFO  [INFO] SUCCESS: org.seleniumhq.selenium:selenium-chrome-driver:jar:3.141.59:compile (sources = false)
2022.12.20 22:29:16 INFO  [INFO] Resolving artifact: org.seleniumhq.selenium:selenium-chrome-driver:jar:3.141.59:compile (sources = true)
2022.12.20 22:29:16 INFO  Downloading from central: https://repo.maven.apache.org/maven2/org/seleniumhq/selenium/selenium-chrome-driver/3.141.59/selenium-chrome-driver-3.141.59-sources.jar
2022.12.20 22:29:16 INFO  Progress (1): 4.1/11 kB
2022.12.20 22:29:16 INFO  Progress (1): 8.2/11 kB
2022.12.20 22:29:16 INFO  Progress (1): 11 kB    
2022.12.20 22:29:16 INFO                     
2022.12.20 22:29:16 INFO  Downloaded from central: https://repo.maven.apache.org/maven2/org/seleniumhq/selenium/selenium-chrome-driver/3.141.59/selenium-chrome-driver-3.141.59-sources.jar (11 kB at 40 kB/s)
2022.12.20 22:29:16 INFO  [INFO] SUCCESS: org.seleniumhq.selenium:selenium-chrome-driver:jar:3.141.59:compile (sources = true)
2022.12.20 22:29:16 INFO  [INFO] Resolving artifact: com.google.code.findbugs:jsr305:jar:3.0.0:compile (sources = false)
2022.12.20 22:29:16 INFO  [INFO] SUCCESS: com.google.code.findbugs:jsr305:jar:3.0.0:compile (sources = false)
2022.12.20 22:29:16 INFO  [INFO] Resolving artifact: com.google.code.findbugs:jsr305:jar:3.0.0:compile (sources = true)
2022.12.20 22:29:16 INFO  Downloading from central: https://repo.maven.apache.org/maven2/com/google/code/findbugs/jsr305/3.0.0/jsr305-3.0.0-sources.jar
2022.12.20 22:29:16 INFO  Progress (1): 362 B
2022.12.20 22:29:16 INFO                     
2022.12.20 22:29:16 INFO  Downloaded from central: https://repo.maven.apache.org/maven2/com/google/code/findbugs/jsr305/3.0.0/jsr305-3.0.0-sources.jar (362 B at 1.3 kB/s)
2022.12.20 22:29:16 INFO  [INFO] SUCCESS: com.google.code.findbugs:jsr305:jar:3.0.0:compile (sources = true)
2022.12.20 22:29:16 INFO  [INFO] Resolving artifact: com.googlecode.libphonenumber:libphonenumber:jar:6.2:compile (sources = false)
2022.12.20 22:29:16 INFO  [INFO] SUCCESS: com.googlecode.libphonenumber:libphonenumber:jar:6.2:compile (sources = false)
2022.12.20 22:29:16 INFO  [INFO] Resolving artifact: com.googlecode.libphonenumber:libphonenumber:jar:6.2:compile (sources = true)
2022.12.20 22:29:16 INFO  Downloading from central: https://repo.maven.apache.org/maven2/com/googlecode/libphonenumber/libphonenumber/6.2/libphonenumber-6.2-sources.jar
2022.12.20 22:29:16 INFO  Progress (1): 4.1/284 kB
2022.12.20 22:29:16 INFO  Progress (1): 8.2/284 kB
2022.12.20 22:29:16 INFO  Progress (1): 12/284 kB 
2022.12.20 22:29:16 INFO  Progress (1): 16/284 kB
2022.12.20 22:29:16 INFO  Progress (1): 20/284 kB
2022.12.20 22:29:16 INFO  Progress (1): 24/284 kB
2022.12.20 22:29:16 INFO  Progress (1): 28/284 kB
2022.12.20 22:29:16 INFO  Progress (1): 32/284 kB
2022.12.20 22:29:16 INFO  Progress (1): 36/284 kB
2022.12.20 22:29:16 INFO  Progress (1): 40/284 kB
2022.12.20 22:29:16 INFO  Progress (1): 45/284 kB
2022.12.20 22:29:16 INFO  Progress (1): 49/284 kB
2022.12.20 22:29:16 INFO  Progress (1): 53/284 kB
2022.12.20 22:29:16 INFO  Progress (1): 57/284 kB
2022.12.20 22:29:16 INFO  Progress (1): 61/284 kB
2022.12.20 22:29:16 INFO  Progress (1): 65/284 kB
2022.12.20 22:29:16 INFO  Progress (1): 69/284 kB
2022.12.20 22:29:16 INFO  Progress (1): 73/284 kB
2022.12.20 22:29:16 INFO  Progress (1): 77/284 kB
2022.12.20 22:29:16 INFO  Progress (1): 81/284 kB
2022.12.20 22:29:16 INFO  Progress (1): 85/284 kB
2022.12.20 22:29:16 INFO  Progress (1): 90/284 kB
2022.12.20 22:29:16 INFO  Progress (1): 94/284 kB
2022.12.20 22:29:16 INFO  Progress (1): 98/284 kB
2022.12.20 22:29:16 INFO  Progress (1): 102/284 kB
2022.12.20 22:29:16 INFO  Progress (1): 106/284 kB
2022.12.20 22:29:16 INFO  Progress (1): 110/284 kB
2022.12.20 22:29:16 INFO  Progress (1): 114/284 kB
2022.12.20 22:29:16 INFO  Progress (1): 118/284 kB
2022.12.20 22:29:16 INFO  Progress (1): 122/284 kB
2022.12.20 22:29:16 INFO  Progress (1): 126/284 kB
2022.12.20 22:29:16 INFO  Progress (1): 131/284 kB
2022.12.20 22:29:16 INFO  Progress (1): 135/284 kB
2022.12.20 22:29:16 INFO  Progress (1): 139/284 kB
2022.12.20 22:29:16 INFO  Progress (1): 143/284 kB
2022.12.20 22:29:16 INFO  Progress (1): 147/284 kB
2022.12.20 22:29:16 INFO  Progress (1): 151/284 kB
2022.12.20 22:29:16 INFO  Progress (1): 155/284 kB
2022.12.20 22:29:16 INFO  Progress (1): 159/284 kB
2022.12.20 22:29:16 INFO  Progress (1): 163/284 kB
2022.12.20 22:29:16 INFO  Progress (1): 167/284 kB
2022.12.20 22:29:16 INFO  Progress (1): 171/284 kB
2022.12.20 22:29:16 INFO  Progress (1): 176/284 kB
2022.12.20 22:29:16 INFO  Progress (1): 180/284 kB
2022.12.20 22:29:16 INFO  Progress (1): 184/284 kB
2022.12.20 22:29:16 INFO  Progress (1): 188/284 kB
2022.12.20 22:29:16 INFO  Progress (1): 192/284 kB
2022.12.20 22:29:16 INFO  Progress (1): 196/284 kB
2022.12.20 22:29:16 INFO  Progress (1): 200/284 kB
2022.12.20 22:29:16 INFO  Progress (1): 204/284 kB
2022.12.20 22:29:16 INFO  Progress (1): 208/284 kB
2022.12.20 22:29:16 INFO  Progress (1): 212/284 kB
2022.12.20 22:29:16 INFO  Progress (1): 217/284 kB
2022.12.20 22:29:16 INFO  Progress (1): 221/284 kB
2022.12.20 22:29:16 INFO  Progress (1): 225/284 kB
2022.12.20 22:29:16 INFO  Progress (1): 229/284 kB
2022.12.20 22:29:16 INFO  Progress (1): 233/284 kB
2022.12.20 22:29:16 INFO  Progress (1): 237/284 kB
2022.12.20 22:29:16 INFO  Progress (1): 241/284 kB
2022.12.20 22:29:16 INFO  Progress (1): 245/284 kB
2022.12.20 22:29:16 INFO  Progress (1): 249/284 kB
2022.12.20 22:29:16 INFO  Progress (1): 253/284 kB
2022.12.20 22:29:16 INFO  Progress (1): 258/284 kB
2022.12.20 22:29:16 INFO  Progress (1): 262/284 kB
2022.12.20 22:29:16 INFO  Progress (1): 266/284 kB
2022.12.20 22:29:16 INFO  Progress (1): 270/284 kB
2022.12.20 22:29:16 INFO  Progress (1): 274/284 kB
2022.12.20 22:29:16 INFO  Progress (1): 278/284 kB
2022.12.20 22:29:16 INFO  Progress (1): 282/284 kB
2022.12.20 22:29:16 INFO  Progress (1): 284 kB    
2022.12.20 22:29:16 INFO                      
2022.12.20 22:29:16 INFO  Downloaded from central: https://repo.maven.apache.org/maven2/com/googlecode/libphonenumber/libphonenumber/6.2/libphonenumber-6.2-sources.jar (284 kB at 884 kB/s)
2022.12.20 22:29:16 INFO  [INFO] SUCCESS: com.googlecode.libphonenumber:libphonenumber:jar:6.2:compile (sources = true)
2022.12.20 22:29:16 INFO  [INFO] Resolving artifact: org.seleniumhq.selenium:selenium-opera-driver:jar:3.141.59:compile (sources = false)
2022.12.20 22:29:16 INFO  [INFO] SUCCESS: org.seleniumhq.selenium:selenium-opera-driver:jar:3.141.59:compile (sources = false)
2022.12.20 22:29:16 INFO  [INFO] Resolving artifact: org.seleniumhq.selenium:selenium-opera-driver:jar:3.141.59:compile (sources = true)
2022.12.20 22:29:16 INFO  Downloading from central: https://repo.maven.apache.org/maven2/org/seleniumhq/selenium/selenium-opera-driver/3.141.59/selenium-opera-driver-3.141.59-sources.jar
2022.12.20 22:29:17 INFO  Progress (1): 4.1/8.5 kB
2022.12.20 22:29:17 INFO  Progress (1): 8.2/8.5 kB
2022.12.20 22:29:17 INFO  Progress (1): 8.5 kB    
2022.12.20 22:29:17 INFO                      
2022.12.20 22:29:17 INFO  Downloaded from central: https://repo.maven.apache.org/maven2/org/seleniumhq/selenium/selenium-opera-driver/3.141.59/selenium-opera-driver-3.141.59-sources.jar (8.5 kB at 29 kB/s)
2022.12.20 22:29:17 INFO  [INFO] SUCCESS: org.seleniumhq.selenium:selenium-opera-driver:jar:3.141.59:compile (sources = true)
2022.12.20 22:29:17 INFO  [INFO] Resolving artifact: commons-io:commons-io:jar:2.6:compile (sources = false)
2022.12.20 22:29:17 INFO  [INFO] SUCCESS: commons-io:commons-io:jar:2.6:compile (sources = false)
2022.12.20 22:29:17 INFO  [INFO] Resolving artifact: commons-io:commons-io:jar:2.6:compile (sources = true)
2022.12.20 22:29:17 INFO  Downloading from central: https://repo.maven.apache.org/maven2/commons-io/commons-io/2.6/commons-io-2.6-sources.jar
2022.12.20 22:29:17 INFO  Progress (1): 4.1/281 kB
2022.12.20 22:29:17 INFO  Progress (1): 8.2/281 kB
2022.12.20 22:29:17 INFO  Progress (1): 12/281 kB 
2022.12.20 22:29:17 INFO  Progress (1): 16/281 kB
2022.12.20 22:29:17 INFO  Progress (1): 20/281 kB
2022.12.20 22:29:17 INFO  Progress (1): 24/281 kB
2022.12.20 22:29:17 INFO  Progress (1): 28/281 kB
2022.12.20 22:29:17 INFO  Progress (1): 32/281 kB
2022.12.20 22:29:17 INFO  Progress (1): 36/281 kB
2022.12.20 22:29:17 INFO  Progress (1): 40/281 kB
2022.12.20 22:29:17 INFO  Progress (1): 45/281 kB
2022.12.20 22:29:17 INFO  Progress (1): 49/281 kB
2022.12.20 22:29:17 INFO  Progress (1): 53/281 kB
2022.12.20 22:29:17 INFO  Progress (1): 57/281 kB
2022.12.20 22:29:17 INFO  Progress (1): 61/281 kB
2022.12.20 22:29:17 INFO  Progress (1): 65/281 kB
2022.12.20 22:29:17 INFO  Progress (1): 69/281 kB
2022.12.20 22:29:17 INFO  Progress (1): 73/281 kB
2022.12.20 22:29:17 INFO  Progress (1): 77/281 kB
2022.12.20 22:29:17 INFO  Progress (1): 81/281 kB
2022.12.20 22:29:17 INFO  Progress (1): 85/281 kB
2022.12.20 22:29:17 INFO  Progress (1): 90/281 kB
2022.12.20 22:29:17 INFO  Progress (1): 94/281 kB
2022.12.20 22:29:17 INFO  Progress (1): 98/281 kB
2022.12.20 22:29:17 INFO  Progress (1): 102/281 kB
2022.12.20 22:29:17 INFO  Progress (1): 106/281 kB
2022.12.20 22:29:17 INFO  Progress (1): 110/281 kB
2022.12.20 22:29:17 INFO  Progress (1): 114/281 kB
2022.12.20 22:29:17 INFO  Progress (1): 118/281 kB
2022.12.20 22:29:17 INFO  Progress (1): 122/281 kB
2022.12.20 22:29:17 INFO  Progress (1): 126/281 kB
2022.12.20 22:29:17 INFO  Progress (1): 131/281 kB
2022.12.20 22:29:17 INFO  Progress (1): 135/281 kB
2022.12.20 22:29:17 INFO  Progress (1): 139/281 kB
2022.12.20 22:29:17 INFO  Progress (1): 143/281 kB
2022.12.20 22:29:17 INFO  Progress (1): 147/281 kB
2022.12.20 22:29:17 INFO  Progress (1): 151/281 kB
2022.12.20 22:29:17 INFO  Progress (1): 155/281 kB
2022.12.20 22:29:17 INFO  Progress (1): 159/281 kB
2022.12.20 22:29:17 INFO  Progress (1): 163/281 kB
2022.12.20 22:29:17 INFO  Progress (1): 167/281 kB
2022.12.20 22:29:17 INFO  Progress (1): 171/281 kB
2022.12.20 22:29:17 INFO  Progress (1): 176/281 kB
2022.12.20 22:29:17 INFO  Progress (1): 180/281 kB
2022.12.20 22:29:17 INFO  Progress (1): 184/281 kB
2022.12.20 22:29:17 INFO  Progress (1): 188/281 kB
2022.12.20 22:29:17 INFO  Progress (1): 192/281 kB
2022.12.20 22:29:17 INFO  Progress (1): 196/281 kB
2022.12.20 22:29:17 INFO  Progress (1): 200/281 kB
2022.12.20 22:29:17 INFO  Progress (1): 204/281 kB
2022.12.20 22:29:17 INFO  Progress (1): 208/281 kB
2022.12.20 22:29:17 INFO  Progress (1): 212/281 kB
2022.12.20 22:29:17 INFO  Progress (1): 217/281 kB
2022.12.20 22:29:17 INFO  Progress (1): 221/281 kB
2022.12.20 22:29:17 INFO  Progress (1): 225/281 kB
2022.12.20 22:29:17 INFO  Progress (1): 229/281 kB
2022.12.20 22:29:17 INFO  Progress (1): 233/281 kB
2022.12.20 22:29:17 INFO  Progress (1): 237/281 kB
2022.12.20 22:29:17 INFO  Progress (1): 241/281 kB
2022.12.20 22:29:17 INFO  Progress (1): 245/281 kB
2022.12.20 22:29:17 INFO  Progress (1): 249/281 kB
2022.12.20 22:29:17 INFO  Progress (1): 253/281 kB
2022.12.20 22:29:17 INFO  Progress (1): 258/281 kB
2022.12.20 22:29:17 INFO  Progress (1): 262/281 kB
2022.12.20 22:29:17 INFO  Progress (1): 266/281 kB
2022.12.20 22:29:17 INFO  Progress (1): 270/281 kB
2022.12.20 22:29:17 INFO  Progress (1): 274/281 kB
2022.12.20 22:29:17 INFO  Progress (1): 278/281 kB
2022.12.20 22:29:17 INFO  Progress (1): 281 kB    
2022.12.20 22:29:17 INFO                      
2022.12.20 22:29:17 INFO  Downloaded from central: https://repo.maven.apache.org/maven2/commons-io/commons-io/2.6/commons-io-2.6-sources.jar (281 kB at 903 kB/s)
2022.12.20 22:29:17 INFO  [INFO] SUCCESS: commons-io:commons-io:jar:2.6:compile (sources = true)
2022.12.20 22:29:17 INFO  [INFO] Resolving artifact: org.rauschig:jarchivelib:jar:1.0.0:compile (sources = false)
2022.12.20 22:29:17 INFO  [INFO] SUCCESS: org.rauschig:jarchivelib:jar:1.0.0:compile (sources = false)
2022.12.20 22:29:17 INFO  [INFO] Resolving artifact: org.rauschig:jarchivelib:jar:1.0.0:compile (sources = true)
2022.12.20 22:29:17 INFO  Downloading from central: https://repo.maven.apache.org/maven2/org/rauschig/jarchivelib/1.0.0/jarchivelib-1.0.0-sources.jar
2022.12.20 22:29:17 INFO  Progress (1): 4.1/30 kB
2022.12.20 22:29:17 INFO  Progress (1): 8.2/30 kB
2022.12.20 22:29:17 INFO  Progress (1): 12/30 kB 
2022.12.20 22:29:17 INFO  Progress (1): 16/30 kB
2022.12.20 22:29:17 INFO  Progress (1): 20/30 kB
2022.12.20 22:29:17 INFO  Progress (1): 24/30 kB
2022.12.20 22:29:17 INFO  Progress (1): 28/30 kB
2022.12.20 22:29:17 INFO  Progress (1): 30 kB   
2022.12.20 22:29:17 INFO                     
2022.12.20 22:29:17 INFO  Downloaded from central: https://repo.maven.apache.org/maven2/org/rauschig/jarchivelib/1.0.0/jarchivelib-1.0.0-sources.jar (30 kB at 98 kB/s)
2022.12.20 22:29:17 INFO  [INFO] SUCCESS: org.rauschig:jarchivelib:jar:1.0.0:compile (sources = true)
2022.12.20 22:29:17 INFO  [INFO] Resolving artifact: org.apache.httpcomponents:httpclient:jar:4.5.2:compile (sources = false)
2022.12.20 22:29:17 INFO  [INFO] SUCCESS: org.apache.httpcomponents:httpclient:jar:4.5.2:compile (sources = false)
2022.12.20 22:29:17 INFO  [INFO] Resolving artifact: org.apache.httpcomponents:httpclient:jar:4.5.2:compile (sources = true)
2022.12.20 22:29:17 INFO  Downloading from central: https://repo.maven.apache.org/maven2/org/apache/httpcomponents/httpclient/4.5.2/httpclient-4.5.2-sources.jar
2022.12.20 22:29:17 INFO  Progress (1): 4.1/708 kB
2022.12.20 22:29:17 INFO  Progress (1): 8.2/708 kB
2022.12.20 22:29:17 INFO  Progress (1): 12/708 kB 
2022.12.20 22:29:17 INFO  Progress (1): 16/708 kB
2022.12.20 22:29:17 INFO  Progress (1): 20/708 kB
2022.12.20 22:29:17 INFO  Progress (1): 25/708 kB
2022.12.20 22:29:17 INFO  Progress (1): 29/708 kB
2022.12.20 22:29:17 INFO  Progress (1): 33/708 kB
2022.12.20 22:29:17 INFO  Progress (1): 37/708 kB
2022.12.20 22:29:17 INFO  Progress (1): 41/708 kB
2022.12.20 22:29:17 INFO  Progress (1): 45/708 kB
2022.12.20 22:29:17 INFO  Progress (1): 49/708 kB
2022.12.20 22:29:17 INFO  Progress (1): 53/708 kB
2022.12.20 22:29:17 INFO  Progress (1): 57/708 kB
2022.12.20 22:29:17 INFO  Progress (1): 61/708 kB
2022.12.20 22:29:17 INFO  Progress (1): 66/708 kB
2022.12.20 22:29:17 INFO  Progress (1): 70/708 kB
2022.12.20 22:29:17 INFO  Progress (1): 74/708 kB
2022.12.20 22:29:17 INFO  Progress (1): 78/708 kB
2022.12.20 22:29:17 INFO  Progress (1): 82/708 kB
2022.12.20 22:29:17 INFO  Progress (1): 86/708 kB
2022.12.20 22:29:17 INFO  Progress (1): 90/708 kB
2022.12.20 22:29:17 INFO  Progress (1): 94/708 kB
2022.12.20 22:29:17 INFO  Progress (1): 98/708 kB
2022.12.20 22:29:17 INFO  Progress (1): 102/708 kB
2022.12.20 22:29:17 INFO  Progress (1): 106/708 kB
2022.12.20 22:29:17 INFO  Progress (1): 111/708 kB
2022.12.20 22:29:17 INFO  Progress (1): 115/708 kB
2022.12.20 22:29:17 INFO  Progress (1): 119/708 kB
2022.12.20 22:29:17 INFO  Progress (1): 123/708 kB
2022.12.20 22:29:17 INFO  Progress (1): 127/708 kB
2022.12.20 22:29:17 INFO  Progress (1): 131/708 kB
2022.12.20 22:29:17 INFO  Progress (1): 135/708 kB
2022.12.20 22:29:17 INFO  Progress (1): 139/708 kB
2022.12.20 22:29:17 INFO  Progress (1): 143/708 kB
2022.12.20 22:29:17 INFO  Progress (1): 147/708 kB
2022.12.20 22:29:17 INFO  Progress (1): 152/708 kB
2022.12.20 22:29:17 INFO  Progress (1): 156/708 kB
2022.12.20 22:29:17 INFO  Progress (1): 160/708 kB
2022.12.20 22:29:17 INFO  Progress (1): 164/708 kB
2022.12.20 22:29:17 INFO  Progress (1): 168/708 kB
2022.12.20 22:29:17 INFO  Progress (1): 172/708 kB
2022.12.20 22:29:17 INFO  Progress (1): 176/708 kB
2022.12.20 22:29:17 INFO  Progress (1): 180/708 kB
2022.12.20 22:29:17 INFO  Progress (1): 184/708 kB
2022.12.20 22:29:17 INFO  Progress (1): 188/708 kB
2022.12.20 22:29:17 INFO  Progress (1): 193/708 kB
2022.12.20 22:29:17 INFO  Progress (1): 197/708 kB
2022.12.20 22:29:17 INFO  Progress (1): 201/708 kB
2022.12.20 22:29:17 INFO  Progress (1): 205/708 kB
2022.12.20 22:29:17 INFO  Progress (1): 209/708 kB
2022.12.20 22:29:17 INFO  Progress (1): 213/708 kB
2022.12.20 22:29:17 INFO  Progress (1): 217/708 kB
2022.12.20 22:29:17 INFO  Progress (1): 221/708 kB
2022.12.20 22:29:17 INFO  Progress (1): 225/708 kB
2022.12.20 22:29:17 INFO  Progress (1): 229/708 kB
2022.12.20 22:29:17 INFO  Progress (1): 233/708 kB
2022.12.20 22:29:17 INFO  Progress (1): 238/708 kB
2022.12.20 22:29:17 INFO  Progress (1): 242/708 kB
2022.12.20 22:29:17 INFO  Progress (1): 246/708 kB
2022.12.20 22:29:17 INFO  Progress (1): 250/708 kB
2022.12.20 22:29:17 INFO  Progress (1): 254/708 kB
2022.12.20 22:29:17 INFO  Progress (1): 258/708 kB
2022.12.20 22:29:17 INFO  Progress (1): 262/708 kB
2022.12.20 22:29:17 INFO  Progress (1): 266/708 kB
2022.12.20 22:29:17 INFO  Progress (1): 270/708 kB
2022.12.20 22:29:17 INFO  Progress (1): 274/708 kB
2022.12.20 22:29:17 INFO  Progress (1): 279/708 kB
2022.12.20 22:29:17 INFO  Progress (1): 283/708 kB
2022.12.20 22:29:17 INFO  Progress (1): 287/708 kB
2022.12.20 22:29:17 INFO  Progress (1): 291/708 kB
2022.12.20 22:29:17 INFO  Progress (1): 295/708 kB
2022.12.20 22:29:17 INFO  Progress (1): 299/708 kB
2022.12.20 22:29:17 INFO  Progress (1): 303/708 kB
2022.12.20 22:29:17 INFO  Progress (1): 307/708 kB
2022.12.20 22:29:17 INFO  Progress (1): 311/708 kB
2022.12.20 22:29:17 INFO  Progress (1): 315/708 kB
2022.12.20 22:29:17 INFO  Progress (1): 319/708 kB
2022.12.20 22:29:17 INFO  Progress (1): 324/708 kB
2022.12.20 22:29:17 INFO  Progress (1): 328/708 kB
2022.12.20 22:29:17 INFO  Progress (1): 332/708 kB
2022.12.20 22:29:17 INFO  Progress (1): 336/708 kB
2022.12.20 22:29:17 INFO  Progress (1): 340/708 kB
2022.12.20 22:29:17 INFO  Progress (1): 344/708 kB
2022.12.20 22:29:17 INFO  Progress (1): 348/708 kB
2022.12.20 22:29:17 INFO  Progress (1): 352/708 kB
2022.12.20 22:29:17 INFO  Progress (1): 356/708 kB
2022.12.20 22:29:17 INFO  Progress (1): 360/708 kB
2022.12.20 22:29:17 INFO  Progress (1): 365/708 kB
2022.12.20 22:29:17 INFO  Progress (1): 369/708 kB
2022.12.20 22:29:17 INFO  Progress (1): 373/708 kB
2022.12.20 22:29:17 INFO  Progress (1): 377/708 kB
2022.12.20 22:29:17 INFO  Progress (1): 381/708 kB
2022.12.20 22:29:17 INFO  Progress (1): 385/708 kB
2022.12.20 22:29:17 INFO  Progress (1): 389/708 kB
2022.12.20 22:29:17 INFO  Progress (1): 393/708 kB
2022.12.20 22:29:17 INFO  Progress (1): 397/708 kB
2022.12.20 22:29:17 INFO  Progress (1): 401/708 kB
2022.12.20 22:29:17 INFO  Progress (1): 406/708 kB
2022.12.20 22:29:17 INFO  Progress (1): 410/708 kB
2022.12.20 22:29:17 INFO  Progress (1): 414/708 kB
2022.12.20 22:29:17 INFO  Progress (1): 418/708 kB
2022.12.20 22:29:17 INFO  Progress (1): 422/708 kB
2022.12.20 22:29:17 INFO  Progress (1): 426/708 kB
2022.12.20 22:29:17 INFO  Progress (1): 430/708 kB
2022.12.20 22:29:17 INFO  Progress (1): 434/708 kB
2022.12.20 22:29:17 INFO  Progress (1): 438/708 kB
2022.12.20 22:29:17 INFO  Progress (1): 442/708 kB
2022.12.20 22:29:17 INFO  Progress (1): 446/708 kB
2022.12.20 22:29:17 INFO  Progress (1): 451/708 kB
2022.12.20 22:29:17 INFO  Progress (1): 455/708 kB
2022.12.20 22:29:17 INFO  Progress (1): 459/708 kB
2022.12.20 22:29:17 INFO  Progress (1): 463/708 kB
2022.12.20 22:29:17 INFO  Progress (1): 467/708 kB
2022.12.20 22:29:17 INFO  Progress (1): 471/708 kB
2022.12.20 22:29:17 INFO  Progress (1): 475/708 kB
2022.12.20 22:29:17 INFO  Progress (1): 479/708 kB
2022.12.20 22:29:17 INFO  Progress (1): 483/708 kB
2022.12.20 22:29:17 INFO  Progress (1): 487/708 kB
2022.12.20 22:29:17 INFO  Progress (1): 492/708 kB
2022.12.20 22:29:17 INFO  Progress (1): 496/708 kB
2022.12.20 22:29:17 INFO  Progress (1): 500/708 kB
2022.12.20 22:29:17 INFO  Progress (1): 504/708 kB
2022.12.20 22:29:17 INFO  Progress (1): 508/708 kB
2022.12.20 22:29:17 INFO  Progress (1): 512/708 kB
2022.12.20 22:29:17 INFO  Progress (1): 516/708 kB
2022.12.20 22:29:17 INFO  Progress (1): 520/708 kB
2022.12.20 22:29:17 INFO  Progress (1): 524/708 kB
2022.12.20 22:29:17 INFO  Progress (1): 528/708 kB
2022.12.20 22:29:17 INFO  Progress (1): 532/708 kB
2022.12.20 22:29:17 INFO  Progress (1): 537/708 kB
2022.12.20 22:29:17 INFO  Progress (1): 541/708 kB
2022.12.20 22:29:17 INFO  Progress (1): 545/708 kB
2022.12.20 22:29:17 INFO  Progress (1): 549/708 kB
2022.12.20 22:29:17 INFO  Progress (1): 553/708 kB
2022.12.20 22:29:17 INFO  Progress (1): 557/708 kB
2022.12.20 22:29:17 INFO  Progress (1): 561/708 kB
2022.12.20 22:29:17 INFO  Progress (1): 565/708 kB
2022.12.20 22:29:17 INFO  Progress (1): 569/708 kB
2022.12.20 22:29:17 INFO  Progress (1): 573/708 kB
2022.12.20 22:29:17 INFO  Progress (1): 578/708 kB
2022.12.20 22:29:17 INFO  Progress (1): 582/708 kB
2022.12.20 22:29:17 INFO  Progress (1): 586/708 kB
2022.12.20 22:29:17 INFO  Progress (1): 590/708 kB
2022.12.20 22:29:17 INFO  Progress (1): 594/708 kB
2022.12.20 22:29:17 INFO  Progress (1): 598/708 kB
2022.12.20 22:29:17 INFO  Progress (1): 602/708 kB
2022.12.20 22:29:17 INFO  Progress (1): 606/708 kB
2022.12.20 22:29:17 INFO  Progress (1): 610/708 kB
2022.12.20 22:29:17 INFO  Progress (1): 614/708 kB
2022.12.20 22:29:17 INFO  Progress (1): 618/708 kB
2022.12.20 22:29:17 INFO  Progress (1): 623/708 kB
2022.12.20 22:29:17 INFO  Progress (1): 627/708 kB
2022.12.20 22:29:17 INFO  Progress (1): 631/708 kB
2022.12.20 22:29:17 INFO  Progress (1): 635/708 kB
2022.12.20 22:29:17 INFO  Progress (1): 639/708 kB
2022.12.20 22:29:17 INFO  Progress (1): 643/708 kB
2022.12.20 22:29:17 INFO  Progress (1): 647/708 kB
2022.12.20 22:29:17 INFO  Progress (1): 651/708 kB
2022.12.20 22:29:17 INFO  Progress (1): 655/708 kB
2022.12.20 22:29:17 INFO  Progress (1): 659/708 kB
2022.12.20 22:29:17 INFO  Progress (1): 664/708 kB
2022.12.20 22:29:17 INFO  Progress (1): 668/708 kB
2022.12.20 22:29:17 INFO  Progress (1): 672/708 kB
2022.12.20 22:29:17 INFO  Progress (1): 676/708 kB
2022.12.20 22:29:17 INFO  Progress (1): 680/708 kB
2022.12.20 22:29:17 INFO  Progress (1): 684/708 kB
2022.12.20 22:29:17 INFO  Progress (1): 688/708 kB
2022.12.20 22:29:17 INFO  Progress (1): 692/708 kB
2022.12.20 22:29:17 INFO  Progress (1): 696/708 kB
2022.12.20 22:29:17 INFO  Progress (1): 700/708 kB
2022.12.20 22:29:17 INFO  Progress (1): 705/708 kB
2022.12.20 22:29:17 INFO  Progress (1): 708 kB    
2022.12.20 22:29:18 INFO                      
2022.12.20 22:29:18 INFO  Downloaded from central: https://repo.maven.apache.org/maven2/org/apache/httpcomponents/httpclient/4.5.2/httpclient-4.5.2-sources.jar (708 kB at 2.0 MB/s)
2022.12.20 22:29:18 INFO  [INFO] SUCCESS: org.apache.httpcomponents:httpclient:jar:4.5.2:compile (sources = true)
2022.12.20 22:29:18 INFO  [INFO] Resolving artifact: com.googlecode.json-simple:json-simple:jar:1.1.1:compile (sources = false)
2022.12.20 22:29:18 INFO  [INFO] SUCCESS: com.googlecode.json-simple:json-simple:jar:1.1.1:compile (sources = false)
2022.12.20 22:29:18 INFO  [INFO] Resolving artifact: com.googlecode.json-simple:json-simple:jar:1.1.1:compile (sources = true)
2022.12.20 22:29:18 INFO  Downloading from central: https://repo.maven.apache.org/maven2/com/googlecode/json-simple/json-simple/1.1.1/json-simple-1.1.1-sources.jar
2022.12.20 22:29:18 INFO  Progress (1): 4.1/17 kB
2022.12.20 22:29:18 INFO  Progress (1): 8.2/17 kB
2022.12.20 22:29:18 INFO  Progress (1): 12/17 kB 
2022.12.20 22:29:18 INFO  Progress (1): 16/17 kB
2022.12.20 22:29:18 INFO  Progress (1): 17 kB   
2022.12.20 22:29:18 INFO                     
2022.12.20 22:29:18 INFO  Downloaded from central: https://repo.maven.apache.org/maven2/com/googlecode/json-simple/json-simple/1.1.1/json-simple-1.1.1-sources.jar (17 kB at 61 kB/s)
2022.12.20 22:29:18 INFO  [INFO] SUCCESS: com.googlecode.json-simple:json-simple:jar:1.1.1:compile (sources = true)
2022.12.20 22:29:18 INFO  [INFO] Resolving artifact: com.googlecode.owasp-java-html-sanitizer:owasp-java-html-sanitizer:jar:20170515.1:compile (sources = false)
2022.12.20 22:29:18 INFO  [INFO] SUCCESS: com.googlecode.owasp-java-html-sanitizer:owasp-java-html-sanitizer:jar:20170515.1:compile (sources = false)
2022.12.20 22:29:18 INFO  [INFO] Resolving artifact: com.googlecode.owasp-java-html-sanitizer:owasp-java-html-sanitizer:jar:20170515.1:compile (sources = true)
2022.12.20 22:29:18 INFO  Downloading from central: https://repo.maven.apache.org/maven2/com/googlecode/owasp-java-html-sanitizer/owasp-java-html-sanitizer/20170515.1/owasp-java-html-sanitizer-20170515.1-sources.jar
2022.12.20 22:29:18 INFO  Progress (1): 4.1/133 kB
2022.12.20 22:29:18 INFO  Progress (1): 8.2/133 kB
2022.12.20 22:29:18 INFO  Progress (1): 12/133 kB 
2022.12.20 22:29:18 INFO  Progress (1): 16/133 kB
2022.12.20 22:29:18 INFO  Progress (1): 20/133 kB
2022.12.20 22:29:18 INFO  Progress (1): 24/133 kB
2022.12.20 22:29:18 INFO  Progress (1): 28/133 kB
2022.12.20 22:29:18 INFO  Progress (1): 32/133 kB
2022.12.20 22:29:18 INFO  Progress (1): 36/133 kB
2022.12.20 22:29:18 INFO  Progress (1): 40/133 kB
2022.12.20 22:29:18 INFO  Progress (1): 45/133 kB
2022.12.20 22:29:18 INFO  Progress (1): 49/133 kB
2022.12.20 22:29:18 INFO  Progress (1): 53/133 kB
2022.12.20 22:29:18 INFO  Progress (1): 57/133 kB
2022.12.20 22:29:18 INFO  Progress (1): 61/133 kB
2022.12.20 22:29:18 INFO  Progress (1): 65/133 kB
2022.12.20 22:29:18 INFO  Progress (1): 69/133 kB
2022.12.20 22:29:18 INFO  Progress (1): 73/133 kB
2022.12.20 22:29:18 INFO  Progress (1): 77/133 kB
2022.12.20 22:29:18 INFO  Progress (1): 81/133 kB
2022.12.20 22:29:18 INFO  Progress (1): 85/133 kB
2022.12.20 22:29:18 INFO  Progress (1): 90/133 kB
2022.12.20 22:29:18 INFO  Progress (1): 94/133 kB
2022.12.20 22:29:18 INFO  Progress (1): 98/133 kB
2022.12.20 22:29:18 INFO  Progress (1): 102/133 kB
2022.12.20 22:29:18 INFO  Progress (1): 106/133 kB
2022.12.20 22:29:18 INFO  Progress (1): 110/133 kB
2022.12.20 22:29:18 INFO  Progress (1): 114/133 kB
2022.12.20 22:29:18 INFO  Progress (1): 118/133 kB
2022.12.20 22:29:18 INFO  Progress (1): 122/133 kB
2022.12.20 22:29:18 INFO  Progress (1): 126/133 kB
2022.12.20 22:29:18 INFO  Progress (1): 131/133 kB
2022.12.20 22:29:18 INFO  Progress (1): 133 kB    
2022.12.20 22:29:18 INFO                      
2022.12.20 22:29:18 INFO  Downloaded from central: https://repo.maven.apache.org/maven2/com/googlecode/owasp-java-html-sanitizer/owasp-java-html-sanitizer/20170515.1/owasp-java-html-sanitizer-20170515.1-sources.jar (133 kB at 401 kB/s)
2022.12.20 22:29:18 INFO  [INFO] SUCCESS: com.googlecode.owasp-java-html-sanitizer:owasp-java-html-sanitizer:jar:20170515.1:compile (sources = true)
2022.12.20 22:29:18 INFO  [INFO] Resolving artifact: io.rest-assured:json-schema-validator:jar:3.1.0:compile (sources = false)
2022.12.20 22:29:18 INFO  [INFO] SUCCESS: io.rest-assured:json-schema-validator:jar:3.1.0:compile (sources = false)
2022.12.20 22:29:18 INFO  [INFO] Resolving artifact: io.rest-assured:json-schema-validator:jar:3.1.0:compile (sources = true)
2022.12.20 22:29:18 INFO  Downloading from central: https://repo.maven.apache.org/maven2/io/rest-assured/json-schema-validator/3.1.0/json-schema-validator-3.1.0-sources.jar
2022.12.20 22:29:18 INFO  Progress (1): 4.1/6.2 kB
2022.12.20 22:29:18 INFO  Progress (1): 6.2 kB    
2022.12.20 22:29:18 INFO                      
2022.12.20 22:29:18 INFO  Downloaded from central: https://repo.maven.apache.org/maven2/io/rest-assured/json-schema-validator/3.1.0/json-schema-validator-3.1.0-sources.jar (6.2 kB at 18 kB/s)
2022.12.20 22:29:18 INFO  [INFO] SUCCESS: io.rest-assured:json-schema-validator:jar:3.1.0:compile (sources = true)
2022.12.20 22:29:18 INFO  [INFO] Resolving artifact: io.rest-assured:json-path:jar:3.1.0:compile (sources = false)
2022.12.20 22:29:18 INFO  [INFO] SUCCESS: io.rest-assured:json-path:jar:3.1.0:compile (sources = false)
2022.12.20 22:29:18 INFO  [INFO] Resolving artifact: io.rest-assured:json-path:jar:3.1.0:compile (sources = true)
2022.12.20 22:29:18 INFO  Downloading from central: https://repo.maven.apache.org/maven2/io/rest-assured/json-path/3.1.0/json-path-3.1.0-sources.jar
2022.12.20 22:29:19 INFO  Progress (1): 4.1/30 kB
2022.12.20 22:29:19 INFO  Progress (1): 8.2/30 kB
2022.12.20 22:29:19 INFO  Progress (1): 12/30 kB 
2022.12.20 22:29:19 INFO  Progress (1): 16/30 kB
2022.12.20 22:29:19 INFO  Progress (1): 20/30 kB
2022.12.20 22:29:19 INFO  Progress (1): 24/30 kB
2022.12.20 22:29:19 INFO  Progress (1): 28/30 kB
2022.12.20 22:29:19 INFO  Progress (1): 30 kB   
2022.12.20 22:29:19 INFO                     
2022.12.20 22:29:19 INFO  Downloaded from central: https://repo.maven.apache.org/maven2/io/rest-assured/json-path/3.1.0/json-path-3.1.0-sources.jar (30 kB at 96 kB/s)
2022.12.20 22:29:19 INFO  [INFO] SUCCESS: io.rest-assured:json-path:jar:3.1.0:compile (sources = true)
2022.12.20 22:29:19 INFO  [INFO] Resolving artifact: com.squareup.okio:okio:jar:1.14.0:compile (sources = false)
2022.12.20 22:29:19 INFO  [INFO] SUCCESS: com.squareup.okio:okio:jar:1.14.0:compile (sources = false)
2022.12.20 22:29:19 INFO  [INFO] Resolving artifact: com.squareup.okio:okio:jar:1.14.0:compile (sources = true)
2022.12.20 22:29:19 INFO  Downloading from central: https://repo.maven.apache.org/maven2/com/squareup/okio/okio/1.14.0/okio-1.14.0-sources.jar
2022.12.20 22:29:19 INFO  Progress (1): 4.1/75 kB
2022.12.20 22:29:19 INFO  Progress (1): 8.2/75 kB
2022.12.20 22:29:19 INFO  Progress (1): 12/75 kB 
2022.12.20 22:29:19 INFO  Progress (1): 16/75 kB
2022.12.20 22:29:19 INFO  Progress (1): 20/75 kB
2022.12.20 22:29:19 INFO  Progress (1): 24/75 kB
2022.12.20 22:29:19 INFO  Progress (1): 28/75 kB
2022.12.20 22:29:19 INFO  Progress (1): 32/75 kB
2022.12.20 22:29:19 INFO  Progress (1): 36/75 kB
2022.12.20 22:29:19 INFO  Progress (1): 40/75 kB
2022.12.20 22:29:19 INFO  Progress (1): 45/75 kB
2022.12.20 22:29:19 INFO  Progress (1): 49/75 kB
2022.12.20 22:29:19 INFO  Progress (1): 53/75 kB
2022.12.20 22:29:19 INFO  Progress (1): 57/75 kB
2022.12.20 22:29:19 INFO  Progress (1): 61/75 kB
2022.12.20 22:29:19 INFO  Progress (1): 65/75 kB
2022.12.20 22:29:19 INFO  Progress (1): 69/75 kB
2022.12.20 22:29:19 INFO  Progress (1): 73/75 kB
2022.12.20 22:29:19 INFO  Progress (1): 75 kB   
2022.12.20 22:29:19 INFO                     
2022.12.20 22:29:19 INFO  Downloaded from central: https://repo.maven.apache.org/maven2/com/squareup/okio/okio/1.14.0/okio-1.14.0-sources.jar (75 kB at 241 kB/s)
2022.12.20 22:29:19 INFO  [INFO] SUCCESS: com.squareup.okio:okio:jar:1.14.0:compile (sources = true)
2022.12.20 22:29:19 INFO  [INFO] Resolving artifact: org.hamcrest:hamcrest-core:jar:1.3:compile (sources = false)
2022.12.20 22:29:19 INFO  [INFO] SUCCESS: org.hamcrest:hamcrest-core:jar:1.3:compile (sources = false)
2022.12.20 22:29:19 INFO  [INFO] Resolving artifact: org.hamcrest:hamcrest-core:jar:1.3:compile (sources = true)
2022.12.20 22:29:19 INFO  Downloading from central: https://repo.maven.apache.org/maven2/org/hamcrest/hamcrest-core/1.3/hamcrest-core-1.3-sources.jar
2022.12.20 22:29:19 INFO  Progress (1): 4.1/33 kB
2022.12.20 22:29:19 INFO  Progress (1): 8.2/33 kB
2022.12.20 22:29:19 INFO  Progress (1): 12/33 kB 
2022.12.20 22:29:19 INFO  Progress (1): 16/33 kB
2022.12.20 22:29:19 INFO  Progress (1): 20/33 kB
2022.12.20 22:29:19 INFO  Progress (1): 24/33 kB
2022.12.20 22:29:19 INFO  Progress (1): 28/33 kB
2022.12.20 22:29:19 INFO  Progress (1): 32/33 kB
2022.12.20 22:29:19 INFO  Progress (1): 33 kB   
2022.12.20 22:29:19 INFO                     
2022.12.20 22:29:19 INFO  Downloaded from central: https://repo.maven.apache.org/maven2/org/hamcrest/hamcrest-core/1.3/hamcrest-core-1.3-sources.jar (33 kB at 113 kB/s)
2022.12.20 22:29:19 INFO  [INFO] SUCCESS: org.hamcrest:hamcrest-core:jar:1.3:compile (sources = true)
2022.12.20 22:29:19 INFO  [INFO] Resolving artifact: com.google.code.gson:gson:jar:2.8.5:compile (sources = false)
2022.12.20 22:29:19 INFO  [INFO] SUCCESS: com.google.code.gson:gson:jar:2.8.5:compile (sources = false)
2022.12.20 22:29:19 INFO  [INFO] Resolving artifact: com.google.code.gson:gson:jar:2.8.5:compile (sources = true)
2022.12.20 22:29:19 INFO  Downloading from central: https://repo.maven.apache.org/maven2/com/google/code/gson/gson/2.8.5/gson-2.8.5-sources.jar
2022.12.20 22:29:19 INFO  Progress (1): 4.1/156 kB
2022.12.20 22:29:19 INFO  Progress (1): 8.2/156 kB
2022.12.20 22:29:19 INFO  Progress (1): 12/156 kB 
2022.12.20 22:29:19 INFO  Progress (1): 16/156 kB
2022.12.20 22:29:19 INFO  Progress (1): 20/156 kB
2022.12.20 22:29:19 INFO  Progress (1): 24/156 kB
2022.12.20 22:29:19 INFO  Progress (1): 28/156 kB
2022.12.20 22:29:19 INFO  Progress (1): 32/156 kB
2022.12.20 22:29:19 INFO  Progress (1): 36/156 kB
2022.12.20 22:29:19 INFO  Progress (1): 40/156 kB
2022.12.20 22:29:19 INFO  Progress (1): 45/156 kB
2022.12.20 22:29:19 INFO  Progress (1): 49/156 kB
2022.12.20 22:29:19 INFO  Progress (1): 53/156 kB
2022.12.20 22:29:19 INFO  Progress (1): 57/156 kB
2022.12.20 22:29:19 INFO  Progress (1): 61/156 kB
2022.12.20 22:29:19 INFO  Progress (1): 65/156 kB
2022.12.20 22:29:19 INFO  Progress (1): 69/156 kB
2022.12.20 22:29:19 INFO  Progress (1): 73/156 kB
2022.12.20 22:29:19 INFO  Progress (1): 77/156 kB
2022.12.20 22:29:19 INFO  Progress (1): 81/156 kB
2022.12.20 22:29:19 INFO  Progress (1): 85/156 kB
2022.12.20 22:29:19 INFO  Progress (1): 90/156 kB
2022.12.20 22:29:19 INFO  Progress (1): 94/156 kB
2022.12.20 22:29:19 INFO  Progress (1): 98/156 kB
2022.12.20 22:29:19 INFO  Progress (1): 102/156 kB
2022.12.20 22:29:19 INFO  Progress (1): 106/156 kB
2022.12.20 22:29:19 INFO  Progress (1): 110/156 kB
2022.12.20 22:29:19 INFO  Progress (1): 114/156 kB
2022.12.20 22:29:19 INFO  Progress (1): 118/156 kB
2022.12.20 22:29:19 INFO  Progress (1): 122/156 kB
2022.12.20 22:29:19 INFO  Progress (1): 126/156 kB
2022.12.20 22:29:19 INFO  Progress (1): 131/156 kB
2022.12.20 22:29:19 INFO  Progress (1): 135/156 kB
2022.12.20 22:29:19 INFO  Progress (1): 139/156 kB
2022.12.20 22:29:19 INFO  Progress (1): 143/156 kB
2022.12.20 22:29:19 INFO  Progress (1): 147/156 kB
2022.12.20 22:29:19 INFO  Progress (1): 151/156 kB
2022.12.20 22:29:19 INFO  Progress (1): 155/156 kB
2022.12.20 22:29:19 INFO  Progress (1): 156 kB    
2022.12.20 22:29:20 INFO                      
2022.12.20 22:29:20 INFO  Downloaded from central: https://repo.maven.apache.org/maven2/com/google/code/gson/gson/2.8.5/gson-2.8.5-sources.jar (156 kB at 464 kB/s)
2022.12.20 22:29:20 INFO  [INFO] SUCCESS: com.google.code.gson:gson:jar:2.8.5:compile (sources = true)
2022.12.20 22:29:20 INFO  [INFO] Resolving artifact: commons-codec:commons-codec:jar:1.9:compile (sources = false)
2022.12.20 22:29:20 INFO  [INFO] SUCCESS: commons-codec:commons-codec:jar:1.9:compile (sources = false)
2022.12.20 22:29:20 INFO  [INFO] Resolving artifact: commons-codec:commons-codec:jar:1.9:compile (sources = true)
2022.12.20 22:29:20 INFO  Downloading from central: https://repo.maven.apache.org/maven2/commons-codec/commons-codec/1.9/commons-codec-1.9-sources.jar
2022.12.20 22:29:20 INFO  Progress (1): 4.1/278 kB
2022.12.20 22:29:20 INFO  Progress (1): 8.2/278 kB
2022.12.20 22:29:20 INFO  Progress (1): 12/278 kB 
2022.12.20 22:29:20 INFO  Progress (1): 16/278 kB
2022.12.20 22:29:20 INFO  Progress (1): 20/278 kB
2022.12.20 22:29:20 INFO  Progress (1): 24/278 kB
2022.12.20 22:29:20 INFO  Progress (1): 28/278 kB
2022.12.20 22:29:20 INFO  Progress (1): 32/278 kB
2022.12.20 22:29:20 INFO  Progress (1): 36/278 kB
2022.12.20 22:29:20 INFO  Progress (1): 40/278 kB
2022.12.20 22:29:20 INFO  Progress (1): 45/278 kB
2022.12.20 22:29:20 INFO  Progress (1): 49/278 kB
2022.12.20 22:29:20 INFO  Progress (1): 53/278 kB
2022.12.20 22:29:20 INFO  Progress (1): 57/278 kB
2022.12.20 22:29:20 INFO  Progress (1): 61/278 kB
2022.12.20 22:29:20 INFO  Progress (1): 65/278 kB
2022.12.20 22:29:20 INFO  Progress (1): 69/278 kB
2022.12.20 22:29:20 INFO  Progress (1): 73/278 kB
2022.12.20 22:29:20 INFO  Progress (1): 77/278 kB
2022.12.20 22:29:20 INFO  Progress (1): 81/278 kB
2022.12.20 22:29:20 INFO  Progress (1): 85/278 kB
2022.12.20 22:29:20 INFO  Progress (1): 90/278 kB
2022.12.20 22:29:20 INFO  Progress (1): 94/278 kB
2022.12.20 22:29:20 INFO  Progress (1): 98/278 kB
2022.12.20 22:29:20 INFO  Progress (1): 102/278 kB
2022.12.20 22:29:20 INFO  Progress (1): 106/278 kB
2022.12.20 22:29:20 INFO  Progress (1): 110/278 kB
2022.12.20 22:29:20 INFO  Progress (1): 114/278 kB
2022.12.20 22:29:20 INFO  Progress (1): 118/278 kB
2022.12.20 22:29:20 INFO  Progress (1): 122/278 kB
2022.12.20 22:29:20 INFO  Progress (1): 126/278 kB
2022.12.20 22:29:20 INFO  Progress (1): 131/278 kB
2022.12.20 22:29:20 INFO  Progress (1): 135/278 kB
2022.12.20 22:29:20 INFO  Progress (1): 139/278 kB
2022.12.20 22:29:20 INFO  Progress (1): 143/278 kB
2022.12.20 22:29:20 INFO  Progress (1): 147/278 kB
2022.12.20 22:29:20 INFO  Progress (1): 151/278 kB
2022.12.20 22:29:20 INFO  Progress (1): 155/278 kB
2022.12.20 22:29:20 INFO  Progress (1): 159/278 kB
2022.12.20 22:29:20 INFO  Progress (1): 163/278 kB
2022.12.20 22:29:20 INFO  Progress (1): 167/278 kB
2022.12.20 22:29:20 INFO  Progress (1): 171/278 kB
2022.12.20 22:29:20 INFO  Progress (1): 176/278 kB
2022.12.20 22:29:20 INFO  Progress (1): 180/278 kB
2022.12.20 22:29:20 INFO  Progress (1): 184/278 kB
2022.12.20 22:29:20 INFO  Progress (1): 188/278 kB
2022.12.20 22:29:20 INFO  Progress (1): 192/278 kB
2022.12.20 22:29:20 INFO  Progress (1): 196/278 kB
2022.12.20 22:29:20 INFO  Progress (1): 200/278 kB
2022.12.20 22:29:20 INFO  Progress (1): 204/278 kB
2022.12.20 22:29:20 INFO  Progress (1): 208/278 kB
2022.12.20 22:29:20 INFO  Progress (1): 212/278 kB
2022.12.20 22:29:20 INFO  Progress (1): 217/278 kB
2022.12.20 22:29:20 INFO  Progress (1): 221/278 kB
2022.12.20 22:29:20 INFO  Progress (1): 225/278 kB
2022.12.20 22:29:20 INFO  Progress (1): 229/278 kB
2022.12.20 22:29:20 INFO  Progress (1): 233/278 kB
2022.12.20 22:29:20 INFO  Progress (1): 237/278 kB
2022.12.20 22:29:20 INFO  Progress (1): 241/278 kB
2022.12.20 22:29:20 INFO  Progress (1): 245/278 kB
2022.12.20 22:29:20 INFO  Progress (1): 249/278 kB
2022.12.20 22:29:20 INFO  Progress (1): 253/278 kB
2022.12.20 22:29:20 INFO  Progress (1): 258/278 kB
2022.12.20 22:29:20 INFO  Progress (1): 262/278 kB
2022.12.20 22:29:20 INFO  Progress (1): 266/278 kB
2022.12.20 22:29:20 INFO  Progress (1): 270/278 kB
2022.12.20 22:29:20 INFO  Progress (1): 274/278 kB
2022.12.20 22:29:20 INFO  Progress (1): 278/278 kB
2022.12.20 22:29:20 INFO  Progress (1): 278 kB    
2022.12.20 22:29:20 INFO                      
2022.12.20 22:29:20 INFO  Downloaded from central: https://repo.maven.apache.org/maven2/commons-codec/commons-codec/1.9/commons-codec-1.9-sources.jar (278 kB at 881 kB/s)
2022.12.20 22:29:20 INFO  [INFO] SUCCESS: commons-codec:commons-codec:jar:1.9:compile (sources = true)
2022.12.20 22:29:20 INFO  [INFO] Resolving artifact: org.seleniumhq.selenium:selenium-support:jar:3.141.59:compile (sources = false)
2022.12.20 22:29:20 INFO  [INFO] SUCCESS: org.seleniumhq.selenium:selenium-support:jar:3.141.59:compile (sources = false)
2022.12.20 22:29:20 INFO  [INFO] Resolving artifact: org.seleniumhq.selenium:selenium-support:jar:3.141.59:compile (sources = true)
2022.12.20 22:29:20 INFO  Downloading from central: https://repo.maven.apache.org/maven2/org/seleniumhq/selenium/selenium-support/3.141.59/selenium-support-3.141.59-sources.jar
2022.12.20 22:29:20 INFO  Progress (1): 4.1/71 kB
2022.12.20 22:29:20 INFO  Progress (1): 8.2/71 kB
2022.12.20 22:29:20 INFO  Progress (1): 12/71 kB 
2022.12.20 22:29:20 INFO  Progress (1): 16/71 kB
2022.12.20 22:29:20 INFO  Progress (1): 20/71 kB
2022.12.20 22:29:20 INFO  Progress (1): 24/71 kB
2022.12.20 22:29:20 INFO  Progress (1): 28/71 kB
2022.12.20 22:29:20 INFO  Progress (1): 32/71 kB
2022.12.20 22:29:20 INFO  Progress (1): 36/71 kB
2022.12.20 22:29:20 INFO  Progress (1): 40/71 kB
2022.12.20 22:29:20 INFO  Progress (1): 45/71 kB
2022.12.20 22:29:20 INFO  Progress (1): 49/71 kB
2022.12.20 22:29:20 INFO  Progress (1): 53/71 kB
2022.12.20 22:29:20 INFO  Progress (1): 57/71 kB
2022.12.20 22:29:20 INFO  Progress (1): 61/71 kB
2022.12.20 22:29:20 INFO  Progress (1): 65/71 kB
2022.12.20 22:29:20 INFO  Progress (1): 69/71 kB
2022.12.20 22:29:20 INFO  Progress (1): 71 kB   
2022.12.20 22:29:20 INFO                     
2022.12.20 22:29:20 INFO  Downloaded from central: https://repo.maven.apache.org/maven2/org/seleniumhq/selenium/selenium-support/3.141.59/selenium-support-3.141.59-sources.jar (71 kB at 255 kB/s)
2022.12.20 22:29:20 INFO  [INFO] SUCCESS: org.seleniumhq.selenium:selenium-support:jar:3.141.59:compile (sources = true)
2022.12.20 22:29:20 INFO  [INFO] Resolving artifact: org.codehaus.groovy:groovy-json:jar:2.4.12:compile (sources = false)
2022.12.20 22:29:20 INFO  [INFO] SUCCESS: org.codehaus.groovy:groovy-json:jar:2.4.12:compile (sources = false)
2022.12.20 22:29:20 INFO  [INFO] Resolving artifact: org.codehaus.groovy:groovy-json:jar:2.4.12:compile (sources = true)
2022.12.20 22:29:20 INFO  Downloading from central: https://repo.maven.apache.org/maven2/org/codehaus/groovy/groovy-json/2.4.12/groovy-json-2.4.12-sources.jar
2022.12.20 22:29:20 INFO  Progress (1): 4.1/91 kB
2022.12.20 22:29:20 INFO  Progress (1): 8.2/91 kB
2022.12.20 22:29:20 INFO  Progress (1): 12/91 kB 
2022.12.20 22:29:20 INFO  Progress (1): 16/91 kB
2022.12.20 22:29:20 INFO  Progress (1): 20/91 kB
2022.12.20 22:29:20 INFO  Progress (1): 25/91 kB
2022.12.20 22:29:20 INFO  Progress (1): 29/91 kB
2022.12.20 22:29:20 INFO  Progress (1): 33/91 kB
2022.12.20 22:29:20 INFO  Progress (1): 37/91 kB
2022.12.20 22:29:20 INFO  Progress (1): 41/91 kB
2022.12.20 22:29:20 INFO  Progress (1): 45/91 kB
2022.12.20 22:29:20 INFO  Progress (1): 49/91 kB
2022.12.20 22:29:20 INFO  Progress (1): 53/91 kB
2022.12.20 22:29:20 INFO  Progress (1): 57/91 kB
2022.12.20 22:29:20 INFO  Progress (1): 61/91 kB
2022.12.20 22:29:20 INFO  Progress (1): 66/91 kB
2022.12.20 22:29:20 INFO  Progress (1): 70/91 kB
2022.12.20 22:29:20 INFO  Progress (1): 74/91 kB
2022.12.20 22:29:20 INFO  Progress (1): 78/91 kB
2022.12.20 22:29:20 INFO  Progress (1): 82/91 kB
2022.12.20 22:29:20 INFO  Progress (1): 86/91 kB
2022.12.20 22:29:20 INFO  Progress (1): 90/91 kB
2022.12.20 22:29:20 INFO  Progress (1): 91 kB   
2022.12.20 22:29:20 INFO                     
2022.12.20 22:29:20 INFO  Downloaded from central: https://repo.maven.apache.org/maven2/org/codehaus/groovy/groovy-json/2.4.12/groovy-json-2.4.12-sources.jar (91 kB at 304 kB/s)
2022.12.20 22:29:20 INFO  [INFO] SUCCESS: org.codehaus.groovy:groovy-json:jar:2.4.12:compile (sources = true)
2022.12.20 22:29:20 INFO  [INFO] Resolving artifact: org.codehaus.plexus:plexus-utils:jar:3.0.24:compile (sources = false)
2022.12.20 22:29:20 INFO  [INFO] SUCCESS: org.codehaus.plexus:plexus-utils:jar:3.0.24:compile (sources = false)
2022.12.20 22:29:20 INFO  [INFO] Resolving artifact: org.codehaus.plexus:plexus-utils:jar:3.0.24:compile (sources = true)
2022.12.20 22:29:20 INFO  Downloading from central: https://repo.maven.apache.org/maven2/org/codehaus/plexus/plexus-utils/3.0.24/plexus-utils-3.0.24-sources.jar
2022.12.20 22:29:22 INFO  Progress (1): 4.1/264 kB
2022.12.20 22:29:22 INFO  Progress (1): 8.2/264 kB
2022.12.20 22:29:22 INFO  Progress (1): 12/264 kB 
2022.12.20 22:29:22 INFO  Progress (1): 16/264 kB
2022.12.20 22:29:22 INFO  Progress (1): 20/264 kB
2022.12.20 22:29:22 INFO  Progress (1): 24/264 kB
2022.12.20 22:29:22 INFO  Progress (1): 28/264 kB
2022.12.20 22:29:22 INFO  Progress (1): 32/264 kB
2022.12.20 22:29:22 INFO  Progress (1): 36/264 kB
2022.12.20 22:29:22 INFO  Progress (1): 40/264 kB
2022.12.20 22:29:22 INFO  Progress (1): 45/264 kB
2022.12.20 22:29:22 INFO  Progress (1): 49/264 kB
2022.12.20 22:29:22 INFO  Progress (1): 53/264 kB
2022.12.20 22:29:22 INFO  Progress (1): 57/264 kB
2022.12.20 22:29:22 INFO  Progress (1): 61/264 kB
2022.12.20 22:29:22 INFO  Progress (1): 65/264 kB
2022.12.20 22:29:22 INFO  Progress (1): 69/264 kB
2022.12.20 22:29:22 INFO  Progress (1): 73/264 kB
2022.12.20 22:29:22 INFO  Progress (1): 77/264 kB
2022.12.20 22:29:22 INFO  Progress (1): 81/264 kB
2022.12.20 22:29:22 INFO  Progress (1): 85/264 kB
2022.12.20 22:29:22 INFO  Progress (1): 90/264 kB
2022.12.20 22:29:22 INFO  Progress (1): 94/264 kB
2022.12.20 22:29:22 INFO  Progress (1): 98/264 kB
2022.12.20 22:29:22 INFO  Progress (1): 102/264 kB
2022.12.20 22:29:22 INFO  Progress (1): 106/264 kB
2022.12.20 22:29:22 INFO  Progress (1): 110/264 kB
2022.12.20 22:29:22 INFO  Progress (1): 114/264 kB
2022.12.20 22:29:22 INFO  Progress (1): 118/264 kB
2022.12.20 22:29:22 INFO  Progress (1): 122/264 kB
2022.12.20 22:29:22 INFO  Progress (1): 126/264 kB
2022.12.20 22:29:22 INFO  Progress (1): 131/264 kB
2022.12.20 22:29:22 INFO  Progress (1): 135/264 kB
2022.12.20 22:29:22 INFO  Progress (1): 139/264 kB
2022.12.20 22:29:22 INFO  Progress (1): 143/264 kB
2022.12.20 22:29:22 INFO  Progress (1): 147/264 kB
2022.12.20 22:29:22 INFO  Progress (1): 151/264 kB
2022.12.20 22:29:22 INFO  Progress (1): 155/264 kB
2022.12.20 22:29:22 INFO  Progress (1): 159/264 kB
2022.12.20 22:29:22 INFO  Progress (1): 163/264 kB
2022.12.20 22:29:22 INFO  Progress (1): 167/264 kB
2022.12.20 22:29:22 INFO  Progress (1): 171/264 kB
2022.12.20 22:29:22 INFO  Progress (1): 176/264 kB
2022.12.20 22:29:22 INFO  Progress (1): 180/264 kB
2022.12.20 22:29:22 INFO  Progress (1): 184/264 kB
2022.12.20 22:29:22 INFO  Progress (1): 188/264 kB
2022.12.20 22:29:22 INFO  Progress (1): 192/264 kB
2022.12.20 22:29:22 INFO  Progress (1): 196/264 kB
2022.12.20 22:29:22 INFO  Progress (1): 200/264 kB
2022.12.20 22:29:22 INFO  Progress (1): 204/264 kB
2022.12.20 22:29:22 INFO  Progress (1): 208/264 kB
2022.12.20 22:29:22 INFO  Progress (1): 212/264 kB
2022.12.20 22:29:22 INFO  Progress (1): 217/264 kB
2022.12.20 22:29:22 INFO  Progress (1): 221/264 kB
2022.12.20 22:29:22 INFO  Progress (1): 225/264 kB
2022.12.20 22:29:22 INFO  Progress (1): 229/264 kB
2022.12.20 22:29:22 INFO  Progress (1): 233/264 kB
2022.12.20 22:29:22 INFO  Progress (1): 237/264 kB
2022.12.20 22:29:22 INFO  Progress (1): 241/264 kB
2022.12.20 22:29:22 INFO  Progress (1): 245/264 kB
2022.12.20 22:29:22 INFO  Progress (1): 249/264 kB
2022.12.20 22:29:22 INFO  Progress (1): 253/264 kB
2022.12.20 22:29:22 INFO  Progress (1): 258/264 kB
2022.12.20 22:29:22 INFO  Progress (1): 262/264 kB
2022.12.20 22:29:22 INFO  Progress (1): 264 kB    
2022.12.20 22:29:22 INFO                      
2022.12.20 22:29:22 INFO  Downloaded from central: https://repo.maven.apache.org/maven2/org/codehaus/plexus/plexus-utils/3.0.24/plexus-utils-3.0.24-sources.jar (264 kB at 838 kB/s)
2022.12.20 22:29:22 INFO  [INFO] SUCCESS: org.codehaus.plexus:plexus-utils:jar:3.0.24:compile (sources = true)
2022.12.20 22:29:22 INFO  [INFO] Resolving artifact: io.rest-assured:rest-assured:jar:3.1.0:compile (sources = false)
2022.12.20 22:29:22 INFO  [INFO] SUCCESS: io.rest-assured:rest-assured:jar:3.1.0:compile (sources = false)
2022.12.20 22:29:22 INFO  [INFO] Resolving artifact: io.rest-assured:rest-assured:jar:3.1.0:compile (sources = true)
2022.12.20 22:29:22 INFO  Downloading from central: https://repo.maven.apache.org/maven2/io/rest-assured/rest-assured/3.1.0/rest-assured-3.1.0-sources.jar
2022.12.20 22:29:22 INFO  Progress (1): 4.1/358 kB
2022.12.20 22:29:22 INFO  Progress (1): 8.2/358 kB
2022.12.20 22:29:22 INFO  Progress (1): 12/358 kB 
2022.12.20 22:29:22 INFO  Progress (1): 16/358 kB
2022.12.20 22:29:22 INFO  Progress (1): 20/358 kB
2022.12.20 22:29:22 INFO  Progress (1): 24/358 kB
2022.12.20 22:29:22 INFO  Progress (1): 28/358 kB
2022.12.20 22:29:22 INFO  Progress (1): 32/358 kB
2022.12.20 22:29:22 INFO  Progress (1): 36/358 kB
2022.12.20 22:29:22 INFO  Progress (1): 40/358 kB
2022.12.20 22:29:22 INFO  Progress (1): 45/358 kB
2022.12.20 22:29:22 INFO  Progress (1): 49/358 kB
2022.12.20 22:29:22 INFO  Progress (1): 53/358 kB
2022.12.20 22:29:22 INFO  Progress (1): 57/358 kB
2022.12.20 22:29:22 INFO  Progress (1): 61/358 kB
2022.12.20 22:29:22 INFO  Progress (1): 65/358 kB
2022.12.20 22:29:22 INFO  Progress (1): 69/358 kB
2022.12.20 22:29:22 INFO  Progress (1): 73/358 kB
2022.12.20 22:29:22 INFO  Progress (1): 77/358 kB
2022.12.20 22:29:22 INFO  Progress (1): 81/358 kB
2022.12.20 22:29:22 INFO  Progress (1): 85/358 kB
2022.12.20 22:29:22 INFO  Progress (1): 90/358 kB
2022.12.20 22:29:22 INFO  Progress (1): 94/358 kB
2022.12.20 22:29:22 INFO  Progress (1): 98/358 kB
2022.12.20 22:29:22 INFO  Progress (1): 102/358 kB
2022.12.20 22:29:22 INFO  Progress (1): 106/358 kB
2022.12.20 22:29:22 INFO  Progress (1): 110/358 kB
2022.12.20 22:29:22 INFO  Progress (1): 114/358 kB
2022.12.20 22:29:22 INFO  Progress (1): 118/358 kB
2022.12.20 22:29:22 INFO  Progress (1): 122/358 kB
2022.12.20 22:29:22 INFO  Progress (1): 126/358 kB
2022.12.20 22:29:22 INFO  Progress (1): 131/358 kB
2022.12.20 22:29:22 INFO  Progress (1): 135/358 kB
2022.12.20 22:29:22 INFO  Progress (1): 139/358 kB
2022.12.20 22:29:22 INFO  Progress (1): 143/358 kB
2022.12.20 22:29:22 INFO  Progress (1): 147/358 kB
2022.12.20 22:29:22 INFO  Progress (1): 151/358 kB
2022.12.20 22:29:22 INFO  Progress (1): 155/358 kB
2022.12.20 22:29:22 INFO  Progress (1): 159/358 kB
2022.12.20 22:29:22 INFO  Progress (1): 163/358 kB
2022.12.20 22:29:22 INFO  Progress (1): 167/358 kB
2022.12.20 22:29:22 INFO  Progress (1): 171/358 kB
2022.12.20 22:29:22 INFO  Progress (1): 176/358 kB
2022.12.20 22:29:22 INFO  Progress (1): 180/358 kB
2022.12.20 22:29:22 INFO  Progress (1): 184/358 kB
2022.12.20 22:29:22 INFO  Progress (1): 188/358 kB
2022.12.20 22:29:22 INFO  Progress (1): 192/358 kB
2022.12.20 22:29:22 INFO  Progress (1): 196/358 kB
2022.12.20 22:29:22 INFO  Progress (1): 200/358 kB
2022.12.20 22:29:22 INFO  Progress (1): 204/358 kB
2022.12.20 22:29:22 INFO  Progress (1): 208/358 kB
2022.12.20 22:29:22 INFO  Progress (1): 212/358 kB
2022.12.20 22:29:22 INFO  Progress (1): 217/358 kB
2022.12.20 22:29:22 INFO  Progress (1): 221/358 kB
2022.12.20 22:29:22 INFO  Progress (1): 225/358 kB
2022.12.20 22:29:22 INFO  Progress (1): 229/358 kB
2022.12.20 22:29:22 INFO  Progress (1): 233/358 kB
2022.12.20 22:29:22 INFO  Progress (1): 237/358 kB
2022.12.20 22:29:22 INFO  Progress (1): 241/358 kB
2022.12.20 22:29:22 INFO  Progress (1): 245/358 kB
2022.12.20 22:29:22 INFO  Progress (1): 249/358 kB
2022.12.20 22:29:22 INFO  Progress (1): 253/358 kB
2022.12.20 22:29:22 INFO  Progress (1): 256/358 kB
2022.12.20 22:29:22 INFO  Progress (1): 260/358 kB
2022.12.20 22:29:22 INFO  Progress (1): 264/358 kB
2022.12.20 22:29:22 INFO  Progress (1): 268/358 kB
2022.12.20 22:29:22 INFO  Progress (1): 272/358 kB
2022.12.20 22:29:22 INFO  Progress (1): 276/358 kB
2022.12.20 22:29:22 INFO  Progress (1): 280/358 kB
2022.12.20 22:29:22 INFO  Progress (1): 284/358 kB
2022.12.20 22:29:22 INFO  Progress (1): 289/358 kB
2022.12.20 22:29:22 INFO  Progress (1): 293/358 kB
2022.12.20 22:29:22 INFO  Progress (1): 297/358 kB
2022.12.20 22:29:22 INFO  Progress (1): 301/358 kB
2022.12.20 22:29:22 INFO  Progress (1): 305/358 kB
2022.12.20 22:29:22 INFO  Progress (1): 309/358 kB
2022.12.20 22:29:22 INFO  Progress (1): 313/358 kB
2022.12.20 22:29:22 INFO  Progress (1): 317/358 kB
2022.12.20 22:29:22 INFO  Progress (1): 321/358 kB
2022.12.20 22:29:22 INFO  Progress (1): 325/358 kB
2022.12.20 22:29:22 INFO  Progress (1): 330/358 kB
2022.12.20 22:29:22 INFO  Progress (1): 334/358 kB
2022.12.20 22:29:22 INFO  Progress (1): 338/358 kB
2022.12.20 22:29:22 INFO  Progress (1): 342/358 kB
2022.12.20 22:29:22 INFO  Progress (1): 346/358 kB
2022.12.20 22:29:22 INFO  Progress (1): 350/358 kB
2022.12.20 22:29:22 INFO  Progress (1): 354/358 kB
2022.12.20 22:29:22 INFO  Progress (1): 358 kB    
2022.12.20 22:29:22 INFO                      
2022.12.20 22:29:22 INFO  Downloaded from central: https://repo.maven.apache.org/maven2/io/rest-assured/rest-assured/3.1.0/rest-assured-3.1.0-sources.jar (358 kB at 1.1 MB/s)
2022.12.20 22:29:22 INFO  [INFO] SUCCESS: io.rest-assured:rest-assured:jar:3.1.0:compile (sources = true)
2022.12.20 22:29:22 INFO  [INFO] Resolving artifact: com.github.fge:json-schema-validator:jar:2.2.6:compile (sources = false)
2022.12.20 22:29:22 INFO  [INFO] SUCCESS: com.github.fge:json-schema-validator:jar:2.2.6:compile (sources = false)
2022.12.20 22:29:22 INFO  [INFO] Resolving artifact: com.github.fge:json-schema-validator:jar:2.2.6:compile (sources = true)
2022.12.20 22:29:22 INFO  Downloading from central: https://repo.maven.apache.org/maven2/com/github/fge/json-schema-validator/2.2.6/json-schema-validator-2.2.6-sources.jar
2022.12.20 22:29:22 INFO  Progress (1): 4.1/198 kB
2022.12.20 22:29:22 INFO  Progress (1): 8.2/198 kB
2022.12.20 22:29:22 INFO  Progress (1): 12/198 kB 
2022.12.20 22:29:22 INFO  Progress (1): 16/198 kB
2022.12.20 22:29:22 INFO  Progress (1): 20/198 kB
2022.12.20 22:29:22 INFO  Progress (1): 25/198 kB
2022.12.20 22:29:22 INFO  Progress (1): 29/198 kB
2022.12.20 22:29:22 INFO  Progress (1): 33/198 kB
2022.12.20 22:29:22 INFO  Progress (1): 37/198 kB
2022.12.20 22:29:22 INFO  Progress (1): 41/198 kB
2022.12.20 22:29:22 INFO  Progress (1): 45/198 kB
2022.12.20 22:29:22 INFO  Progress (1): 49/198 kB
2022.12.20 22:29:22 INFO  Progress (1): 53/198 kB
2022.12.20 22:29:22 INFO  Progress (1): 57/198 kB
2022.12.20 22:29:22 INFO  Progress (1): 61/198 kB
2022.12.20 22:29:22 INFO  Progress (1): 66/198 kB
2022.12.20 22:29:22 INFO  Progress (1): 70/198 kB
2022.12.20 22:29:22 INFO  Progress (1): 74/198 kB
2022.12.20 22:29:22 INFO  Progress (1): 78/198 kB
2022.12.20 22:29:22 INFO  Progress (1): 82/198 kB
2022.12.20 22:29:22 INFO  Progress (1): 86/198 kB
2022.12.20 22:29:22 INFO  Progress (1): 90/198 kB
2022.12.20 22:29:22 INFO  Progress (1): 94/198 kB
2022.12.20 22:29:22 INFO  Progress (1): 98/198 kB
2022.12.20 22:29:22 INFO  Progress (1): 102/198 kB
2022.12.20 22:29:22 INFO  Progress (1): 106/198 kB
2022.12.20 22:29:22 INFO  Progress (1): 111/198 kB
2022.12.20 22:29:22 INFO  Progress (1): 115/198 kB
2022.12.20 22:29:22 INFO  Progress (1): 119/198 kB
2022.12.20 22:29:22 INFO  Progress (1): 123/198 kB
2022.12.20 22:29:22 INFO  Progress (1): 127/198 kB
2022.12.20 22:29:22 INFO  Progress (1): 131/198 kB
2022.12.20 22:29:22 INFO  Progress (1): 135/198 kB
2022.12.20 22:29:22 INFO  Progress (1): 139/198 kB
2022.12.20 22:29:22 INFO  Progress (1): 143/198 kB
2022.12.20 22:29:22 INFO  Progress (1): 147/198 kB
2022.12.20 22:29:22 INFO  Progress (1): 152/198 kB
2022.12.20 22:29:22 INFO  Progress (1): 156/198 kB
2022.12.20 22:29:22 INFO  Progress (1): 160/198 kB
2022.12.20 22:29:22 INFO  Progress (1): 164/198 kB
2022.12.20 22:29:22 INFO  Progress (1): 168/198 kB
2022.12.20 22:29:22 INFO  Progress (1): 172/198 kB
2022.12.20 22:29:22 INFO  Progress (1): 176/198 kB
2022.12.20 22:29:22 INFO  Progress (1): 180/198 kB
2022.12.20 22:29:22 INFO  Progress (1): 184/198 kB
2022.12.20 22:29:22 INFO  Progress (1): 188/198 kB
2022.12.20 22:29:22 INFO  Progress (1): 193/198 kB
2022.12.20 22:29:22 INFO  Progress (1): 197/198 kB
2022.12.20 22:29:22 INFO  Progress (1): 198 kB    
2022.12.20 22:29:22 INFO                      
2022.12.20 22:29:22 INFO  Downloaded from central: https://repo.maven.apache.org/maven2/com/github/fge/json-schema-validator/2.2.6/json-schema-validator-2.2.6-sources.jar (198 kB at 642 kB/s)
2022.12.20 22:29:22 INFO  [INFO] SUCCESS: com.github.fge:json-schema-validator:jar:2.2.6:compile (sources = true)
2022.12.20 22:29:22 INFO  [INFO] Resolving artifact: org.yaml:snakeyaml:jar:android:1.20:compile (sources = false)
2022.12.20 22:29:22 INFO  [INFO] SUCCESS: org.yaml:snakeyaml:jar:android:1.20:compile (sources = false)
2022.12.20 22:29:22 INFO  [INFO] Resolving artifact: org.yaml:snakeyaml:jar:android:1.20:compile (sources = true)
2022.12.20 22:29:22 INFO  Downloading from central: https://repo.maven.apache.org/maven2/org/yaml/snakeyaml/1.20/snakeyaml-1.20-sources.jar
2022.12.20 22:29:22 INFO  Progress (1): 4.1/189 kB
2022.12.20 22:29:22 INFO  Progress (1): 8.2/189 kB
2022.12.20 22:29:22 INFO  Progress (1): 12/189 kB 
2022.12.20 22:29:22 INFO  Progress (1): 16/189 kB
2022.12.20 22:29:22 INFO  Progress (1): 20/189 kB
2022.12.20 22:29:22 INFO  Progress (1): 24/189 kB
2022.12.20 22:29:22 INFO  Progress (1): 28/189 kB
2022.12.20 22:29:22 INFO  Progress (1): 32/189 kB
2022.12.20 22:29:22 INFO  Progress (1): 36/189 kB
2022.12.20 22:29:22 INFO  Progress (1): 40/189 kB
2022.12.20 22:29:22 INFO  Progress (1): 45/189 kB
2022.12.20 22:29:22 INFO  Progress (1): 49/189 kB
2022.12.20 22:29:22 INFO  Progress (1): 53/189 kB
2022.12.20 22:29:22 INFO  Progress (1): 57/189 kB
2022.12.20 22:29:22 INFO  Progress (1): 61/189 kB
2022.12.20 22:29:22 INFO  Progress (1): 65/189 kB
2022.12.20 22:29:22 INFO  Progress (1): 69/189 kB
2022.12.20 22:29:22 INFO  Progress (1): 73/189 kB
2022.12.20 22:29:22 INFO  Progress (1): 77/189 kB
2022.12.20 22:29:22 INFO  Progress (1): 81/189 kB
2022.12.20 22:29:22 INFO  Progress (1): 85/189 kB
2022.12.20 22:29:22 INFO  Progress (1): 90/189 kB
2022.12.20 22:29:22 INFO  Progress (1): 94/189 kB
2022.12.20 22:29:22 INFO  Progress (1): 98/189 kB
2022.12.20 22:29:22 INFO  Progress (1): 102/189 kB
2022.12.20 22:29:22 INFO  Progress (1): 106/189 kB
2022.12.20 22:29:22 INFO  Progress (1): 110/189 kB
2022.12.20 22:29:22 INFO  Progress (1): 114/189 kB
2022.12.20 22:29:22 INFO  Progress (1): 118/189 kB
2022.12.20 22:29:22 INFO  Progress (1): 122/189 kB
2022.12.20 22:29:22 INFO  Progress (1): 126/189 kB
2022.12.20 22:29:22 INFO  Progress (1): 131/189 kB
2022.12.20 22:29:22 INFO  Progress (1): 135/189 kB
2022.12.20 22:29:22 INFO  Progress (1): 139/189 kB
2022.12.20 22:29:22 INFO  Progress (1): 143/189 kB
2022.12.20 22:29:22 INFO  Progress (1): 147/189 kB
2022.12.20 22:29:22 INFO  Progress (1): 151/189 kB
2022.12.20 22:29:22 INFO  Progress (1): 155/189 kB
2022.12.20 22:29:22 INFO  Progress (1): 159/189 kB
2022.12.20 22:29:22 INFO  Progress (1): 163/189 kB
2022.12.20 22:29:22 INFO  Progress (1): 167/189 kB
2022.12.20 22:29:22 INFO  Progress (1): 171/189 kB
2022.12.20 22:29:22 INFO  Progress (1): 176/189 kB
2022.12.20 22:29:22 INFO  Progress (1): 180/189 kB
2022.12.20 22:29:22 INFO  Progress (1): 184/189 kB
2022.12.20 22:29:22 INFO  Progress (1): 188/189 kB
2022.12.20 22:29:22 INFO  Progress (1): 189 kB    
2022.12.20 22:29:23 INFO                      
2022.12.20 22:29:23 INFO  Downloaded from central: https://repo.maven.apache.org/maven2/org/yaml/snakeyaml/1.20/snakeyaml-1.20-sources.jar (189 kB at 604 kB/s)
2022.12.20 22:29:23 INFO  [INFO] SUCCESS: org.yaml:snakeyaml:jar:android:1.20:compile (sources = true)
2022.12.20 22:29:23 INFO  [INFO] Resolving artifact: commons-logging:commons-logging:jar:1.2:compile (sources = false)
2022.12.20 22:29:23 INFO  [INFO] SUCCESS: commons-logging:commons-logging:jar:1.2:compile (sources = false)
2022.12.20 22:29:23 INFO  [INFO] Resolving artifact: commons-logging:commons-logging:jar:1.2:compile (sources = true)
2022.12.20 22:29:23 INFO  Downloading from central: https://repo.maven.apache.org/maven2/commons-logging/commons-logging/1.2/commons-logging-1.2-sources.jar
2022.12.20 22:29:23 INFO  Progress (1): 4.1/73 kB
2022.12.20 22:29:23 INFO  Progress (1): 8.2/73 kB
2022.12.20 22:29:23 INFO  Progress (1): 12/73 kB 
2022.12.20 22:29:23 INFO  Progress (1): 16/73 kB
2022.12.20 22:29:23 INFO  Progress (1): 20/73 kB
2022.12.20 22:29:23 INFO  Progress (1): 24/73 kB
2022.12.20 22:29:23 INFO  Progress (1): 28/73 kB
2022.12.20 22:29:23 INFO  Progress (1): 32/73 kB
2022.12.20 22:29:23 INFO  Progress (1): 36/73 kB
2022.12.20 22:29:23 INFO  Progress (1): 40/73 kB
2022.12.20 22:29:23 INFO  Progress (1): 45/73 kB
2022.12.20 22:29:23 INFO  Progress (1): 49/73 kB
2022.12.20 22:29:23 INFO  Progress (1): 53/73 kB
2022.12.20 22:29:23 INFO  Progress (1): 57/73 kB
2022.12.20 22:29:23 INFO  Progress (1): 61/73 kB
2022.12.20 22:29:23 INFO  Progress (1): 65/73 kB
2022.12.20 22:29:23 INFO  Progress (1): 69/73 kB
2022.12.20 22:29:23 INFO  Progress (1): 73/73 kB
2022.12.20 22:29:23 INFO  Progress (1): 73 kB   
2022.12.20 22:29:23 INFO                     
2022.12.20 22:29:23 INFO  Downloaded from central: https://repo.maven.apache.org/maven2/commons-logging/commons-logging/1.2/commons-logging-1.2-sources.jar (73 kB at 251 kB/s)
2022.12.20 22:29:23 INFO  [INFO] SUCCESS: commons-logging:commons-logging:jar:1.2:compile (sources = true)
2022.12.20 22:29:23 INFO  [INFO] Resolving artifact: info.cukes:cucumber-html:jar:0.2.3:compile (sources = false)
2022.12.20 22:29:23 INFO  [INFO] SUCCESS: info.cukes:cucumber-html:jar:0.2.3:compile (sources = false)
2022.12.20 22:29:23 INFO  [INFO] Resolving artifact: info.cukes:cucumber-html:jar:0.2.3:compile (sources = true)
2022.12.20 22:29:23 INFO  Downloading from central: https://repo.maven.apache.org/maven2/info/cukes/cucumber-html/0.2.3/cucumber-html-0.2.3-sources.jar
2022.12.20 22:29:23 INFO  Progress (1): 4.1/55 kB
2022.12.20 22:29:23 INFO  Progress (1): 8.2/55 kB
2022.12.20 22:29:23 INFO  Progress (1): 12/55 kB 
2022.12.20 22:29:23 INFO  Progress (1): 16/55 kB
2022.12.20 22:29:23 INFO  Progress (1): 20/55 kB
2022.12.20 22:29:23 INFO  Progress (1): 24/55 kB
2022.12.20 22:29:23 INFO  Progress (1): 28/55 kB
2022.12.20 22:29:23 INFO  Progress (1): 32/55 kB
2022.12.20 22:29:23 INFO  Progress (1): 36/55 kB
2022.12.20 22:29:23 INFO  Progress (1): 40/55 kB
2022.12.20 22:29:23 INFO  Progress (1): 45/55 kB
2022.12.20 22:29:23 INFO  Progress (1): 49/55 kB
2022.12.20 22:29:23 INFO  Progress (1): 53/55 kB
2022.12.20 22:29:23 INFO  Progress (1): 55 kB   
2022.12.20 22:29:23 INFO                     
2022.12.20 22:29:23 INFO  Downloaded from central: https://repo.maven.apache.org/maven2/info/cukes/cucumber-html/0.2.3/cucumber-html-0.2.3-sources.jar (55 kB at 195 kB/s)
2022.12.20 22:29:23 INFO  [INFO] SUCCESS: info.cukes:cucumber-html:jar:0.2.3:compile (sources = true)
2022.12.20 22:29:23 INFO  [INFO] Resolving artifact: com.github.lalyos:jfiglet:jar:0.0.8:compile (sources = false)
2022.12.20 22:29:23 INFO  [INFO] SUCCESS: com.github.lalyos:jfiglet:jar:0.0.8:compile (sources = false)
2022.12.20 22:29:23 INFO  [INFO] Resolving artifact: com.github.lalyos:jfiglet:jar:0.0.8:compile (sources = true)
2022.12.20 22:29:23 INFO  Downloading from central: https://repo.maven.apache.org/maven2/com/github/lalyos/jfiglet/0.0.8/jfiglet-0.0.8-sources.jar
2022.12.20 22:29:23 INFO  Progress (1): 4.1/20 kB
2022.12.20 22:29:23 INFO  Progress (1): 8.2/20 kB
2022.12.20 22:29:23 INFO  Progress (1): 12/20 kB 
2022.12.20 22:29:23 INFO  Progress (1): 16/20 kB
2022.12.20 22:29:23 INFO  Progress (1): 20 kB   
2022.12.20 22:29:23 INFO                     
2022.12.20 22:29:23 INFO  Downloaded from central: https://repo.maven.apache.org/maven2/com/github/lalyos/jfiglet/0.0.8/jfiglet-0.0.8-sources.jar (20 kB at 62 kB/s)
2022.12.20 22:29:23 INFO  [INFO] SUCCESS: com.github.lalyos:jfiglet:jar:0.0.8:compile (sources = true)
2022.12.20 22:29:23 INFO  [INFO] Resolving artifact: com.github.fge:btf:jar:1.2:compile (sources = false)
2022.12.20 22:29:23 INFO  [INFO] SUCCESS: com.github.fge:btf:jar:1.2:compile (sources = false)
2022.12.20 22:29:23 INFO  [INFO] Resolving artifact: com.github.fge:btf:jar:1.2:compile (sources = true)
2022.12.20 22:29:23 INFO  Downloading from central: https://repo.maven.apache.org/maven2/com/github/fge/btf/1.2/btf-1.2-sources.jar
2022.12.20 22:29:24 INFO  Progress (1): 4.1/9.9 kB
2022.12.20 22:29:24 INFO  Progress (1): 8.2/9.9 kB
2022.12.20 22:29:24 INFO  Progress (1): 9.9 kB    
2022.12.20 22:29:24 INFO                      
2022.12.20 22:29:24 INFO  Downloaded from central: https://repo.maven.apache.org/maven2/com/github/fge/btf/1.2/btf-1.2-sources.jar (9.9 kB at 35 kB/s)
2022.12.20 22:29:24 INFO  [INFO] SUCCESS: com.github.fge:btf:jar:1.2:compile (sources = true)
2022.12.20 22:29:24 INFO  [INFO] Resolving artifact: com.github.mifmif:generex:jar:1.0.2:compile (sources = false)
2022.12.20 22:29:24 INFO  [INFO] SUCCESS: com.github.mifmif:generex:jar:1.0.2:compile (sources = false)
2022.12.20 22:29:24 INFO  [INFO] Resolving artifact: com.github.mifmif:generex:jar:1.0.2:compile (sources = true)
2022.12.20 22:29:24 INFO  Downloading from central: https://repo.maven.apache.org/maven2/com/github/mifmif/generex/1.0.2/generex-1.0.2-sources.jar
2022.12.20 22:29:24 INFO  Progress (1): 4.1/15 kB
2022.12.20 22:29:24 INFO  Progress (1): 8.2/15 kB
2022.12.20 22:29:24 INFO  Progress (1): 12/15 kB 
2022.12.20 22:29:24 INFO  Progress (1): 15 kB   
2022.12.20 22:29:24 INFO                     
2022.12.20 22:29:24 INFO  Downloaded from central: https://repo.maven.apache.org/maven2/com/github/mifmif/generex/1.0.2/generex-1.0.2-sources.jar (15 kB at 53 kB/s)
2022.12.20 22:29:24 INFO  [INFO] SUCCESS: com.github.mifmif:generex:jar:1.0.2:compile (sources = true)
2022.12.20 22:29:24 INFO  [INFO] Resolving artifact: org.apache.logging.log4j:log4j-core:jar:2.8.2:compile (sources = false)
2022.12.20 22:29:24 INFO  [INFO] SUCCESS: org.apache.logging.log4j:log4j-core:jar:2.8.2:compile (sources = false)
2022.12.20 22:29:24 INFO  [INFO] Resolving artifact: org.apache.logging.log4j:log4j-core:jar:2.8.2:compile (sources = true)
2022.12.20 22:29:24 INFO  Downloading from central: https://repo.maven.apache.org/maven2/org/apache/logging/log4j/log4j-core/2.8.2/log4j-core-2.8.2-sources.jar
2022.12.20 22:29:24 INFO  Progress (1): 0/1.1 MB
2022.12.20 22:29:24 INFO  Progress (1): 0/1.1 MB
2022.12.20 22:29:24 INFO  Progress (1): 0/1.1 MB
2022.12.20 22:29:24 INFO  Progress (1): 0/1.1 MB
2022.12.20 22:29:24 INFO  Progress (1): 0/1.1 MB
2022.12.20 22:29:24 INFO  Progress (1): 0/1.1 MB
2022.12.20 22:29:24 INFO  Progress (1): 0.1/1.1 MB
2022.12.20 22:29:24 INFO  Progress (1): 0.1/1.1 MB
2022.12.20 22:29:24 INFO  Progress (1): 0.1/1.1 MB
2022.12.20 22:29:24 INFO  Progress (1): 0.1/1.1 MB
2022.12.20 22:29:24 INFO  Progress (1): 0.1/1.1 MB
2022.12.20 22:29:24 INFO  Progress (1): 0.1/1.1 MB
2022.12.20 22:29:24 INFO  Progress (1): 0.1/1.1 MB
2022.12.20 22:29:24 INFO  Progress (1): 0.1/1.1 MB
2022.12.20 22:29:24 INFO  Progress (1): 0.1/1.1 MB
2022.12.20 22:29:24 INFO  Progress (1): 0.1/1.1 MB
2022.12.20 22:29:24 INFO  Progress (1): 0.1/1.1 MB
2022.12.20 22:29:24 INFO  Progress (1): 0.1/1.1 MB
2022.12.20 22:29:24 INFO  Progress (1): 0.2/1.1 MB
2022.12.20 22:29:24 INFO  Progress (1): 0.2/1.1 MB
2022.12.20 22:29:24 INFO  Progress (1): 0.2/1.1 MB
2022.12.20 22:29:24 INFO  Progress (1): 0.2/1.1 MB
2022.12.20 22:29:24 INFO  Progress (1): 0.2/1.1 MB
2022.12.20 22:29:24 INFO  Progress (1): 0.2/1.1 MB
2022.12.20 22:29:24 INFO  Progress (1): 0.2/1.1 MB
2022.12.20 22:29:24 INFO  Progress (1): 0.2/1.1 MB
2022.12.20 22:29:24 INFO  Progress (1): 0.2/1.1 MB
2022.12.20 22:29:24 INFO  Progress (1): 0.2/1.1 MB
2022.12.20 22:29:24 INFO  Progress (1): 0.2/1.1 MB
2022.12.20 22:29:24 INFO  Progress (1): 0.2/1.1 MB
2022.12.20 22:29:24 INFO  Progress (1): 0.3/1.1 MB
2022.12.20 22:29:24 INFO  Progress (1): 0.3/1.1 MB
2022.12.20 22:29:24 INFO  Progress (1): 0.3/1.1 MB
2022.12.20 22:29:24 INFO  Progress (1): 0.3/1.1 MB
2022.12.20 22:29:24 INFO  Progress (1): 0.3/1.1 MB
2022.12.20 22:29:24 INFO  Progress (1): 0.3/1.1 MB
2022.12.20 22:29:24 INFO  Progress (1): 0.3/1.1 MB
2022.12.20 22:29:24 INFO  Progress (1): 0.3/1.1 MB
2022.12.20 22:29:24 INFO  Progress (1): 0.3/1.1 MB
2022.12.20 22:29:24 INFO  Progress (1): 0.3/1.1 MB
2022.12.20 22:29:24 INFO  Progress (1): 0.3/1.1 MB
2022.12.20 22:29:24 INFO  Progress (1): 0.3/1.1 MB
2022.12.20 22:29:24 INFO  Progress (1): 0.4/1.1 MB
2022.12.20 22:29:24 INFO  Progress (1): 0.4/1.1 MB
2022.12.20 22:29:24 INFO  Progress (1): 0.4/1.1 MB
2022.12.20 22:29:24 INFO  Progress (1): 0.4/1.1 MB
2022.12.20 22:29:24 INFO  Progress (1): 0.4/1.1 MB
2022.12.20 22:29:24 INFO  Progress (1): 0.4/1.1 MB
2022.12.20 22:29:24 INFO  Progress (1): 0.4/1.1 MB
2022.12.20 22:29:24 INFO  Progress (1): 0.4/1.1 MB
2022.12.20 22:29:24 INFO  Progress (1): 0.4/1.1 MB
2022.12.20 22:29:24 INFO  Progress (1): 0.4/1.1 MB
2022.12.20 22:29:24 INFO  Progress (1): 0.4/1.1 MB
2022.12.20 22:29:24 INFO  Progress (1): 0.4/1.1 MB
2022.12.20 22:29:24 INFO  Progress (1): 0.5/1.1 MB
2022.12.20 22:29:24 INFO  Progress (1): 0.5/1.1 MB
2022.12.20 22:29:24 INFO  Progress (1): 0.5/1.1 MB
2022.12.20 22:29:24 INFO  Progress (1): 0.5/1.1 MB
2022.12.20 22:29:24 INFO  Progress (1): 0.5/1.1 MB
2022.12.20 22:29:24 INFO  Progress (1): 0.5/1.1 MB
2022.12.20 22:29:24 INFO  Progress (1): 0.5/1.1 MB
2022.12.20 22:29:24 INFO  Progress (1): 0.5/1.1 MB
2022.12.20 22:29:24 INFO  Progress (1): 0.5/1.1 MB
2022.12.20 22:29:24 INFO  Progress (1): 0.5/1.1 MB
2022.12.20 22:29:24 INFO  Progress (1): 0.5/1.1 MB
2022.12.20 22:29:24 INFO  Progress (1): 0.5/1.1 MB
2022.12.20 22:29:24 INFO  Progress (1): 0.5/1.1 MB
2022.12.20 22:29:24 INFO  Progress (1): 0.6/1.1 MB
2022.12.20 22:29:24 INFO  Progress (1): 0.6/1.1 MB
2022.12.20 22:29:24 INFO  Progress (1): 0.6/1.1 MB
2022.12.20 22:29:24 INFO  Progress (1): 0.6/1.1 MB
2022.12.20 22:29:24 INFO  Progress (1): 0.6/1.1 MB
2022.12.20 22:29:24 INFO  Progress (1): 0.6/1.1 MB
2022.12.20 22:29:24 INFO  Progress (1): 0.6/1.1 MB
2022.12.20 22:29:24 INFO  Progress (1): 0.6/1.1 MB
2022.12.20 22:29:24 INFO  Progress (1): 0.6/1.1 MB
2022.12.20 22:29:24 INFO  Progress (1): 0.6/1.1 MB
2022.12.20 22:29:24 INFO  Progress (1): 0.6/1.1 MB
2022.12.20 22:29:24 INFO  Progress (1): 0.6/1.1 MB
2022.12.20 22:29:24 INFO  Progress (1): 0.7/1.1 MB
2022.12.20 22:29:24 INFO  Progress (1): 0.7/1.1 MB
2022.12.20 22:29:24 INFO  Progress (1): 0.7/1.1 MB
2022.12.20 22:29:24 INFO  Progress (1): 0.7/1.1 MB
2022.12.20 22:29:24 INFO  Progress (1): 0.7/1.1 MB
2022.12.20 22:29:24 INFO  Progress (1): 0.7/1.1 MB
2022.12.20 22:29:24 INFO  Progress (1): 0.7/1.1 MB
2022.12.20 22:29:24 INFO  Progress (1): 0.7/1.1 MB
2022.12.20 22:29:24 INFO  Progress (1): 0.7/1.1 MB
2022.12.20 22:29:24 INFO  Progress (1): 0.7/1.1 MB
2022.12.20 22:29:24 INFO  Progress (1): 0.7/1.1 MB
2022.12.20 22:29:24 INFO  Progress (1): 0.7/1.1 MB
2022.12.20 22:29:24 INFO  Progress (1): 0.8/1.1 MB
2022.12.20 22:29:24 INFO  Progress (1): 0.8/1.1 MB
2022.12.20 22:29:24 INFO  Progress (1): 0.8/1.1 MB
2022.12.20 22:29:24 INFO  Progress (1): 0.8/1.1 MB
2022.12.20 22:29:24 INFO  Progress (1): 0.8/1.1 MB
2022.12.20 22:29:24 INFO  Progress (1): 0.8/1.1 MB
2022.12.20 22:29:24 INFO  Progress (1): 0.8/1.1 MB
2022.12.20 22:29:24 INFO  Progress (1): 0.8/1.1 MB
2022.12.20 22:29:24 INFO  Progress (1): 0.8/1.1 MB
2022.12.20 22:29:24 INFO  Progress (1): 0.8/1.1 MB
2022.12.20 22:29:24 INFO  Progress (1): 0.8/1.1 MB
2022.12.20 22:29:24 INFO  Progress (1): 0.8/1.1 MB
2022.12.20 22:29:24 INFO  Progress (1): 0.9/1.1 MB
2022.12.20 22:29:24 INFO  Progress (1): 0.9/1.1 MB
2022.12.20 22:29:24 INFO  Progress (1): 0.9/1.1 MB
2022.12.20 22:29:24 INFO  Progress (1): 0.9/1.1 MB
2022.12.20 22:29:24 INFO  Progress (1): 0.9/1.1 MB
2022.12.20 22:29:24 INFO  Progress (1): 0.9/1.1 MB
2022.12.20 22:29:24 INFO  Progress (1): 0.9/1.1 MB
2022.12.20 22:29:24 INFO  Progress (1): 0.9/1.1 MB
2022.12.20 22:29:24 INFO  Progress (1): 0.9/1.1 MB
2022.12.20 22:29:24 INFO  Progress (1): 0.9/1.1 MB
2022.12.20 22:29:24 INFO  Progress (1): 0.9/1.1 MB
2022.12.20 22:29:24 INFO  Progress (1): 0.9/1.1 MB
2022.12.20 22:29:24 INFO  Progress (1): 0.9/1.1 MB
2022.12.20 22:29:24 INFO  Progress (1): 1.0/1.1 MB
2022.12.20 22:29:24 INFO  Progress (1): 1.0/1.1 MB
2022.12.20 22:29:24 INFO  Progress (1): 1.0/1.1 MB
2022.12.20 22:29:24 INFO  Progress (1): 1.0/1.1 MB
2022.12.20 22:29:24 INFO  Progress (1): 1.0/1.1 MB
2022.12.20 22:29:24 INFO  Progress (1): 1.0/1.1 MB
2022.12.20 22:29:24 INFO  Progress (1): 1.0/1.1 MB
2022.12.20 22:29:24 INFO  Progress (1): 1.0/1.1 MB
2022.12.20 22:29:24 INFO  Progress (1): 1.0/1.1 MB
2022.12.20 22:29:24 INFO  Progress (1): 1.0/1.1 MB
2022.12.20 22:29:24 INFO  Progress (1): 1.0/1.1 MB
2022.12.20 22:29:24 INFO  Progress (1): 1.0/1.1 MB
2022.12.20 22:29:24 INFO  Progress (1): 1.1/1.1 MB
2022.12.20 22:29:24 INFO  Progress (1): 1.1/1.1 MB
2022.12.20 22:29:24 INFO  Progress (1): 1.1/1.1 MB
2022.12.20 22:29:24 INFO  Progress (1): 1.1/1.1 MB
2022.12.20 22:29:24 INFO  Progress (1): 1.1/1.1 MB
2022.12.20 22:29:24 INFO  Progress (1): 1.1/1.1 MB
2022.12.20 22:29:24 INFO  Progress (1): 1.1/1.1 MB
2022.12.20 22:29:24 INFO  Progress (1): 1.1/1.1 MB
2022.12.20 22:29:24 INFO  Progress (1): 1.1 MB    
2022.12.20 22:29:24 INFO                      
2022.12.20 22:29:24 INFO  Downloaded from central: https://repo.maven.apache.org/maven2/org/apache/logging/log4j/log4j-core/2.8.2/log4j-core-2.8.2-sources.jar (1.1 MB at 2.4 MB/s)
2022.12.20 22:29:24 INFO  [INFO] SUCCESS: org.apache.logging.log4j:log4j-core:jar:2.8.2:compile (sources = true)
2022.12.20 22:29:24 INFO  [INFO] Resolving artifact: com.squareup.okhttp3:okhttp:jar:3.11.0:compile (sources = false)
2022.12.20 22:29:24 INFO  [INFO] SUCCESS: com.squareup.okhttp3:okhttp:jar:3.11.0:compile (sources = false)
2022.12.20 22:29:24 INFO  [INFO] Resolving artifact: com.squareup.okhttp3:okhttp:jar:3.11.0:compile (sources = true)
2022.12.20 22:29:24 INFO  Downloading from central: https://repo.maven.apache.org/maven2/com/squareup/okhttp3/okhttp/3.11.0/okhttp-3.11.0-sources.jar
2022.12.20 22:29:25 INFO  Progress (1): 4.1/317 kB
2022.12.20 22:29:25 INFO  Progress (1): 8.2/317 kB
2022.12.20 22:29:25 INFO  Progress (1): 12/317 kB 
2022.12.20 22:29:25 INFO  Progress (1): 16/317 kB
2022.12.20 22:29:25 INFO  Progress (1): 20/317 kB
2022.12.20 22:29:25 INFO  Progress (1): 24/317 kB
2022.12.20 22:29:25 INFO  Progress (1): 28/317 kB
2022.12.20 22:29:25 INFO  Progress (1): 32/317 kB
2022.12.20 22:29:25 INFO  Progress (1): 36/317 kB
2022.12.20 22:29:25 INFO  Progress (1): 40/317 kB
2022.12.20 22:29:25 INFO  Progress (1): 45/317 kB
2022.12.20 22:29:25 INFO  Progress (1): 49/317 kB
2022.12.20 22:29:25 INFO  Progress (1): 53/317 kB
2022.12.20 22:29:25 INFO  Progress (1): 57/317 kB
2022.12.20 22:29:25 INFO  Progress (1): 61/317 kB
2022.12.20 22:29:25 INFO  Progress (1): 65/317 kB
2022.12.20 22:29:25 INFO  Progress (1): 69/317 kB
2022.12.20 22:29:25 INFO  Progress (1): 73/317 kB
2022.12.20 22:29:25 INFO  Progress (1): 77/317 kB
2022.12.20 22:29:25 INFO  Progress (1): 81/317 kB
2022.12.20 22:29:25 INFO  Progress (1): 85/317 kB
2022.12.20 22:29:25 INFO  Progress (1): 90/317 kB
2022.12.20 22:29:25 INFO  Progress (1): 94/317 kB
2022.12.20 22:29:25 INFO  Progress (1): 98/317 kB
2022.12.20 22:29:25 INFO  Progress (1): 102/317 kB
2022.12.20 22:29:25 INFO  Progress (1): 106/317 kB
2022.12.20 22:29:25 INFO  Progress (1): 110/317 kB
2022.12.20 22:29:25 INFO  Progress (1): 114/317 kB
2022.12.20 22:29:25 INFO  Progress (1): 118/317 kB
2022.12.20 22:29:25 INFO  Progress (1): 122/317 kB
2022.12.20 22:29:25 INFO  Progress (1): 126/317 kB
2022.12.20 22:29:25 INFO  Progress (1): 131/317 kB
2022.12.20 22:29:25 INFO  Progress (1): 135/317 kB
2022.12.20 22:29:25 INFO  Progress (1): 139/317 kB
2022.12.20 22:29:25 INFO  Progress (1): 143/317 kB
2022.12.20 22:29:25 INFO  Progress (1): 147/317 kB
2022.12.20 22:29:25 INFO  Progress (1): 151/317 kB
2022.12.20 22:29:25 INFO  Progress (1): 155/317 kB
2022.12.20 22:29:25 INFO  Progress (1): 159/317 kB
2022.12.20 22:29:25 INFO  Progress (1): 163/317 kB
2022.12.20 22:29:25 INFO  Progress (1): 167/317 kB
2022.12.20 22:29:25 INFO  Progress (1): 171/317 kB
2022.12.20 22:29:25 INFO  Progress (1): 176/317 kB
2022.12.20 22:29:25 INFO  Progress (1): 180/317 kB
2022.12.20 22:29:25 INFO  Progress (1): 184/317 kB
2022.12.20 22:29:25 INFO  Progress (1): 188/317 kB
2022.12.20 22:29:25 INFO  Progress (1): 192/317 kB
2022.12.20 22:29:25 INFO  Progress (1): 196/317 kB
2022.12.20 22:29:25 INFO  Progress (1): 200/317 kB
2022.12.20 22:29:25 INFO  Progress (1): 204/317 kB
2022.12.20 22:29:25 INFO  Progress (1): 208/317 kB
2022.12.20 22:29:25 INFO  Progress (1): 212/317 kB
2022.12.20 22:29:25 INFO  Progress (1): 217/317 kB
2022.12.20 22:29:25 INFO  Progress (1): 221/317 kB
2022.12.20 22:29:25 INFO  Progress (1): 225/317 kB
2022.12.20 22:29:25 INFO  Progress (1): 229/317 kB
2022.12.20 22:29:25 INFO  Progress (1): 233/317 kB
2022.12.20 22:29:25 INFO  Progress (1): 237/317 kB
2022.12.20 22:29:25 INFO  Progress (1): 241/317 kB
2022.12.20 22:29:25 INFO  Progress (1): 245/317 kB
2022.12.20 22:29:25 INFO  Progress (1): 249/317 kB
2022.12.20 22:29:25 INFO  Progress (1): 253/317 kB
2022.12.20 22:29:25 INFO  Progress (1): 258/317 kB
2022.12.20 22:29:25 INFO  Progress (1): 262/317 kB
2022.12.20 22:29:25 INFO  Progress (1): 266/317 kB
2022.12.20 22:29:25 INFO  Progress (1): 270/317 kB
2022.12.20 22:29:25 INFO  Progress (1): 274/317 kB
2022.12.20 22:29:25 INFO  Progress (1): 278/317 kB
2022.12.20 22:29:25 INFO  Progress (1): 282/317 kB
2022.12.20 22:29:25 INFO  Progress (1): 286/317 kB
2022.12.20 22:29:25 INFO  Progress (1): 290/317 kB
2022.12.20 22:29:25 INFO  Progress (1): 294/317 kB
2022.12.20 22:29:25 INFO  Progress (1): 298/317 kB
2022.12.20 22:29:25 INFO  Progress (1): 303/317 kB
2022.12.20 22:29:25 INFO  Progress (1): 307/317 kB
2022.12.20 22:29:25 INFO  Progress (1): 311/317 kB
2022.12.20 22:29:25 INFO  Progress (1): 315/317 kB
2022.12.20 22:29:25 INFO  Progress (1): 317 kB    
2022.12.20 22:29:25 INFO                      
2022.12.20 22:29:25 INFO  Downloaded from central: https://repo.maven.apache.org/maven2/com/squareup/okhttp3/okhttp/3.11.0/okhttp-3.11.0-sources.jar (317 kB at 1.0 MB/s)
2022.12.20 22:29:25 INFO  [INFO] SUCCESS: com.squareup.okhttp3:okhttp:jar:3.11.0:compile (sources = true)
2022.12.20 22:29:25 INFO  [INFO] Resolving artifact: info.cukes:gherkin:jar:2.12.2:compile (sources = false)
2022.12.20 22:29:25 INFO  [INFO] SUCCESS: info.cukes:gherkin:jar:2.12.2:compile (sources = false)
2022.12.20 22:29:25 INFO  [INFO] Resolving artifact: info.cukes:gherkin:jar:2.12.2:compile (sources = true)
2022.12.20 22:29:25 INFO  Downloading from central: https://repo.maven.apache.org/maven2/info/cukes/gherkin/2.12.2/gherkin-2.12.2-sources.jar
2022.12.20 22:29:25 INFO  Progress (1): 4.1/602 kB
2022.12.20 22:29:25 INFO  Progress (1): 8.2/602 kB
2022.12.20 22:29:25 INFO  Progress (1): 12/602 kB 
2022.12.20 22:29:25 INFO  Progress (1): 16/602 kB
2022.12.20 22:29:25 INFO  Progress (1): 20/602 kB
2022.12.20 22:29:25 INFO  Progress (1): 24/602 kB
2022.12.20 22:29:25 INFO  Progress (1): 28/602 kB
2022.12.20 22:29:25 INFO  Progress (1): 32/602 kB
2022.12.20 22:29:25 INFO  Progress (1): 36/602 kB
2022.12.20 22:29:25 INFO  Progress (1): 40/602 kB
2022.12.20 22:29:25 INFO  Progress (1): 45/602 kB
2022.12.20 22:29:25 INFO  Progress (1): 49/602 kB
2022.12.20 22:29:25 INFO  Progress (1): 53/602 kB
2022.12.20 22:29:25 INFO  Progress (1): 57/602 kB
2022.12.20 22:29:25 INFO  Progress (1): 61/602 kB
2022.12.20 22:29:25 INFO  Progress (1): 65/602 kB
2022.12.20 22:29:25 INFO  Progress (1): 69/602 kB
2022.12.20 22:29:25 INFO  Progress (1): 73/602 kB
2022.12.20 22:29:25 INFO  Progress (1): 77/602 kB
2022.12.20 22:29:25 INFO  Progress (1): 81/602 kB
2022.12.20 22:29:25 INFO  Progress (1): 85/602 kB
2022.12.20 22:29:25 INFO  Progress (1): 90/602 kB
2022.12.20 22:29:25 INFO  Progress (1): 94/602 kB
2022.12.20 22:29:25 INFO  Progress (1): 98/602 kB
2022.12.20 22:29:25 INFO  Progress (1): 102/602 kB
2022.12.20 22:29:25 INFO  Progress (1): 106/602 kB
2022.12.20 22:29:25 INFO  Progress (1): 110/602 kB
2022.12.20 22:29:25 INFO  Progress (1): 114/602 kB
2022.12.20 22:29:25 INFO  Progress (1): 118/602 kB
2022.12.20 22:29:25 INFO  Progress (1): 122/602 kB
2022.12.20 22:29:25 INFO  Progress (1): 126/602 kB
2022.12.20 22:29:25 INFO  Progress (1): 131/602 kB
2022.12.20 22:29:25 INFO  Progress (1): 135/602 kB
2022.12.20 22:29:25 INFO  Progress (1): 139/602 kB
2022.12.20 22:29:25 INFO  Progress (1): 143/602 kB
2022.12.20 22:29:25 INFO  Progress (1): 147/602 kB
2022.12.20 22:29:25 INFO  Progress (1): 151/602 kB
2022.12.20 22:29:25 INFO  Progress (1): 155/602 kB
2022.12.20 22:29:25 INFO  Progress (1): 159/602 kB
2022.12.20 22:29:25 INFO  Progress (1): 163/602 kB
2022.12.20 22:29:25 INFO  Progress (1): 167/602 kB
2022.12.20 22:29:25 INFO  Progress (1): 171/602 kB
2022.12.20 22:29:25 INFO  Progress (1): 176/602 kB
2022.12.20 22:29:25 INFO  Progress (1): 180/602 kB
2022.12.20 22:29:25 INFO  Progress (1): 184/602 kB
2022.12.20 22:29:25 INFO  Progress (1): 188/602 kB
2022.12.20 22:29:25 INFO  Progress (1): 192/602 kB
2022.12.20 22:29:25 INFO  Progress (1): 196/602 kB
2022.12.20 22:29:25 INFO  Progress (1): 200/602 kB
2022.12.20 22:29:25 INFO  Progress (1): 204/602 kB
2022.12.20 22:29:25 INFO  Progress (1): 208/602 kB
2022.12.20 22:29:25 INFO  Progress (1): 212/602 kB
2022.12.20 22:29:25 INFO  Progress (1): 217/602 kB
2022.12.20 22:29:25 INFO  Progress (1): 221/602 kB
2022.12.20 22:29:25 INFO  Progress (1): 225/602 kB
2022.12.20 22:29:25 INFO  Progress (1): 229/602 kB
2022.12.20 22:29:25 INFO  Progress (1): 233/602 kB
2022.12.20 22:29:25 INFO  Progress (1): 237/602 kB
2022.12.20 22:29:25 INFO  Progress (1): 241/602 kB
2022.12.20 22:29:25 INFO  Progress (1): 245/602 kB
2022.12.20 22:29:25 INFO  Progress (1): 249/602 kB
2022.12.20 22:29:25 INFO  Progress (1): 253/602 kB
2022.12.20 22:29:25 INFO  Progress (1): 258/602 kB
2022.12.20 22:29:25 INFO  Progress (1): 262/602 kB
2022.12.20 22:29:25 INFO  Progress (1): 266/602 kB
2022.12.20 22:29:25 INFO  Progress (1): 270/602 kB
2022.12.20 22:29:25 INFO  Progress (1): 274/602 kB
2022.12.20 22:29:25 INFO  Progress (1): 278/602 kB
2022.12.20 22:29:25 INFO  Progress (1): 282/602 kB
2022.12.20 22:29:25 INFO  Progress (1): 286/602 kB
2022.12.20 22:29:25 INFO  Progress (1): 290/602 kB
2022.12.20 22:29:25 INFO  Progress (1): 294/602 kB
2022.12.20 22:29:25 INFO  Progress (1): 298/602 kB
2022.12.20 22:29:25 INFO  Progress (1): 303/602 kB
2022.12.20 22:29:25 INFO  Progress (1): 307/602 kB
2022.12.20 22:29:25 INFO  Progress (1): 311/602 kB
2022.12.20 22:29:25 INFO  Progress (1): 315/602 kB
2022.12.20 22:29:25 INFO  Progress (1): 319/602 kB
2022.12.20 22:29:25 INFO  Progress (1): 323/602 kB
2022.12.20 22:29:25 INFO  Progress (1): 327/602 kB
2022.12.20 22:29:25 INFO  Progress (1): 331/602 kB
2022.12.20 22:29:25 INFO  Progress (1): 335/602 kB
2022.12.20 22:29:25 INFO  Progress (1): 339/602 kB
2022.12.20 22:29:25 INFO  Progress (1): 344/602 kB
2022.12.20 22:29:25 INFO  Progress (1): 348/602 kB
2022.12.20 22:29:25 INFO  Progress (1): 352/602 kB
2022.12.20 22:29:25 INFO  Progress (1): 356/602 kB
2022.12.20 22:29:25 INFO  Progress (1): 360/602 kB
2022.12.20 22:29:25 INFO  Progress (1): 364/602 kB
2022.12.20 22:29:25 INFO  Progress (1): 368/602 kB
2022.12.20 22:29:25 INFO  Progress (1): 372/602 kB
2022.12.20 22:29:25 INFO  Progress (1): 376/602 kB
2022.12.20 22:29:25 INFO  Progress (1): 380/602 kB
2022.12.20 22:29:25 INFO  Progress (1): 384/602 kB
2022.12.20 22:29:25 INFO  Progress (1): 389/602 kB
2022.12.20 22:29:25 INFO  Progress (1): 393/602 kB
2022.12.20 22:29:25 INFO  Progress (1): 397/602 kB
2022.12.20 22:29:25 INFO  Progress (1): 401/602 kB
2022.12.20 22:29:25 INFO  Progress (1): 405/602 kB
2022.12.20 22:29:25 INFO  Progress (1): 409/602 kB
2022.12.20 22:29:25 INFO  Progress (1): 413/602 kB
2022.12.20 22:29:25 INFO  Progress (1): 417/602 kB
2022.12.20 22:29:25 INFO  Progress (1): 421/602 kB
2022.12.20 22:29:25 INFO  Progress (1): 425/602 kB
2022.12.20 22:29:25 INFO  Progress (1): 430/602 kB
2022.12.20 22:29:25 INFO  Progress (1): 434/602 kB
2022.12.20 22:29:25 INFO  Progress (1): 438/602 kB
2022.12.20 22:29:25 INFO  Progress (1): 442/602 kB
2022.12.20 22:29:25 INFO  Progress (1): 446/602 kB
2022.12.20 22:29:25 INFO  Progress (1): 450/602 kB
2022.12.20 22:29:25 INFO  Progress (1): 454/602 kB
2022.12.20 22:29:25 INFO  Progress (1): 458/602 kB
2022.12.20 22:29:25 INFO  Progress (1): 462/602 kB
2022.12.20 22:29:25 INFO  Progress (1): 466/602 kB
2022.12.20 22:29:25 INFO  Progress (1): 470/602 kB
2022.12.20 22:29:25 INFO  Progress (1): 475/602 kB
2022.12.20 22:29:25 INFO  Progress (1): 479/602 kB
2022.12.20 22:29:25 INFO  Progress (1): 483/602 kB
2022.12.20 22:29:25 INFO  Progress (1): 487/602 kB
2022.12.20 22:29:25 INFO  Progress (1): 491/602 kB
2022.12.20 22:29:25 INFO  Progress (1): 495/602 kB
2022.12.20 22:29:25 INFO  Progress (1): 499/602 kB
2022.12.20 22:29:25 INFO  Progress (1): 503/602 kB
2022.12.20 22:29:25 INFO  Progress (1): 507/602 kB
2022.12.20 22:29:25 INFO  Progress (1): 511/602 kB
2022.12.20 22:29:25 INFO  Progress (1): 516/602 kB
2022.12.20 22:29:25 INFO  Progress (1): 520/602 kB
2022.12.20 22:29:25 INFO  Progress (1): 524/602 kB
2022.12.20 22:29:25 INFO  Progress (1): 528/602 kB
2022.12.20 22:29:25 INFO  Progress (1): 532/602 kB
2022.12.20 22:29:25 INFO  Progress (1): 536/602 kB
2022.12.20 22:29:25 INFO  Progress (1): 540/602 kB
2022.12.20 22:29:25 INFO  Progress (1): 544/602 kB
2022.12.20 22:29:25 INFO  Progress (1): 548/602 kB
2022.12.20 22:29:25 INFO  Progress (1): 552/602 kB
2022.12.20 22:29:25 INFO  Progress (1): 557/602 kB
2022.12.20 22:29:25 INFO  Progress (1): 561/602 kB
2022.12.20 22:29:25 INFO  Progress (1): 565/602 kB
2022.12.20 22:29:25 INFO  Progress (1): 569/602 kB
2022.12.20 22:29:25 INFO  Progress (1): 573/602 kB
2022.12.20 22:29:25 INFO  Progress (1): 577/602 kB
2022.12.20 22:29:25 INFO  Progress (1): 581/602 kB
2022.12.20 22:29:25 INFO  Progress (1): 585/602 kB
2022.12.20 22:29:25 INFO  Progress (1): 589/602 kB
2022.12.20 22:29:25 INFO  Progress (1): 593/602 kB
2022.12.20 22:29:25 INFO  Progress (1): 597/602 kB
2022.12.20 22:29:25 INFO  Progress (1): 602/602 kB
2022.12.20 22:29:25 INFO  Progress (1): 602 kB    
2022.12.20 22:29:25 INFO                      
2022.12.20 22:29:25 INFO  Downloaded from central: https://repo.maven.apache.org/maven2/info/cukes/gherkin/2.12.2/gherkin-2.12.2-sources.jar (602 kB at 1.8 MB/s)
2022.12.20 22:29:25 INFO  [INFO] SUCCESS: info.cukes:gherkin:jar:2.12.2:compile (sources = true)
2022.12.20 22:29:25 INFO  [INFO] Resolving artifact: com.github.fge:jackson-coreutils:jar:1.8:compile (sources = false)
2022.12.20 22:29:25 INFO  [INFO] SUCCESS: com.github.fge:jackson-coreutils:jar:1.8:compile (sources = false)
2022.12.20 22:29:25 INFO  [INFO] Resolving artifact: com.github.fge:jackson-coreutils:jar:1.8:compile (sources = true)
2022.12.20 22:29:25 INFO  Downloading from central: https://repo.maven.apache.org/maven2/com/github/fge/jackson-coreutils/1.8/jackson-coreutils-1.8-sources.jar
2022.12.20 22:29:25 INFO  Progress (1): 4.1/33 kB
2022.12.20 22:29:25 INFO  Progress (1): 8.2/33 kB
2022.12.20 22:29:25 INFO  Progress (1): 12/33 kB 
2022.12.20 22:29:25 INFO  Progress (1): 16/33 kB
2022.12.20 22:29:25 INFO  Progress (1): 20/33 kB
2022.12.20 22:29:25 INFO  Progress (1): 24/33 kB
2022.12.20 22:29:25 INFO  Progress (1): 28/33 kB
2022.12.20 22:29:25 INFO  Progress (1): 32/33 kB
2022.12.20 22:29:25 INFO  Progress (1): 33 kB   
2022.12.20 22:29:25 INFO                     
2022.12.20 22:29:25 INFO  Downloaded from central: https://repo.maven.apache.org/maven2/com/github/fge/jackson-coreutils/1.8/jackson-coreutils-1.8-sources.jar (33 kB at 112 kB/s)
2022.12.20 22:29:25 INFO  [INFO] SUCCESS: com.github.fge:jackson-coreutils:jar:1.8:compile (sources = true)
2022.12.20 22:29:25 INFO  [INFO] Resolving artifact: com.fasterxml.jackson.core:jackson-databind:jar:2.8.6:compile (sources = false)
2022.12.20 22:29:25 INFO  [INFO] SUCCESS: com.fasterxml.jackson.core:jackson-databind:jar:2.8.6:compile (sources = false)
2022.12.20 22:29:25 INFO  [INFO] Resolving artifact: com.fasterxml.jackson.core:jackson-databind:jar:2.8.6:compile (sources = true)
2022.12.20 22:29:25 INFO  Downloading from central: https://repo.maven.apache.org/maven2/com/fasterxml/jackson/core/jackson-databind/2.8.6/jackson-databind-2.8.6-sources.jar
2022.12.20 22:29:25 INFO  Progress (1): 8.2/925 kB
2022.12.20 22:29:25 INFO  Progress (1): 16/925 kB 
2022.12.20 22:29:25 INFO  Progress (1): 24/925 kB
2022.12.20 22:29:25 INFO  Progress (1): 32/925 kB
2022.12.20 22:29:25 INFO  Progress (1): 40/925 kB
2022.12.20 22:29:25 INFO  Progress (1): 49/925 kB
2022.12.20 22:29:25 INFO  Progress (1): 57/925 kB
2022.12.20 22:29:25 INFO  Progress (1): 65/925 kB
2022.12.20 22:29:25 INFO  Progress (1): 73/925 kB
2022.12.20 22:29:25 INFO  Progress (1): 81/925 kB
2022.12.20 22:29:25 INFO  Progress (1): 90/925 kB
2022.12.20 22:29:25 INFO  Progress (1): 98/925 kB
2022.12.20 22:29:25 INFO  Progress (1): 106/925 kB
2022.12.20 22:29:25 INFO  Progress (1): 114/925 kB
2022.12.20 22:29:25 INFO  Progress (1): 122/925 kB
2022.12.20 22:29:25 INFO  Progress (1): 131/925 kB
2022.12.20 22:29:25 INFO  Progress (1): 139/925 kB
2022.12.20 22:29:25 INFO  Progress (1): 147/925 kB
2022.12.20 22:29:25 INFO  Progress (1): 155/925 kB
2022.12.20 22:29:25 INFO  Progress (1): 163/925 kB
2022.12.20 22:29:25 INFO  Progress (1): 171/925 kB
2022.12.20 22:29:25 INFO  Progress (1): 180/925 kB
2022.12.20 22:29:25 INFO  Progress (1): 188/925 kB
2022.12.20 22:29:25 INFO  Progress (1): 196/925 kB
2022.12.20 22:29:25 INFO  Progress (1): 204/925 kB
2022.12.20 22:29:25 INFO  Progress (1): 212/925 kB
2022.12.20 22:29:25 INFO  Progress (1): 221/925 kB
2022.12.20 22:29:25 INFO  Progress (1): 229/925 kB
2022.12.20 22:29:25 INFO  Progress (1): 237/925 kB
2022.12.20 22:29:25 INFO  Progress (1): 245/925 kB
2022.12.20 22:29:25 INFO  Progress (1): 253/925 kB
2022.12.20 22:29:25 INFO  Progress (1): 262/925 kB
2022.12.20 22:29:25 INFO  Progress (1): 270/925 kB
2022.12.20 22:29:25 INFO  Progress (1): 278/925 kB
2022.12.20 22:29:25 INFO  Progress (1): 286/925 kB
2022.12.20 22:29:25 INFO  Progress (1): 294/925 kB
2022.12.20 22:29:25 INFO  Progress (1): 303/925 kB
2022.12.20 22:29:25 INFO  Progress (1): 311/925 kB
2022.12.20 22:29:25 INFO  Progress (1): 319/925 kB
2022.12.20 22:29:25 INFO  Progress (1): 327/925 kB
2022.12.20 22:29:25 INFO  Progress (1): 335/925 kB
2022.12.20 22:29:25 INFO  Progress (1): 344/925 kB
2022.12.20 22:29:25 INFO  Progress (1): 352/925 kB
2022.12.20 22:29:25 INFO  Progress (1): 360/925 kB
2022.12.20 22:29:25 INFO  Progress (1): 368/925 kB
2022.12.20 22:29:25 INFO  Progress (1): 376/925 kB
2022.12.20 22:29:25 INFO  Progress (1): 384/925 kB
2022.12.20 22:29:25 INFO  Progress (1): 393/925 kB
2022.12.20 22:29:25 INFO  Progress (1): 401/925 kB
2022.12.20 22:29:25 INFO  Progress (1): 409/925 kB
2022.12.20 22:29:25 INFO  Progress (1): 417/925 kB
2022.12.20 22:29:25 INFO  Progress (1): 425/925 kB
2022.12.20 22:29:25 INFO  Progress (1): 434/925 kB
2022.12.20 22:29:25 INFO  Progress (1): 442/925 kB
2022.12.20 22:29:25 INFO  Progress (1): 450/925 kB
2022.12.20 22:29:25 INFO  Progress (1): 458/925 kB
2022.12.20 22:29:25 INFO  Progress (1): 466/925 kB
2022.12.20 22:29:26 INFO  Progress (1): 475/925 kB
2022.12.20 22:29:26 INFO  Progress (1): 483/925 kB
2022.12.20 22:29:26 INFO  Progress (1): 491/925 kB
2022.12.20 22:29:26 INFO  Progress (1): 499/925 kB
2022.12.20 22:29:26 INFO  Progress (1): 507/925 kB
2022.12.20 22:29:26 INFO  Progress (1): 516/925 kB
2022.12.20 22:29:26 INFO  Progress (1): 524/925 kB
2022.12.20 22:29:26 INFO  Progress (1): 532/925 kB
2022.12.20 22:29:26 INFO  Progress (1): 540/925 kB
2022.12.20 22:29:26 INFO  Progress (1): 548/925 kB
2022.12.20 22:29:26 INFO  Progress (1): 557/925 kB
2022.12.20 22:29:26 INFO  Progress (1): 565/925 kB
2022.12.20 22:29:26 INFO  Progress (1): 573/925 kB
2022.12.20 22:29:26 INFO  Progress (1): 581/925 kB
2022.12.20 22:29:26 INFO  Progress (1): 589/925 kB
2022.12.20 22:29:26 INFO  Progress (1): 597/925 kB
2022.12.20 22:29:26 INFO  Progress (1): 606/925 kB
2022.12.20 22:29:26 INFO  Progress (1): 614/925 kB
2022.12.20 22:29:26 INFO  Progress (1): 622/925 kB
2022.12.20 22:29:26 INFO  Progress (1): 630/925 kB
2022.12.20 22:29:26 INFO  Progress (1): 638/925 kB
2022.12.20 22:29:26 INFO  Progress (1): 647/925 kB
2022.12.20 22:29:26 INFO  Progress (1): 655/925 kB
2022.12.20 22:29:26 INFO  Progress (1): 663/925 kB
2022.12.20 22:29:26 INFO  Progress (1): 671/925 kB
2022.12.20 22:29:26 INFO  Progress (1): 679/925 kB
2022.12.20 22:29:26 INFO  Progress (1): 688/925 kB
2022.12.20 22:29:26 INFO  Progress (1): 696/925 kB
2022.12.20 22:29:26 INFO  Progress (1): 704/925 kB
2022.12.20 22:29:26 INFO  Progress (1): 712/925 kB
2022.12.20 22:29:26 INFO  Progress (1): 720/925 kB
2022.12.20 22:29:26 INFO  Progress (1): 729/925 kB
2022.12.20 22:29:26 INFO  Progress (1): 737/925 kB
2022.12.20 22:29:26 INFO  Progress (1): 745/925 kB
2022.12.20 22:29:26 INFO  Progress (1): 753/925 kB
2022.12.20 22:29:26 INFO  Progress (1): 761/925 kB
2022.12.20 22:29:26 INFO  Progress (1): 770/925 kB
2022.12.20 22:29:26 INFO  Progress (1): 778/925 kB
2022.12.20 22:29:26 INFO  Progress (1): 786/925 kB
2022.12.20 22:29:26 INFO  Progress (1): 794/925 kB
2022.12.20 22:29:26 INFO  Progress (1): 802/925 kB
2022.12.20 22:29:26 INFO  Progress (1): 810/925 kB
2022.12.20 22:29:26 INFO  Progress (1): 819/925 kB
2022.12.20 22:29:26 INFO  Progress (1): 827/925 kB
2022.12.20 22:29:26 INFO  Progress (1): 835/925 kB
2022.12.20 22:29:26 INFO  Progress (1): 843/925 kB
2022.12.20 22:29:26 INFO  Progress (1): 851/925 kB
2022.12.20 22:29:26 INFO  Progress (1): 860/925 kB
2022.12.20 22:29:26 INFO  Progress (1): 868/925 kB
2022.12.20 22:29:26 INFO  Progress (1): 876/925 kB
2022.12.20 22:29:26 INFO  Progress (1): 884/925 kB
2022.12.20 22:29:26 INFO  Progress (1): 892/925 kB
2022.12.20 22:29:26 INFO  Progress (1): 901/925 kB
2022.12.20 22:29:26 INFO  Progress (1): 909/925 kB
2022.12.20 22:29:26 INFO  Progress (1): 914/925 kB
2022.12.20 22:29:26 INFO  Progress (1): 922/925 kB
2022.12.20 22:29:26 INFO  Progress (1): 925 kB    
2022.12.20 22:29:26 INFO                      
2022.12.20 22:29:26 INFO  Downloaded from central: https://repo.maven.apache.org/maven2/com/fasterxml/jackson/core/jackson-databind/2.8.6/jackson-databind-2.8.6-sources.jar (925 kB at 2.4 MB/s)
2022.12.20 22:29:26 INFO  [INFO] SUCCESS: com.fasterxml.jackson.core:jackson-databind:jar:2.8.6:compile (sources = true)
2022.12.20 22:29:26 INFO  [INFO] Resolving artifact: org.seleniumhq.selenium:selenium-remote-driver:jar:3.141.59:compile (sources = false)
2022.12.20 22:29:26 INFO  [INFO] SUCCESS: org.seleniumhq.selenium:selenium-remote-driver:jar:3.141.59:compile (sources = false)
2022.12.20 22:29:26 INFO  [INFO] Resolving artifact: org.seleniumhq.selenium:selenium-remote-driver:jar:3.141.59:compile (sources = true)
2022.12.20 22:29:26 INFO  Downloading from central: https://repo.maven.apache.org/maven2/org/seleniumhq/selenium/selenium-remote-driver/3.141.59/selenium-remote-driver-3.141.59-sources.jar
2022.12.20 22:29:26 INFO  Progress (1): 4.1/201 kB
2022.12.20 22:29:26 INFO  Progress (1): 8.2/201 kB
2022.12.20 22:29:26 INFO  Progress (1): 12/201 kB 
2022.12.20 22:29:26 INFO  Progress (1): 16/201 kB
2022.12.20 22:29:26 INFO  Progress (1): 20/201 kB
2022.12.20 22:29:26 INFO  Progress (1): 25/201 kB
2022.12.20 22:29:26 INFO  Progress (1): 29/201 kB
2022.12.20 22:29:26 INFO  Progress (1): 33/201 kB
2022.12.20 22:29:26 INFO  Progress (1): 37/201 kB
2022.12.20 22:29:26 INFO  Progress (1): 41/201 kB
2022.12.20 22:29:26 INFO  Progress (1): 45/201 kB
2022.12.20 22:29:26 INFO  Progress (1): 49/201 kB
2022.12.20 22:29:26 INFO  Progress (1): 53/201 kB
2022.12.20 22:29:26 INFO  Progress (1): 57/201 kB
2022.12.20 22:29:26 INFO  Progress (1): 61/201 kB
2022.12.20 22:29:26 INFO  Progress (1): 66/201 kB
2022.12.20 22:29:26 INFO  Progress (1): 70/201 kB
2022.12.20 22:29:26 INFO  Progress (1): 74/201 kB
2022.12.20 22:29:26 INFO  Progress (1): 78/201 kB
2022.12.20 22:29:26 INFO  Progress (1): 82/201 kB
2022.12.20 22:29:26 INFO  Progress (1): 86/201 kB
2022.12.20 22:29:26 INFO  Progress (1): 90/201 kB
2022.12.20 22:29:26 INFO  Progress (1): 94/201 kB
2022.12.20 22:29:26 INFO  Progress (1): 98/201 kB
2022.12.20 22:29:26 INFO  Progress (1): 102/201 kB
2022.12.20 22:29:26 INFO  Progress (1): 106/201 kB
2022.12.20 22:29:26 INFO  Progress (1): 111/201 kB
2022.12.20 22:29:26 INFO  Progress (1): 115/201 kB
2022.12.20 22:29:26 INFO  Progress (1): 119/201 kB
2022.12.20 22:29:26 INFO  Progress (1): 123/201 kB
2022.12.20 22:29:26 INFO  Progress (1): 127/201 kB
2022.12.20 22:29:26 INFO  Progress (1): 131/201 kB
2022.12.20 22:29:26 INFO  Progress (1): 135/201 kB
2022.12.20 22:29:26 INFO  Progress (1): 139/201 kB
2022.12.20 22:29:26 INFO  Progress (1): 143/201 kB
2022.12.20 22:29:26 INFO  Progress (1): 147/201 kB
2022.12.20 22:29:26 INFO  Progress (1): 152/201 kB
2022.12.20 22:29:26 INFO  Progress (1): 156/201 kB
2022.12.20 22:29:26 INFO  Progress (1): 160/201 kB
2022.12.20 22:29:26 INFO  Progress (1): 164/201 kB
2022.12.20 22:29:26 INFO  Progress (1): 168/201 kB
2022.12.20 22:29:26 INFO  Progress (1): 172/201 kB
2022.12.20 22:29:26 INFO  Progress (1): 176/201 kB
2022.12.20 22:29:26 INFO  Progress (1): 180/201 kB
2022.12.20 22:29:26 INFO  Progress (1): 184/201 kB
2022.12.20 22:29:26 INFO  Progress (1): 188/201 kB
2022.12.20 22:29:26 INFO  Progress (1): 193/201 kB
2022.12.20 22:29:26 INFO  Progress (1): 197/201 kB
2022.12.20 22:29:26 INFO  Progress (1): 201/201 kB
2022.12.20 22:29:26 INFO  Progress (1): 201 kB    
2022.12.20 22:29:26 INFO                      
2022.12.20 22:29:26 INFO  Downloaded from central: https://repo.maven.apache.org/maven2/org/seleniumhq/selenium/selenium-remote-driver/3.141.59/selenium-remote-driver-3.141.59-sources.jar (201 kB at 612 kB/s)
2022.12.20 22:29:26 INFO  [INFO] SUCCESS: org.seleniumhq.selenium:selenium-remote-driver:jar:3.141.59:compile (sources = true)
2022.12.20 22:29:26 INFO  [INFO] Resolving artifact: com.github.fge:msg-simple:jar:1.1:compile (sources = false)
2022.12.20 22:29:26 INFO  [INFO] SUCCESS: com.github.fge:msg-simple:jar:1.1:compile (sources = false)
2022.12.20 22:29:26 INFO  [INFO] Resolving artifact: com.github.fge:msg-simple:jar:1.1:compile (sources = true)
2022.12.20 22:29:26 INFO  Downloading from central: https://repo.maven.apache.org/maven2/com/github/fge/msg-simple/1.1/msg-simple-1.1-sources.jar
2022.12.20 22:29:26 INFO  Progress (1): 4.1/38 kB
2022.12.20 22:29:26 INFO  Progress (1): 8.2/38 kB
2022.12.20 22:29:26 INFO  Progress (1): 12/38 kB 
2022.12.20 22:29:26 INFO  Progress (1): 16/38 kB
2022.12.20 22:29:26 INFO  Progress (1): 20/38 kB
2022.12.20 22:29:26 INFO  Progress (1): 25/38 kB
2022.12.20 22:29:26 INFO  Progress (1): 29/38 kB
2022.12.20 22:29:26 INFO  Progress (1): 33/38 kB
2022.12.20 22:29:26 INFO  Progress (1): 37/38 kB
2022.12.20 22:29:26 INFO  Progress (1): 38 kB   
2022.12.20 22:29:26 INFO                     
2022.12.20 22:29:26 INFO  Downloaded from central: https://repo.maven.apache.org/maven2/com/github/fge/msg-simple/1.1/msg-simple-1.1-sources.jar (38 kB at 137 kB/s)
2022.12.20 22:29:26 INFO  [INFO] SUCCESS: com.github.fge:msg-simple:jar:1.1:compile (sources = true)
2022.12.20 22:29:26 INFO  [INFO] Resolving artifact: io.rest-assured:rest-assured-common:jar:3.1.0:compile (sources = false)
2022.12.20 22:29:26 INFO  [INFO] SUCCESS: io.rest-assured:rest-assured-common:jar:3.1.0:compile (sources = false)
2022.12.20 22:29:26 INFO  [INFO] Resolving artifact: io.rest-assured:rest-assured-common:jar:3.1.0:compile (sources = true)
2022.12.20 22:29:26 INFO  Downloading from central: https://repo.maven.apache.org/maven2/io/rest-assured/rest-assured-common/3.1.0/rest-assured-common-3.1.0-sources.jar
2022.12.20 22:29:26 INFO  Progress (1): 4.1/19 kB
2022.12.20 22:29:26 INFO  Progress (1): 8.2/19 kB
2022.12.20 22:29:26 INFO  Progress (1): 12/19 kB 
2022.12.20 22:29:26 INFO  Progress (1): 16/19 kB
2022.12.20 22:29:26 INFO  Progress (1): 19 kB   
2022.12.20 22:29:27 INFO                     
2022.12.20 22:29:27 INFO  Downloaded from central: https://repo.maven.apache.org/maven2/io/rest-assured/rest-assured-common/3.1.0/rest-assured-common-3.1.0-sources.jar (19 kB at 59 kB/s)
2022.12.20 22:29:27 INFO  [INFO] SUCCESS: io.rest-assured:rest-assured-common:jar:3.1.0:compile (sources = true)
2022.12.20 22:29:27 INFO  [INFO] Resolving artifact: com.fasterxml.jackson.core:jackson-core:jar:2.8.6:compile (sources = false)
2022.12.20 22:29:27 INFO  [INFO] SUCCESS: com.fasterxml.jackson.core:jackson-core:jar:2.8.6:compile (sources = false)
2022.12.20 22:29:27 INFO  [INFO] Resolving artifact: com.fasterxml.jackson.core:jackson-core:jar:2.8.6:compile (sources = true)
2022.12.20 22:29:27 INFO  Downloading from central: https://repo.maven.apache.org/maven2/com/fasterxml/jackson/core/jackson-core/2.8.6/jackson-core-2.8.6-sources.jar
2022.12.20 22:29:27 INFO  Progress (1): 4.1/294 kB
2022.12.20 22:29:27 INFO  Progress (1): 8.2/294 kB
2022.12.20 22:29:27 INFO  Progress (1): 12/294 kB 
2022.12.20 22:29:27 INFO  Progress (1): 16/294 kB
2022.12.20 22:29:27 INFO  Progress (1): 20/294 kB
2022.12.20 22:29:27 INFO  Progress (1): 24/294 kB
2022.12.20 22:29:27 INFO  Progress (1): 28/294 kB
2022.12.20 22:29:27 INFO  Progress (1): 32/294 kB
2022.12.20 22:29:27 INFO  Progress (1): 36/294 kB
2022.12.20 22:29:27 INFO  Progress (1): 40/294 kB
2022.12.20 22:29:27 INFO  Progress (1): 45/294 kB
2022.12.20 22:29:27 INFO  Progress (1): 49/294 kB
2022.12.20 22:29:27 INFO  Progress (1): 53/294 kB
2022.12.20 22:29:27 INFO  Progress (1): 57/294 kB
2022.12.20 22:29:27 INFO  Progress (1): 61/294 kB
2022.12.20 22:29:27 INFO  Progress (1): 65/294 kB
2022.12.20 22:29:27 INFO  Progress (1): 69/294 kB
2022.12.20 22:29:27 INFO  Progress (1): 73/294 kB
2022.12.20 22:29:27 INFO  Progress (1): 77/294 kB
2022.12.20 22:29:27 INFO  Progress (1): 81/294 kB
2022.12.20 22:29:27 INFO  Progress (1): 85/294 kB
2022.12.20 22:29:27 INFO  Progress (1): 90/294 kB
2022.12.20 22:29:27 INFO  Progress (1): 94/294 kB
2022.12.20 22:29:27 INFO  Progress (1): 98/294 kB
2022.12.20 22:29:27 INFO  Progress (1): 102/294 kB
2022.12.20 22:29:27 INFO  Progress (1): 106/294 kB
2022.12.20 22:29:27 INFO  Progress (1): 110/294 kB
2022.12.20 22:29:27 INFO  Progress (1): 114/294 kB
2022.12.20 22:29:27 INFO  Progress (1): 118/294 kB
2022.12.20 22:29:27 INFO  Progress (1): 122/294 kB
2022.12.20 22:29:27 INFO  Progress (1): 126/294 kB
2022.12.20 22:29:27 INFO  Progress (1): 131/294 kB
2022.12.20 22:29:27 INFO  Progress (1): 135/294 kB
2022.12.20 22:29:27 INFO  Progress (1): 139/294 kB
2022.12.20 22:29:27 INFO  Progress (1): 143/294 kB
2022.12.20 22:29:27 INFO  Progress (1): 147/294 kB
2022.12.20 22:29:27 INFO  Progress (1): 151/294 kB
2022.12.20 22:29:27 INFO  Progress (1): 155/294 kB
2022.12.20 22:29:27 INFO  Progress (1): 159/294 kB
2022.12.20 22:29:27 INFO  Progress (1): 163/294 kB
2022.12.20 22:29:27 INFO  Progress (1): 167/294 kB
2022.12.20 22:29:27 INFO  Progress (1): 171/294 kB
2022.12.20 22:29:27 INFO  Progress (1): 176/294 kB
2022.12.20 22:29:27 INFO  Progress (1): 180/294 kB
2022.12.20 22:29:27 INFO  Progress (1): 184/294 kB
2022.12.20 22:29:27 INFO  Progress (1): 188/294 kB
2022.12.20 22:29:27 INFO  Progress (1): 192/294 kB
2022.12.20 22:29:27 INFO  Progress (1): 196/294 kB
2022.12.20 22:29:27 INFO  Progress (1): 200/294 kB
2022.12.20 22:29:27 INFO  Progress (1): 204/294 kB
2022.12.20 22:29:27 INFO  Progress (1): 208/294 kB
2022.12.20 22:29:27 INFO  Progress (1): 212/294 kB
2022.12.20 22:29:27 INFO  Progress (1): 217/294 kB
2022.12.20 22:29:27 INFO  Progress (1): 221/294 kB
2022.12.20 22:29:27 INFO  Progress (1): 225/294 kB
2022.12.20 22:29:27 INFO  Progress (1): 229/294 kB
2022.12.20 22:29:27 INFO  Progress (1): 233/294 kB
2022.12.20 22:29:27 INFO  Progress (1): 237/294 kB
2022.12.20 22:29:27 INFO  Progress (1): 241/294 kB
2022.12.20 22:29:27 INFO  Progress (1): 245/294 kB
2022.12.20 22:29:27 INFO  Progress (1): 249/294 kB
2022.12.20 22:29:27 INFO  Progress (1): 253/294 kB
2022.12.20 22:29:27 INFO  Progress (1): 258/294 kB
2022.12.20 22:29:27 INFO  Progress (1): 262/294 kB
2022.12.20 22:29:27 INFO  Progress (1): 266/294 kB
2022.12.20 22:29:27 INFO  Progress (1): 270/294 kB
2022.12.20 22:29:27 INFO  Progress (1): 274/294 kB
2022.12.20 22:29:27 INFO  Progress (1): 278/294 kB
2022.12.20 22:29:27 INFO  Progress (1): 282/294 kB
2022.12.20 22:29:27 INFO  Progress (1): 286/294 kB
2022.12.20 22:29:27 INFO  Progress (1): 290/294 kB
2022.12.20 22:29:27 INFO  Progress (1): 294 kB    
2022.12.20 22:29:27 INFO                      
2022.12.20 22:29:27 INFO  Downloaded from central: https://repo.maven.apache.org/maven2/com/fasterxml/jackson/core/jackson-core/2.8.6/jackson-core-2.8.6-sources.jar (294 kB at 963 kB/s)
2022.12.20 22:29:27 INFO  [INFO] SUCCESS: com.fasterxml.jackson.core:jackson-core:jar:2.8.6:compile (sources = true)
2022.12.20 22:29:27 INFO  [INFO] Resolving artifact: org.hamcrest:hamcrest-all:jar:1.3:compile (sources = false)
2022.12.20 22:29:27 INFO  [INFO] SUCCESS: org.hamcrest:hamcrest-all:jar:1.3:compile (sources = false)
2022.12.20 22:29:27 INFO  [INFO] Resolving artifact: org.hamcrest:hamcrest-all:jar:1.3:compile (sources = true)
2022.12.20 22:29:27 INFO  Downloading from central: https://repo.maven.apache.org/maven2/org/hamcrest/hamcrest-all/1.3/hamcrest-all-1.3-sources.jar
2022.12.20 22:29:27 INFO  Progress (1): 4.1/88 kB
2022.12.20 22:29:27 INFO  Progress (1): 8.2/88 kB
2022.12.20 22:29:27 INFO  Progress (1): 12/88 kB 
2022.12.20 22:29:27 INFO  Progress (1): 16/88 kB
2022.12.20 22:29:27 INFO  Progress (1): 20/88 kB
2022.12.20 22:29:27 INFO  Progress (1): 24/88 kB
2022.12.20 22:29:27 INFO  Progress (1): 28/88 kB
2022.12.20 22:29:27 INFO  Progress (1): 32/88 kB
2022.12.20 22:29:27 INFO  Progress (1): 36/88 kB
2022.12.20 22:29:27 INFO  Progress (1): 40/88 kB
2022.12.20 22:29:27 INFO  Progress (1): 45/88 kB
2022.12.20 22:29:27 INFO  Progress (1): 49/88 kB
2022.12.20 22:29:27 INFO  Progress (1): 53/88 kB
2022.12.20 22:29:27 INFO  Progress (1): 57/88 kB
2022.12.20 22:29:27 INFO  Progress (1): 61/88 kB
2022.12.20 22:29:27 INFO  Progress (1): 65/88 kB
2022.12.20 22:29:27 INFO  Progress (1): 69/88 kB
2022.12.20 22:29:27 INFO  Progress (1): 73/88 kB
2022.12.20 22:29:27 INFO  Progress (1): 77/88 kB
2022.12.20 22:29:27 INFO  Progress (1): 81/88 kB
2022.12.20 22:29:27 INFO  Progress (1): 85/88 kB
2022.12.20 22:29:27 INFO  Progress (1): 88 kB   
2022.12.20 22:29:27 INFO                     
2022.12.20 22:29:27 INFO  Downloaded from central: https://repo.maven.apache.org/maven2/org/hamcrest/hamcrest-all/1.3/hamcrest-all-1.3-sources.jar (88 kB at 302 kB/s)
2022.12.20 22:29:27 INFO  [INFO] SUCCESS: org.hamcrest:hamcrest-all:jar:1.3:compile (sources = true)
2022.12.20 22:29:27 INFO  [INFO] Resolving artifact: commons-configuration:commons-configuration:jar:1.6:compile (sources = false)
2022.12.20 22:29:27 INFO  [INFO] SUCCESS: commons-configuration:commons-configuration:jar:1.6:compile (sources = false)
2022.12.20 22:29:27 INFO  [INFO] Resolving artifact: commons-configuration:commons-configuration:jar:1.6:compile (sources = true)
2022.12.20 22:29:27 INFO  Downloading from central: https://repo.maven.apache.org/maven2/commons-configuration/commons-configuration/1.6/commons-configuration-1.6-sources.jar
2022.12.20 22:29:27 INFO  Progress (1): 4.1/317 kB
2022.12.20 22:29:27 INFO  Progress (1): 8.2/317 kB
2022.12.20 22:29:27 INFO  Progress (1): 12/317 kB 
2022.12.20 22:29:27 INFO  Progress (1): 16/317 kB
2022.12.20 22:29:27 INFO  Progress (1): 20/317 kB
2022.12.20 22:29:27 INFO  Progress (1): 25/317 kB
2022.12.20 22:29:27 INFO  Progress (1): 29/317 kB
2022.12.20 22:29:27 INFO  Progress (1): 33/317 kB
2022.12.20 22:29:27 INFO  Progress (1): 37/317 kB
2022.12.20 22:29:27 INFO  Progress (1): 41/317 kB
2022.12.20 22:29:27 INFO  Progress (1): 45/317 kB
2022.12.20 22:29:27 INFO  Progress (1): 49/317 kB
2022.12.20 22:29:27 INFO  Progress (1): 53/317 kB
2022.12.20 22:29:27 INFO  Progress (1): 57/317 kB
2022.12.20 22:29:27 INFO  Progress (1): 61/317 kB
2022.12.20 22:29:27 INFO  Progress (1): 66/317 kB
2022.12.20 22:29:27 INFO  Progress (1): 70/317 kB
2022.12.20 22:29:27 INFO  Progress (1): 74/317 kB
2022.12.20 22:29:27 INFO  Progress (1): 78/317 kB
2022.12.20 22:29:27 INFO  Progress (1): 82/317 kB
2022.12.20 22:29:27 INFO  Progress (1): 86/317 kB
2022.12.20 22:29:27 INFO  Progress (1): 90/317 kB
2022.12.20 22:29:27 INFO  Progress (1): 94/317 kB
2022.12.20 22:29:27 INFO  Progress (1): 98/317 kB
2022.12.20 22:29:27 INFO  Progress (1): 102/317 kB
2022.12.20 22:29:27 INFO  Progress (1): 106/317 kB
2022.12.20 22:29:27 INFO  Progress (1): 111/317 kB
2022.12.20 22:29:27 INFO  Progress (1): 115/317 kB
2022.12.20 22:29:27 INFO  Progress (1): 119/317 kB
2022.12.20 22:29:27 INFO  Progress (1): 123/317 kB
2022.12.20 22:29:27 INFO  Progress (1): 127/317 kB
2022.12.20 22:29:27 INFO  Progress (1): 131/317 kB
2022.12.20 22:29:27 INFO  Progress (1): 135/317 kB
2022.12.20 22:29:27 INFO  Progress (1): 139/317 kB
2022.12.20 22:29:27 INFO  Progress (1): 143/317 kB
2022.12.20 22:29:27 INFO  Progress (1): 147/317 kB
2022.12.20 22:29:27 INFO  Progress (1): 152/317 kB
2022.12.20 22:29:27 INFO  Progress (1): 156/317 kB
2022.12.20 22:29:27 INFO  Progress (1): 160/317 kB
2022.12.20 22:29:27 INFO  Progress (1): 164/317 kB
2022.12.20 22:29:27 INFO  Progress (1): 168/317 kB
2022.12.20 22:29:27 INFO  Progress (1): 172/317 kB
2022.12.20 22:29:27 INFO  Progress (1): 176/317 kB
2022.12.20 22:29:27 INFO  Progress (1): 180/317 kB
2022.12.20 22:29:27 INFO  Progress (1): 184/317 kB
2022.12.20 22:29:27 INFO  Progress (1): 188/317 kB
2022.12.20 22:29:27 INFO  Progress (1): 193/317 kB
2022.12.20 22:29:27 INFO  Progress (1): 197/317 kB
2022.12.20 22:29:27 INFO  Progress (1): 201/317 kB
2022.12.20 22:29:27 INFO  Progress (1): 205/317 kB
2022.12.20 22:29:27 INFO  Progress (1): 209/317 kB
2022.12.20 22:29:27 INFO  Progress (1): 213/317 kB
2022.12.20 22:29:27 INFO  Progress (1): 217/317 kB
2022.12.20 22:29:27 INFO  Progress (1): 221/317 kB
2022.12.20 22:29:27 INFO  Progress (1): 225/317 kB
2022.12.20 22:29:27 INFO  Progress (1): 229/317 kB
2022.12.20 22:29:27 INFO  Progress (1): 233/317 kB
2022.12.20 22:29:27 INFO  Progress (1): 238/317 kB
2022.12.20 22:29:27 INFO  Progress (1): 242/317 kB
2022.12.20 22:29:27 INFO  Progress (1): 246/317 kB
2022.12.20 22:29:27 INFO  Progress (1): 250/317 kB
2022.12.20 22:29:27 INFO  Progress (1): 254/317 kB
2022.12.20 22:29:27 INFO  Progress (1): 258/317 kB
2022.12.20 22:29:27 INFO  Progress (1): 262/317 kB
2022.12.20 22:29:27 INFO  Progress (1): 266/317 kB
2022.12.20 22:29:27 INFO  Progress (1): 270/317 kB
2022.12.20 22:29:27 INFO  Progress (1): 274/317 kB
2022.12.20 22:29:27 INFO  Progress (1): 279/317 kB
2022.12.20 22:29:27 INFO  Progress (1): 283/317 kB
2022.12.20 22:29:27 INFO  Progress (1): 287/317 kB
2022.12.20 22:29:27 INFO  Progress (1): 291/317 kB
2022.12.20 22:29:27 INFO  Progress (1): 295/317 kB
2022.12.20 22:29:27 INFO  Progress (1): 299/317 kB
2022.12.20 22:29:27 INFO  Progress (1): 303/317 kB
2022.12.20 22:29:27 INFO  Progress (1): 307/317 kB
2022.12.20 22:29:27 INFO  Progress (1): 311/317 kB
2022.12.20 22:29:27 INFO  Progress (1): 315/317 kB
2022.12.20 22:29:27 INFO  Progress (1): 317 kB    
2022.12.20 22:29:27 INFO                      
2022.12.20 22:29:27 INFO  Downloaded from central: https://repo.maven.apache.org/maven2/commons-configuration/commons-configuration/1.6/commons-configuration-1.6-sources.jar (317 kB at 1.0 MB/s)
2022.12.20 22:29:27 INFO  [INFO] SUCCESS: commons-configuration:commons-configuration:jar:1.6:compile (sources = true)
2022.12.20 22:29:27 INFO  [INFO] Resolving artifact: org.checkerframework:checker-compat-qual:jar:2.0.0:compile (sources = false)
2022.12.20 22:29:27 INFO  [INFO] SUCCESS: org.checkerframework:checker-compat-qual:jar:2.0.0:compile (sources = false)
2022.12.20 22:29:27 INFO  [INFO] Resolving artifact: org.checkerframework:checker-compat-qual:jar:2.0.0:compile (sources = true)
2022.12.20 22:29:27 INFO  Downloading from central: https://repo.maven.apache.org/maven2/org/checkerframework/checker-compat-qual/2.0.0/checker-compat-qual-2.0.0-sources.jar
2022.12.20 22:29:28 INFO  Progress (1): 0/1.6 MB
2022.12.20 22:29:28 INFO  Progress (1): 0/1.6 MB
2022.12.20 22:29:28 INFO  Progress (1): 0/1.6 MB
2022.12.20 22:29:28 INFO  Progress (1): 0/1.6 MB
2022.12.20 22:29:28 INFO  Progress (1): 0/1.6 MB
2022.12.20 22:29:28 INFO  Progress (1): 0/1.6 MB
2022.12.20 22:29:28 INFO  Progress (1): 0.1/1.6 MB
2022.12.20 22:29:28 INFO  Progress (1): 0.1/1.6 MB
2022.12.20 22:29:28 INFO  Progress (1): 0.1/1.6 MB
2022.12.20 22:29:28 INFO  Progress (1): 0.1/1.6 MB
2022.12.20 22:29:28 INFO  Progress (1): 0.1/1.6 MB
2022.12.20 22:29:28 INFO  Progress (1): 0.1/1.6 MB
2022.12.20 22:29:28 INFO  Progress (1): 0.1/1.6 MB
2022.12.20 22:29:28 INFO  Progress (1): 0.1/1.6 MB
2022.12.20 22:29:28 INFO  Progress (1): 0.1/1.6 MB
2022.12.20 22:29:28 INFO  Progress (1): 0.1/1.6 MB
2022.12.20 22:29:28 INFO  Progress (1): 0.1/1.6 MB
2022.12.20 22:29:28 INFO  Progress (1): 0.1/1.6 MB
2022.12.20 22:29:28 INFO  Progress (1): 0.2/1.6 MB
2022.12.20 22:29:28 INFO  Progress (1): 0.2/1.6 MB
2022.12.20 22:29:28 INFO  Progress (1): 0.2/1.6 MB
2022.12.20 22:29:28 INFO  Progress (1): 0.2/1.6 MB
2022.12.20 22:29:28 INFO  Progress (1): 0.2/1.6 MB
2022.12.20 22:29:28 INFO  Progress (1): 0.2/1.6 MB
2022.12.20 22:29:28 INFO  Progress (1): 0.2/1.6 MB
2022.12.20 22:29:28 INFO  Progress (1): 0.2/1.6 MB
2022.12.20 22:29:28 INFO  Progress (1): 0.2/1.6 MB
2022.12.20 22:29:28 INFO  Progress (1): 0.2/1.6 MB
2022.12.20 22:29:28 INFO  Progress (1): 0.2/1.6 MB
2022.12.20 22:29:28 INFO  Progress (1): 0.2/1.6 MB
2022.12.20 22:29:28 INFO  Progress (1): 0.3/1.6 MB
2022.12.20 22:29:28 INFO  Progress (1): 0.3/1.6 MB
2022.12.20 22:29:28 INFO  Progress (1): 0.3/1.6 MB
2022.12.20 22:29:28 INFO  Progress (1): 0.3/1.6 MB
2022.12.20 22:29:28 INFO  Progress (1): 0.3/1.6 MB
2022.12.20 22:29:28 INFO  Progress (1): 0.3/1.6 MB
2022.12.20 22:29:28 INFO  Progress (1): 0.3/1.6 MB
2022.12.20 22:29:28 INFO  Progress (1): 0.3/1.6 MB
2022.12.20 22:29:28 INFO  Progress (1): 0.3/1.6 MB
2022.12.20 22:29:28 INFO  Progress (1): 0.3/1.6 MB
2022.12.20 22:29:28 INFO  Progress (1): 0.3/1.6 MB
2022.12.20 22:29:28 INFO  Progress (1): 0.3/1.6 MB
2022.12.20 22:29:28 INFO  Progress (1): 0.4/1.6 MB
2022.12.20 22:29:28 INFO  Progress (1): 0.4/1.6 MB
2022.12.20 22:29:28 INFO  Progress (1): 0.4/1.6 MB
2022.12.20 22:29:28 INFO  Progress (1): 0.4/1.6 MB
2022.12.20 22:29:28 INFO  Progress (1): 0.4/1.6 MB
2022.12.20 22:29:28 INFO  Progress (1): 0.4/1.6 MB
2022.12.20 22:29:28 INFO  Progress (1): 0.4/1.6 MB
2022.12.20 22:29:28 INFO  Progress (1): 0.4/1.6 MB
2022.12.20 22:29:28 INFO  Progress (1): 0.4/1.6 MB
2022.12.20 22:29:28 INFO  Progress (1): 0.4/1.6 MB
2022.12.20 22:29:28 INFO  Progress (1): 0.4/1.6 MB
2022.12.20 22:29:28 INFO  Progress (1): 0.4/1.6 MB
2022.12.20 22:29:28 INFO  Progress (1): 0.5/1.6 MB
2022.12.20 22:29:28 INFO  Progress (1): 0.5/1.6 MB
2022.12.20 22:29:28 INFO  Progress (1): 0.5/1.6 MB
2022.12.20 22:29:28 INFO  Progress (1): 0.5/1.6 MB
2022.12.20 22:29:28 INFO  Progress (1): 0.5/1.6 MB
2022.12.20 22:29:28 INFO  Progress (1): 0.5/1.6 MB
2022.12.20 22:29:28 INFO  Progress (1): 0.5/1.6 MB
2022.12.20 22:29:28 INFO  Progress (1): 0.5/1.6 MB
2022.12.20 22:29:28 INFO  Progress (1): 0.5/1.6 MB
2022.12.20 22:29:28 INFO  Progress (1): 0.5/1.6 MB
2022.12.20 22:29:28 INFO  Progress (1): 0.5/1.6 MB
2022.12.20 22:29:28 INFO  Progress (1): 0.5/1.6 MB
2022.12.20 22:29:28 INFO  Progress (1): 0.5/1.6 MB
2022.12.20 22:29:28 INFO  Progress (1): 0.6/1.6 MB
2022.12.20 22:29:28 INFO  Progress (1): 0.6/1.6 MB
2022.12.20 22:29:28 INFO  Progress (1): 0.6/1.6 MB
2022.12.20 22:29:28 INFO  Progress (1): 0.6/1.6 MB
2022.12.20 22:29:28 INFO  Progress (1): 0.6/1.6 MB
2022.12.20 22:29:28 INFO  Progress (1): 0.6/1.6 MB
2022.12.20 22:29:28 INFO  Progress (1): 0.6/1.6 MB
2022.12.20 22:29:28 INFO  Progress (1): 0.6/1.6 MB
2022.12.20 22:29:28 INFO  Progress (1): 0.6/1.6 MB
2022.12.20 22:29:28 INFO  Progress (1): 0.6/1.6 MB
2022.12.20 22:29:28 INFO  Progress (1): 0.6/1.6 MB
2022.12.20 22:29:28 INFO  Progress (1): 0.6/1.6 MB
2022.12.20 22:29:28 INFO  Progress (1): 0.7/1.6 MB
2022.12.20 22:29:28 INFO  Progress (1): 0.7/1.6 MB
2022.12.20 22:29:28 INFO  Progress (1): 0.7/1.6 MB
2022.12.20 22:29:28 INFO  Progress (1): 0.7/1.6 MB
2022.12.20 22:29:28 INFO  Progress (1): 0.7/1.6 MB
2022.12.20 22:29:28 INFO  Progress (1): 0.7/1.6 MB
2022.12.20 22:29:28 INFO  Progress (1): 0.7/1.6 MB
2022.12.20 22:29:28 INFO  Progress (1): 0.7/1.6 MB
2022.12.20 22:29:28 INFO  Progress (1): 0.7/1.6 MB
2022.12.20 22:29:28 INFO  Progress (1): 0.7/1.6 MB
2022.12.20 22:29:28 INFO  Progress (1): 0.7/1.6 MB
2022.12.20 22:29:28 INFO  Progress (1): 0.7/1.6 MB
2022.12.20 22:29:28 INFO  Progress (1): 0.8/1.6 MB
2022.12.20 22:29:28 INFO  Progress (1): 0.8/1.6 MB
2022.12.20 22:29:28 INFO  Progress (1): 0.8/1.6 MB
2022.12.20 22:29:28 INFO  Progress (1): 0.8/1.6 MB
2022.12.20 22:29:28 INFO  Progress (1): 0.8/1.6 MB
2022.12.20 22:29:28 INFO  Progress (1): 0.8/1.6 MB
2022.12.20 22:29:28 INFO  Progress (1): 0.8/1.6 MB
2022.12.20 22:29:28 INFO  Progress (1): 0.8/1.6 MB
2022.12.20 22:29:28 INFO  Progress (1): 0.8/1.6 MB
2022.12.20 22:29:28 INFO  Progress (1): 0.8/1.6 MB
2022.12.20 22:29:28 INFO  Progress (1): 0.8/1.6 MB
2022.12.20 22:29:28 INFO  Progress (1): 0.8/1.6 MB
2022.12.20 22:29:28 INFO  Progress (1): 0.9/1.6 MB
2022.12.20 22:29:28 INFO  Progress (1): 0.9/1.6 MB
2022.12.20 22:29:28 INFO  Progress (1): 0.9/1.6 MB
2022.12.20 22:29:28 INFO  Progress (1): 0.9/1.6 MB
2022.12.20 22:29:28 INFO  Progress (1): 0.9/1.6 MB
2022.12.20 22:29:28 INFO  Progress (1): 0.9/1.6 MB
2022.12.20 22:29:28 INFO  Progress (1): 0.9/1.6 MB
2022.12.20 22:29:28 INFO  Progress (1): 0.9/1.6 MB
2022.12.20 22:29:28 INFO  Progress (1): 0.9/1.6 MB
2022.12.20 22:29:28 INFO  Progress (1): 0.9/1.6 MB
2022.12.20 22:29:28 INFO  Progress (1): 0.9/1.6 MB
2022.12.20 22:29:28 INFO  Progress (1): 0.9/1.6 MB
2022.12.20 22:29:28 INFO  Progress (1): 1.0/1.6 MB
2022.12.20 22:29:28 INFO  Progress (1): 1.0/1.6 MB
2022.12.20 22:29:28 INFO  Progress (1): 1.0/1.6 MB
2022.12.20 22:29:28 INFO  Progress (1): 1.0/1.6 MB
2022.12.20 22:29:28 INFO  Progress (1): 1.0/1.6 MB
2022.12.20 22:29:28 INFO  Progress (1): 1.0/1.6 MB
2022.12.20 22:29:28 INFO  Progress (1): 1.0/1.6 MB
2022.12.20 22:29:28 INFO  Progress (1): 1.0/1.6 MB
2022.12.20 22:29:28 INFO  Progress (1): 1.0/1.6 MB
2022.12.20 22:29:28 INFO  Progress (1): 1.0/1.6 MB
2022.12.20 22:29:28 INFO  Progress (1): 1.0/1.6 MB
2022.12.20 22:29:28 INFO  Progress (1): 1.0/1.6 MB
2022.12.20 22:29:28 INFO  Progress (1): 1.1/1.6 MB
2022.12.20 22:29:28 INFO  Progress (1): 1.1/1.6 MB
2022.12.20 22:29:28 INFO  Progress (1): 1.1/1.6 MB
2022.12.20 22:29:28 INFO  Progress (1): 1.1/1.6 MB
2022.12.20 22:29:28 INFO  Progress (1): 1.1/1.6 MB
2022.12.20 22:29:28 INFO  Progress (1): 1.1/1.6 MB
2022.12.20 22:29:28 INFO  Progress (1): 1.1/1.6 MB
2022.12.20 22:29:28 INFO  Progress (1): 1.1/1.6 MB
2022.12.20 22:29:28 INFO  Progress (1): 1.1/1.6 MB
2022.12.20 22:29:28 INFO  Progress (1): 1.1/1.6 MB
2022.12.20 22:29:28 INFO  Progress (1): 1.1/1.6 MB
2022.12.20 22:29:28 INFO  Progress (1): 1.1/1.6 MB
2022.12.20 22:29:28 INFO  Progress (1): 1.2/1.6 MB
2022.12.20 22:29:28 INFO  Progress (1): 1.2/1.6 MB
2022.12.20 22:29:28 INFO  Progress (1): 1.2/1.6 MB
2022.12.20 22:29:28 INFO  Progress (1): 1.2/1.6 MB
2022.12.20 22:29:28 INFO  Progress (1): 1.2/1.6 MB
2022.12.20 22:29:28 INFO  Progress (1): 1.2/1.6 MB
2022.12.20 22:29:28 INFO  Progress (1): 1.2/1.6 MB
2022.12.20 22:29:28 INFO  Progress (1): 1.2/1.6 MB
2022.12.20 22:29:28 INFO  Progress (1): 1.2/1.6 MB
2022.12.20 22:29:28 INFO  Progress (1): 1.2/1.6 MB
2022.12.20 22:29:28 INFO  Progress (1): 1.2/1.6 MB
2022.12.20 22:29:28 INFO  Progress (1): 1.2/1.6 MB
2022.12.20 22:29:28 INFO  Progress (1): 1.3/1.6 MB
2022.12.20 22:29:28 INFO  Progress (1): 1.3/1.6 MB
2022.12.20 22:29:28 INFO  Progress (1): 1.3/1.6 MB
2022.12.20 22:29:28 INFO  Progress (1): 1.3/1.6 MB
2022.12.20 22:29:28 INFO  Progress (1): 1.3/1.6 MB
2022.12.20 22:29:28 INFO  Progress (1): 1.3/1.6 MB
2022.12.20 22:29:28 INFO  Progress (1): 1.3/1.6 MB
2022.12.20 22:29:28 INFO  Progress (1): 1.3/1.6 MB
2022.12.20 22:29:28 INFO  Progress (1): 1.3/1.6 MB
2022.12.20 22:29:28 INFO  Progress (1): 1.3/1.6 MB
2022.12.20 22:29:28 INFO  Progress (1): 1.3/1.6 MB
2022.12.20 22:29:28 INFO  Progress (1): 1.3/1.6 MB
2022.12.20 22:29:28 INFO  Progress (1): 1.3/1.6 MB
2022.12.20 22:29:28 INFO  Progress (1): 1.4/1.6 MB
2022.12.20 22:29:28 INFO  Progress (1): 1.4/1.6 MB
2022.12.20 22:29:28 INFO  Progress (1): 1.4/1.6 MB
2022.12.20 22:29:28 INFO  Progress (1): 1.4/1.6 MB
2022.12.20 22:29:28 INFO  Progress (1): 1.4/1.6 MB
2022.12.20 22:29:28 INFO  Progress (1): 1.4/1.6 MB
2022.12.20 22:29:28 INFO  Progress (1): 1.4/1.6 MB
2022.12.20 22:29:28 INFO  Progress (1): 1.4/1.6 MB
2022.12.20 22:29:28 INFO  Progress (1): 1.4/1.6 MB
2022.12.20 22:29:28 INFO  Progress (1): 1.4/1.6 MB
2022.12.20 22:29:28 INFO  Progress (1): 1.4/1.6 MB
2022.12.20 22:29:28 INFO  Progress (1): 1.4/1.6 MB
2022.12.20 22:29:28 INFO  Progress (1): 1.5/1.6 MB
2022.12.20 22:29:28 INFO  Progress (1): 1.5/1.6 MB
2022.12.20 22:29:28 INFO  Progress (1): 1.5/1.6 MB
2022.12.20 22:29:28 INFO  Progress (1): 1.5/1.6 MB
2022.12.20 22:29:28 INFO  Progress (1): 1.5/1.6 MB
2022.12.20 22:29:28 INFO  Progress (1): 1.5/1.6 MB
2022.12.20 22:29:28 INFO  Progress (1): 1.5/1.6 MB
2022.12.20 22:29:28 INFO  Progress (1): 1.5/1.6 MB
2022.12.20 22:29:28 INFO  Progress (1): 1.5/1.6 MB
2022.12.20 22:29:28 INFO  Progress (1): 1.5/1.6 MB
2022.12.20 22:29:28 INFO  Progress (1): 1.5/1.6 MB
2022.12.20 22:29:28 INFO  Progress (1): 1.5/1.6 MB
2022.12.20 22:29:28 INFO  Progress (1): 1.6 MB    
2022.12.20 22:29:28 INFO                      
2022.12.20 22:29:28 INFO  Downloaded from central: https://repo.maven.apache.org/maven2/org/checkerframework/checker-compat-qual/2.0.0/checker-compat-qual-2.0.0-sources.jar (1.6 MB at 3.6 MB/s)
2022.12.20 22:29:28 INFO  [INFO] SUCCESS: org.checkerframework:checker-compat-qual:jar:2.0.0:compile (sources = true)
2022.12.20 22:29:28 INFO  [INFO] Resolving artifact: commons-digester:commons-digester:jar:1.8:compile (sources = false)
2022.12.20 22:29:28 INFO  [INFO] SUCCESS: commons-digester:commons-digester:jar:1.8:compile (sources = false)
2022.12.20 22:29:28 INFO  [INFO] Resolving artifact: commons-digester:commons-digester:jar:1.8:compile (sources = true)
2022.12.20 22:29:28 INFO  Downloading from central: https://repo.maven.apache.org/maven2/commons-digester/commons-digester/1.8/commons-digester-1.8-sources.jar
2022.12.20 22:29:28 INFO  Progress (1): 4.1/204 kB
2022.12.20 22:29:28 INFO  Progress (1): 8.2/204 kB
2022.12.20 22:29:28 INFO  Progress (1): 12/204 kB 
2022.12.20 22:29:28 INFO  Progress (1): 16/204 kB
2022.12.20 22:29:28 INFO  Progress (1): 20/204 kB
2022.12.20 22:29:28 INFO  Progress (1): 24/204 kB
2022.12.20 22:29:28 INFO  Progress (1): 28/204 kB
2022.12.20 22:29:28 INFO  Progress (1): 32/204 kB
2022.12.20 22:29:28 INFO  Progress (1): 36/204 kB
2022.12.20 22:29:28 INFO  Progress (1): 40/204 kB
2022.12.20 22:29:28 INFO  Progress (1): 45/204 kB
2022.12.20 22:29:28 INFO  Progress (1): 49/204 kB
2022.12.20 22:29:28 INFO  Progress (1): 53/204 kB
2022.12.20 22:29:28 INFO  Progress (1): 57/204 kB
2022.12.20 22:29:28 INFO  Progress (1): 61/204 kB
2022.12.20 22:29:28 INFO  Progress (1): 65/204 kB
2022.12.20 22:29:28 INFO  Progress (1): 69/204 kB
2022.12.20 22:29:28 INFO  Progress (1): 73/204 kB
2022.12.20 22:29:28 INFO  Progress (1): 77/204 kB
2022.12.20 22:29:28 INFO  Progress (1): 81/204 kB
2022.12.20 22:29:28 INFO  Progress (1): 85/204 kB
2022.12.20 22:29:28 INFO  Progress (1): 90/204 kB
2022.12.20 22:29:28 INFO  Progress (1): 94/204 kB
2022.12.20 22:29:28 INFO  Progress (1): 98/204 kB
2022.12.20 22:29:28 INFO  Progress (1): 102/204 kB
2022.12.20 22:29:28 INFO  Progress (1): 106/204 kB
2022.12.20 22:29:28 INFO  Progress (1): 110/204 kB
2022.12.20 22:29:28 INFO  Progress (1): 114/204 kB
2022.12.20 22:29:28 INFO  Progress (1): 118/204 kB
2022.12.20 22:29:28 INFO  Progress (1): 122/204 kB
2022.12.20 22:29:28 INFO  Progress (1): 126/204 kB
2022.12.20 22:29:28 INFO  Progress (1): 131/204 kB
2022.12.20 22:29:28 INFO  Progress (1): 135/204 kB
2022.12.20 22:29:28 INFO  Progress (1): 139/204 kB
2022.12.20 22:29:28 INFO  Progress (1): 143/204 kB
2022.12.20 22:29:28 INFO  Progress (1): 147/204 kB
2022.12.20 22:29:28 INFO  Progress (1): 151/204 kB
2022.12.20 22:29:28 INFO  Progress (1): 155/204 kB
2022.12.20 22:29:28 INFO  Progress (1): 159/204 kB
2022.12.20 22:29:28 INFO  Progress (1): 163/204 kB
2022.12.20 22:29:28 INFO  Progress (1): 167/204 kB
2022.12.20 22:29:28 INFO  Progress (1): 171/204 kB
2022.12.20 22:29:28 INFO  Progress (1): 176/204 kB
2022.12.20 22:29:28 INFO  Progress (1): 180/204 kB
2022.12.20 22:29:28 INFO  Progress (1): 184/204 kB
2022.12.20 22:29:28 INFO  Progress (1): 188/204 kB
2022.12.20 22:29:28 INFO  Progress (1): 192/204 kB
2022.12.20 22:29:28 INFO  Progress (1): 196/204 kB
2022.12.20 22:29:28 INFO  Progress (1): 200/204 kB
2022.12.20 22:29:28 INFO  Progress (1): 204 kB    
2022.12.20 22:29:28 INFO                      
2022.12.20 22:29:28 INFO  Downloaded from central: https://repo.maven.apache.org/maven2/commons-digester/commons-digester/1.8/commons-digester-1.8-sources.jar (204 kB at 674 kB/s)
2022.12.20 22:29:28 INFO  [INFO] SUCCESS: commons-digester:commons-digester:jar:1.8:compile (sources = true)
2022.12.20 22:29:28 INFO  [INFO] Resolving artifact: org.seleniumhq.selenium:selenium-ie-driver:jar:3.141.59:compile (sources = false)
2022.12.20 22:29:28 INFO  [INFO] SUCCESS: org.seleniumhq.selenium:selenium-ie-driver:jar:3.141.59:compile (sources = false)
2022.12.20 22:29:28 INFO  [INFO] Resolving artifact: org.seleniumhq.selenium:selenium-ie-driver:jar:3.141.59:compile (sources = true)
2022.12.20 22:29:28 INFO  Downloading from central: https://repo.maven.apache.org/maven2/org/seleniumhq/selenium/selenium-ie-driver/3.141.59/selenium-ie-driver-3.141.59-sources.jar
2022.12.20 22:29:28 INFO  Progress (1): 4.1/12 kB
2022.12.20 22:29:28 INFO  Progress (1): 8.2/12 kB
2022.12.20 22:29:28 INFO  Progress (1): 12 kB    
2022.12.20 22:29:28 INFO                     
2022.12.20 22:29:28 INFO  Downloaded from central: https://repo.maven.apache.org/maven2/org/seleniumhq/selenium/selenium-ie-driver/3.141.59/selenium-ie-driver-3.141.59-sources.jar (12 kB at 38 kB/s)
2022.12.20 22:29:28 INFO  [INFO] SUCCESS: org.seleniumhq.selenium:selenium-ie-driver:jar:3.141.59:compile (sources = true)
2022.12.20 22:29:28 INFO  [INFO] Resolving artifact: commons-beanutils:commons-beanutils:jar:1.7.0:compile (sources = false)
2022.12.20 22:29:28 INFO  [INFO] SUCCESS: commons-beanutils:commons-beanutils:jar:1.7.0:compile (sources = false)
2022.12.20 22:29:28 INFO  [INFO] Resolving artifact: commons-beanutils:commons-beanutils:jar:1.7.0:compile (sources = true)
2022.12.20 22:29:28 INFO  Downloading from central: https://repo.maven.apache.org/maven2/commons-beanutils/commons-beanutils/1.7.0/commons-beanutils-1.7.0-sources.jar
2022.12.20 22:29:29 INFO  Progress (1): 4.1/195 kB
2022.12.20 22:29:29 INFO  Progress (1): 8.2/195 kB
2022.12.20 22:29:29 INFO  Progress (1): 12/195 kB 
2022.12.20 22:29:29 INFO  Progress (1): 16/195 kB
2022.12.20 22:29:29 INFO  Progress (1): 20/195 kB
2022.12.20 22:29:29 INFO  Progress (1): 24/195 kB
2022.12.20 22:29:29 INFO  Progress (1): 28/195 kB
2022.12.20 22:29:29 INFO  Progress (1): 32/195 kB
2022.12.20 22:29:29 INFO  Progress (1): 36/195 kB
2022.12.20 22:29:29 INFO  Progress (1): 40/195 kB
2022.12.20 22:29:29 INFO  Progress (1): 45/195 kB
2022.12.20 22:29:29 INFO  Progress (1): 49/195 kB
2022.12.20 22:29:29 INFO  Progress (1): 53/195 kB
2022.12.20 22:29:29 INFO  Progress (1): 57/195 kB
2022.12.20 22:29:29 INFO  Progress (1): 61/195 kB
2022.12.20 22:29:29 INFO  Progress (1): 65/195 kB
2022.12.20 22:29:29 INFO  Progress (1): 69/195 kB
2022.12.20 22:29:29 INFO  Progress (1): 73/195 kB
2022.12.20 22:29:29 INFO  Progress (1): 77/195 kB
2022.12.20 22:29:29 INFO  Progress (1): 81/195 kB
2022.12.20 22:29:29 INFO  Progress (1): 85/195 kB
2022.12.20 22:29:29 INFO  Progress (1): 90/195 kB
2022.12.20 22:29:29 INFO  Progress (1): 94/195 kB
2022.12.20 22:29:29 INFO  Progress (1): 98/195 kB
2022.12.20 22:29:29 INFO  Progress (1): 102/195 kB
2022.12.20 22:29:29 INFO  Progress (1): 106/195 kB
2022.12.20 22:29:29 INFO  Progress (1): 110/195 kB
2022.12.20 22:29:29 INFO  Progress (1): 114/195 kB
2022.12.20 22:29:29 INFO  Progress (1): 118/195 kB
2022.12.20 22:29:29 INFO  Progress (1): 122/195 kB
2022.12.20 22:29:29 INFO  Progress (1): 126/195 kB
2022.12.20 22:29:29 INFO  Progress (1): 131/195 kB
2022.12.20 22:29:29 INFO  Progress (1): 135/195 kB
2022.12.20 22:29:29 INFO  Progress (1): 139/195 kB
2022.12.20 22:29:29 INFO  Progress (1): 143/195 kB
2022.12.20 22:29:29 INFO  Progress (1): 147/195 kB
2022.12.20 22:29:29 INFO  Progress (1): 151/195 kB
2022.12.20 22:29:29 INFO  Progress (1): 155/195 kB
2022.12.20 22:29:29 INFO  Progress (1): 159/195 kB
2022.12.20 22:29:29 INFO  Progress (1): 163/195 kB
2022.12.20 22:29:29 INFO  Progress (1): 167/195 kB
2022.12.20 22:29:29 INFO  Progress (1): 171/195 kB
2022.12.20 22:29:29 INFO  Progress (1): 176/195 kB
2022.12.20 22:29:29 INFO  Progress (1): 180/195 kB
2022.12.20 22:29:29 INFO  Progress (1): 184/195 kB
2022.12.20 22:29:29 INFO  Progress (1): 188/195 kB
2022.12.20 22:29:29 INFO  Progress (1): 192/195 kB
2022.12.20 22:29:29 INFO  Progress (1): 195 kB    
2022.12.20 22:29:29 INFO                      
2022.12.20 22:29:29 INFO  Downloaded from central: https://repo.maven.apache.org/maven2/commons-beanutils/commons-beanutils/1.7.0/commons-beanutils-1.7.0-sources.jar (195 kB at 669 kB/s)
2022.12.20 22:29:29 INFO  [INFO] SUCCESS: commons-beanutils:commons-beanutils:jar:1.7.0:compile (sources = true)
2022.12.20 22:29:29 INFO  [INFO] Resolving artifact: com.google.j2objc:j2objc-annotations:jar:1.1:compile (sources = false)
2022.12.20 22:29:29 INFO  [INFO] SUCCESS: com.google.j2objc:j2objc-annotations:jar:1.1:compile (sources = false)
2022.12.20 22:29:29 INFO  [INFO] Resolving artifact: com.google.j2objc:j2objc-annotations:jar:1.1:compile (sources = true)
2022.12.20 22:29:29 INFO  Downloading from central: https://repo.maven.apache.org/maven2/com/google/j2objc/j2objc-annotations/1.1/j2objc-annotations-1.1-sources.jar
2022.12.20 22:29:29 INFO  Progress (1): 4.1/10 kB
2022.12.20 22:29:29 INFO  Progress (1): 8.2/10 kB
2022.12.20 22:29:29 INFO  Progress (1): 10 kB    
2022.12.20 22:29:29 INFO                     
2022.12.20 22:29:29 INFO  Downloaded from central: https://repo.maven.apache.org/maven2/com/google/j2objc/j2objc-annotations/1.1/j2objc-annotations-1.1-sources.jar (10 kB at 33 kB/s)
2022.12.20 22:29:29 INFO  [INFO] SUCCESS: com.google.j2objc:j2objc-annotations:jar:1.1:compile (sources = true)
2022.12.20 22:29:29 INFO  [INFO] Resolving artifact: org.apache.commons:commons-compress:jar:1.18:compile (sources = false)
2022.12.20 22:29:29 INFO  [INFO] SUCCESS: org.apache.commons:commons-compress:jar:1.18:compile (sources = false)
2022.12.20 22:29:29 INFO  [INFO] Resolving artifact: org.apache.commons:commons-compress:jar:1.18:compile (sources = true)
2022.12.20 22:29:29 INFO  Downloading from central: https://repo.maven.apache.org/maven2/org/apache/commons/commons-compress/1.18/commons-compress-1.18-sources.jar
2022.12.20 22:29:29 INFO  Progress (1): 4.1/542 kB
2022.12.20 22:29:29 INFO  Progress (1): 8.2/542 kB
2022.12.20 22:29:29 INFO  Progress (1): 12/542 kB 
2022.12.20 22:29:29 INFO  Progress (1): 16/542 kB
2022.12.20 22:29:29 INFO  Progress (1): 20/542 kB
2022.12.20 22:29:29 INFO  Progress (1): 24/542 kB
2022.12.20 22:29:29 INFO  Progress (1): 28/542 kB
2022.12.20 22:29:29 INFO  Progress (1): 32/542 kB
2022.12.20 22:29:29 INFO  Progress (1): 36/542 kB
2022.12.20 22:29:29 INFO  Progress (1): 40/542 kB
2022.12.20 22:29:29 INFO  Progress (1): 45/542 kB
2022.12.20 22:29:29 INFO  Progress (1): 49/542 kB
2022.12.20 22:29:29 INFO  Progress (1): 53/542 kB
2022.12.20 22:29:29 INFO  Progress (1): 57/542 kB
2022.12.20 22:29:29 INFO  Progress (1): 61/542 kB
2022.12.20 22:29:29 INFO  Progress (1): 65/542 kB
2022.12.20 22:29:29 INFO  Progress (1): 69/542 kB
2022.12.20 22:29:29 INFO  Progress (1): 73/542 kB
2022.12.20 22:29:29 INFO  Progress (1): 77/542 kB
2022.12.20 22:29:29 INFO  Progress (1): 81/542 kB
2022.12.20 22:29:29 INFO  Progress (1): 85/542 kB
2022.12.20 22:29:29 INFO  Progress (1): 90/542 kB
2022.12.20 22:29:29 INFO  Progress (1): 94/542 kB
2022.12.20 22:29:29 INFO  Progress (1): 98/542 kB
2022.12.20 22:29:29 INFO  Progress (1): 102/542 kB
2022.12.20 22:29:29 INFO  Progress (1): 106/542 kB
2022.12.20 22:29:29 INFO  Progress (1): 110/542 kB
2022.12.20 22:29:29 INFO  Progress (1): 114/542 kB
2022.12.20 22:29:29 INFO  Progress (1): 118/542 kB
2022.12.20 22:29:29 INFO  Progress (1): 122/542 kB
2022.12.20 22:29:29 INFO  Progress (1): 126/542 kB
2022.12.20 22:29:29 INFO  Progress (1): 131/542 kB
2022.12.20 22:29:29 INFO  Progress (1): 135/542 kB
2022.12.20 22:29:29 INFO  Progress (1): 139/542 kB
2022.12.20 22:29:29 INFO  Progress (1): 143/542 kB
2022.12.20 22:29:29 INFO  Progress (1): 147/542 kB
2022.12.20 22:29:29 INFO  Progress (1): 151/542 kB
2022.12.20 22:29:29 INFO  Progress (1): 155/542 kB
2022.12.20 22:29:29 INFO  Progress (1): 159/542 kB
2022.12.20 22:29:29 INFO  Progress (1): 163/542 kB
2022.12.20 22:29:29 INFO  Progress (1): 167/542 kB
2022.12.20 22:29:29 INFO  Progress (1): 171/542 kB
2022.12.20 22:29:29 INFO  Progress (1): 176/542 kB
2022.12.20 22:29:29 INFO  Progress (1): 180/542 kB
2022.12.20 22:29:29 INFO  Progress (1): 184/542 kB
2022.12.20 22:29:29 INFO  Progress (1): 188/542 kB
2022.12.20 22:29:29 INFO  Progress (1): 192/542 kB
2022.12.20 22:29:29 INFO  Progress (1): 196/542 kB
2022.12.20 22:29:29 INFO  Progress (1): 200/542 kB
2022.12.20 22:29:29 INFO  Progress (1): 204/542 kB
2022.12.20 22:29:29 INFO  Progress (1): 208/542 kB
2022.12.20 22:29:29 INFO  Progress (1): 212/542 kB
2022.12.20 22:29:29 INFO  Progress (1): 217/542 kB
2022.12.20 22:29:29 INFO  Progress (1): 221/542 kB
2022.12.20 22:29:29 INFO  Progress (1): 225/542 kB
2022.12.20 22:29:29 INFO  Progress (1): 229/542 kB
2022.12.20 22:29:29 INFO  Progress (1): 233/542 kB
2022.12.20 22:29:29 INFO  Progress (1): 237/542 kB
2022.12.20 22:29:29 INFO  Progress (1): 241/542 kB
2022.12.20 22:29:29 INFO  Progress (1): 245/542 kB
2022.12.20 22:29:29 INFO  Progress (1): 249/542 kB
2022.12.20 22:29:29 INFO  Progress (1): 253/542 kB
2022.12.20 22:29:29 INFO  Progress (1): 258/542 kB
2022.12.20 22:29:29 INFO  Progress (1): 262/542 kB
2022.12.20 22:29:29 INFO  Progress (1): 266/542 kB
2022.12.20 22:29:29 INFO  Progress (1): 270/542 kB
2022.12.20 22:29:29 INFO  Progress (1): 274/542 kB
2022.12.20 22:29:29 INFO  Progress (1): 278/542 kB
2022.12.20 22:29:29 INFO  Progress (1): 282/542 kB
2022.12.20 22:29:29 INFO  Progress (1): 286/542 kB
2022.12.20 22:29:29 INFO  Progress (1): 290/542 kB
2022.12.20 22:29:29 INFO  Progress (1): 294/542 kB
2022.12.20 22:29:29 INFO  Progress (1): 298/542 kB
2022.12.20 22:29:29 INFO  Progress (1): 303/542 kB
2022.12.20 22:29:29 INFO  Progress (1): 307/542 kB
2022.12.20 22:29:29 INFO  Progress (1): 311/542 kB
2022.12.20 22:29:29 INFO  Progress (1): 315/542 kB
2022.12.20 22:29:29 INFO  Progress (1): 319/542 kB
2022.12.20 22:29:29 INFO  Progress (1): 323/542 kB
2022.12.20 22:29:29 INFO  Progress (1): 327/542 kB
2022.12.20 22:29:29 INFO  Progress (1): 331/542 kB
2022.12.20 22:29:29 INFO  Progress (1): 335/542 kB
2022.12.20 22:29:29 INFO  Progress (1): 339/542 kB
2022.12.20 22:29:29 INFO  Progress (1): 344/542 kB
2022.12.20 22:29:29 INFO  Progress (1): 348/542 kB
2022.12.20 22:29:29 INFO  Progress (1): 352/542 kB
2022.12.20 22:29:29 INFO  Progress (1): 356/542 kB
2022.12.20 22:29:29 INFO  Progress (1): 360/542 kB
2022.12.20 22:29:29 INFO  Progress (1): 364/542 kB
2022.12.20 22:29:29 INFO  Progress (1): 368/542 kB
2022.12.20 22:29:29 INFO  Progress (1): 372/542 kB
2022.12.20 22:29:29 INFO  Progress (1): 376/542 kB
2022.12.20 22:29:29 INFO  Progress (1): 380/542 kB
2022.12.20 22:29:29 INFO  Progress (1): 384/542 kB
2022.12.20 22:29:29 INFO  Progress (1): 389/542 kB
2022.12.20 22:29:29 INFO  Progress (1): 393/542 kB
2022.12.20 22:29:29 INFO  Progress (1): 397/542 kB
2022.12.20 22:29:29 INFO  Progress (1): 401/542 kB
2022.12.20 22:29:29 INFO  Progress (1): 405/542 kB
2022.12.20 22:29:29 INFO  Progress (1): 409/542 kB
2022.12.20 22:29:29 INFO  Progress (1): 413/542 kB
2022.12.20 22:29:29 INFO  Progress (1): 417/542 kB
2022.12.20 22:29:29 INFO  Progress (1): 421/542 kB
2022.12.20 22:29:29 INFO  Progress (1): 425/542 kB
2022.12.20 22:29:29 INFO  Progress (1): 430/542 kB
2022.12.20 22:29:29 INFO  Progress (1): 434/542 kB
2022.12.20 22:29:29 INFO  Progress (1): 438/542 kB
2022.12.20 22:29:29 INFO  Progress (1): 442/542 kB
2022.12.20 22:29:29 INFO  Progress (1): 446/542 kB
2022.12.20 22:29:29 INFO  Progress (1): 450/542 kB
2022.12.20 22:29:29 INFO  Progress (1): 454/542 kB
2022.12.20 22:29:29 INFO  Progress (1): 458/542 kB
2022.12.20 22:29:29 INFO  Progress (1): 462/542 kB
2022.12.20 22:29:29 INFO  Progress (1): 466/542 kB
2022.12.20 22:29:29 INFO  Progress (1): 470/542 kB
2022.12.20 22:29:29 INFO  Progress (1): 475/542 kB
2022.12.20 22:29:29 INFO  Progress (1): 479/542 kB
2022.12.20 22:29:29 INFO  Progress (1): 483/542 kB
2022.12.20 22:29:29 INFO  Progress (1): 487/542 kB
2022.12.20 22:29:29 INFO  Progress (1): 491/542 kB
2022.12.20 22:29:29 INFO  Progress (1): 495/542 kB
2022.12.20 22:29:29 INFO  Progress (1): 499/542 kB
2022.12.20 22:29:29 INFO  Progress (1): 503/542 kB
2022.12.20 22:29:29 INFO  Progress (1): 507/542 kB
2022.12.20 22:29:29 INFO  Progress (1): 511/542 kB
2022.12.20 22:29:29 INFO  Progress (1): 516/542 kB
2022.12.20 22:29:29 INFO  Progress (1): 520/542 kB
2022.12.20 22:29:29 INFO  Progress (1): 524/542 kB
2022.12.20 22:29:29 INFO  Progress (1): 528/542 kB
2022.12.20 22:29:29 INFO  Progress (1): 532/542 kB
2022.12.20 22:29:29 INFO  Progress (1): 536/542 kB
2022.12.20 22:29:29 INFO  Progress (1): 540/542 kB
2022.12.20 22:29:29 INFO  Progress (1): 542 kB    
2022.12.20 22:29:29 INFO                      
2022.12.20 22:29:29 INFO  Downloaded from central: https://repo.maven.apache.org/maven2/org/apache/commons/commons-compress/1.18/commons-compress-1.18-sources.jar (542 kB at 1.7 MB/s)
2022.12.20 22:29:29 INFO  [INFO] SUCCESS: org.apache.commons:commons-compress:jar:1.18:compile (sources = true)
2022.12.20 22:29:29 INFO  [INFO] Resolving artifact: commons-collections:commons-collections:jar:3.2.1:compile (sources = false)
2022.12.20 22:29:29 INFO  [INFO] SUCCESS: commons-collections:commons-collections:jar:3.2.1:compile (sources = false)
2022.12.20 22:29:29 INFO  [INFO] Resolving artifact: commons-collections:commons-collections:jar:3.2.1:compile (sources = true)
2022.12.20 22:29:29 INFO  Downloading from central: https://repo.maven.apache.org/maven2/commons-collections/commons-collections/3.2.1/commons-collections-3.2.1-sources.jar
2022.12.20 22:29:29 INFO  Progress (1): 4.1/642 kB
2022.12.20 22:29:29 INFO  Progress (1): 8.2/642 kB
2022.12.20 22:29:29 INFO  Progress (1): 12/642 kB 
2022.12.20 22:29:29 INFO  Progress (1): 16/642 kB
2022.12.20 22:29:29 INFO  Progress (1): 20/642 kB
2022.12.20 22:29:29 INFO  Progress (1): 25/642 kB
2022.12.20 22:29:29 INFO  Progress (1): 29/642 kB
2022.12.20 22:29:29 INFO  Progress (1): 33/642 kB
2022.12.20 22:29:29 INFO  Progress (1): 37/642 kB
2022.12.20 22:29:29 INFO  Progress (1): 41/642 kB
2022.12.20 22:29:29 INFO  Progress (1): 45/642 kB
2022.12.20 22:29:29 INFO  Progress (1): 49/642 kB
2022.12.20 22:29:29 INFO  Progress (1): 53/642 kB
2022.12.20 22:29:29 INFO  Progress (1): 57/642 kB
2022.12.20 22:29:29 INFO  Progress (1): 61/642 kB
2022.12.20 22:29:29 INFO  Progress (1): 65/642 kB
2022.12.20 22:29:29 INFO  Progress (1): 69/642 kB
2022.12.20 22:29:29 INFO  Progress (1): 73/642 kB
2022.12.20 22:29:29 INFO  Progress (1): 78/642 kB
2022.12.20 22:29:29 INFO  Progress (1): 82/642 kB
2022.12.20 22:29:29 INFO  Progress (1): 86/642 kB
2022.12.20 22:29:29 INFO  Progress (1): 90/642 kB
2022.12.20 22:29:29 INFO  Progress (1): 94/642 kB
2022.12.20 22:29:29 INFO  Progress (1): 98/642 kB
2022.12.20 22:29:29 INFO  Progress (1): 102/642 kB
2022.12.20 22:29:29 INFO  Progress (1): 106/642 kB
2022.12.20 22:29:29 INFO  Progress (1): 110/642 kB
2022.12.20 22:29:29 INFO  Progress (1): 114/642 kB
2022.12.20 22:29:29 INFO  Progress (1): 118/642 kB
2022.12.20 22:29:29 INFO  Progress (1): 123/642 kB
2022.12.20 22:29:29 INFO  Progress (1): 127/642 kB
2022.12.20 22:29:29 INFO  Progress (1): 131/642 kB
2022.12.20 22:29:29 INFO  Progress (1): 135/642 kB
2022.12.20 22:29:29 INFO  Progress (1): 139/642 kB
2022.12.20 22:29:29 INFO  Progress (1): 143/642 kB
2022.12.20 22:29:29 INFO  Progress (1): 147/642 kB
2022.12.20 22:29:29 INFO  Progress (1): 151/642 kB
2022.12.20 22:29:29 INFO  Progress (1): 155/642 kB
2022.12.20 22:29:29 INFO  Progress (1): 159/642 kB
2022.12.20 22:29:29 INFO  Progress (1): 164/642 kB
2022.12.20 22:29:29 INFO  Progress (1): 168/642 kB
2022.12.20 22:29:29 INFO  Progress (1): 172/642 kB
2022.12.20 22:29:29 INFO  Progress (1): 176/642 kB
2022.12.20 22:29:29 INFO  Progress (1): 180/642 kB
2022.12.20 22:29:29 INFO  Progress (1): 184/642 kB
2022.12.20 22:29:29 INFO  Progress (1): 188/642 kB
2022.12.20 22:29:29 INFO  Progress (1): 192/642 kB
2022.12.20 22:29:29 INFO  Progress (1): 196/642 kB
2022.12.20 22:29:29 INFO  Progress (1): 200/642 kB
2022.12.20 22:29:29 INFO  Progress (1): 204/642 kB
2022.12.20 22:29:29 INFO  Progress (1): 209/642 kB
2022.12.20 22:29:29 INFO  Progress (1): 213/642 kB
2022.12.20 22:29:29 INFO  Progress (1): 217/642 kB
2022.12.20 22:29:29 INFO  Progress (1): 221/642 kB
2022.12.20 22:29:29 INFO  Progress (1): 225/642 kB
2022.12.20 22:29:29 INFO  Progress (1): 229/642 kB
2022.12.20 22:29:29 INFO  Progress (1): 233/642 kB
2022.12.20 22:29:29 INFO  Progress (1): 237/642 kB
2022.12.20 22:29:29 INFO  Progress (1): 241/642 kB
2022.12.20 22:29:29 INFO  Progress (1): 245/642 kB
2022.12.20 22:29:29 INFO  Progress (1): 250/642 kB
2022.12.20 22:29:29 INFO  Progress (1): 254/642 kB
2022.12.20 22:29:29 INFO  Progress (1): 258/642 kB
2022.12.20 22:29:29 INFO  Progress (1): 262/642 kB
2022.12.20 22:29:29 INFO  Progress (1): 266/642 kB
2022.12.20 22:29:29 INFO  Progress (1): 270/642 kB
2022.12.20 22:29:29 INFO  Progress (1): 274/642 kB
2022.12.20 22:29:29 INFO  Progress (1): 278/642 kB
2022.12.20 22:29:29 INFO  Progress (1): 282/642 kB
2022.12.20 22:29:29 INFO  Progress (1): 286/642 kB
2022.12.20 22:29:29 INFO  Progress (1): 290/642 kB
2022.12.20 22:29:29 INFO  Progress (1): 295/642 kB
2022.12.20 22:29:29 INFO  Progress (1): 299/642 kB
2022.12.20 22:29:29 INFO  Progress (1): 303/642 kB
2022.12.20 22:29:29 INFO  Progress (1): 307/642 kB
2022.12.20 22:29:29 INFO  Progress (1): 311/642 kB
2022.12.20 22:29:29 INFO  Progress (1): 315/642 kB
2022.12.20 22:29:29 INFO  Progress (1): 319/642 kB
2022.12.20 22:29:29 INFO  Progress (1): 323/642 kB
2022.12.20 22:29:29 INFO  Progress (1): 327/642 kB
2022.12.20 22:29:29 INFO  Progress (1): 331/642 kB
2022.12.20 22:29:29 INFO  Progress (1): 336/642 kB
2022.12.20 22:29:29 INFO  Progress (1): 340/642 kB
2022.12.20 22:29:29 INFO  Progress (1): 344/642 kB
2022.12.20 22:29:29 INFO  Progress (1): 348/642 kB
2022.12.20 22:29:29 INFO  Progress (1): 352/642 kB
2022.12.20 22:29:29 INFO  Progress (1): 356/642 kB
2022.12.20 22:29:29 INFO  Progress (1): 360/642 kB
2022.12.20 22:29:29 INFO  Progress (1): 364/642 kB
2022.12.20 22:29:29 INFO  Progress (1): 368/642 kB
2022.12.20 22:29:29 INFO  Progress (1): 372/642 kB
2022.12.20 22:29:29 INFO  Progress (1): 377/642 kB
2022.12.20 22:29:29 INFO  Progress (1): 381/642 kB
2022.12.20 22:29:29 INFO  Progress (1): 385/642 kB
2022.12.20 22:29:29 INFO  Progress (1): 389/642 kB
2022.12.20 22:29:29 INFO  Progress (1): 393/642 kB
2022.12.20 22:29:29 INFO  Progress (1): 397/642 kB
2022.12.20 22:29:29 INFO  Progress (1): 401/642 kB
2022.12.20 22:29:29 INFO  Progress (1): 405/642 kB
2022.12.20 22:29:29 INFO  Progress (1): 409/642 kB
2022.12.20 22:29:29 INFO  Progress (1): 413/642 kB
2022.12.20 22:29:29 INFO  Progress (1): 417/642 kB
2022.12.20 22:29:29 INFO  Progress (1): 422/642 kB
2022.12.20 22:29:29 INFO  Progress (1): 426/642 kB
2022.12.20 22:29:29 INFO  Progress (1): 430/642 kB
2022.12.20 22:29:29 INFO  Progress (1): 434/642 kB
2022.12.20 22:29:29 INFO  Progress (1): 438/642 kB
2022.12.20 22:29:29 INFO  Progress (1): 442/642 kB
2022.12.20 22:29:29 INFO  Progress (1): 446/642 kB
2022.12.20 22:29:29 INFO  Progress (1): 450/642 kB
2022.12.20 22:29:29 INFO  Progress (1): 454/642 kB
2022.12.20 22:29:29 INFO  Progress (1): 458/642 kB
2022.12.20 22:29:29 INFO  Progress (1): 463/642 kB
2022.12.20 22:29:29 INFO  Progress (1): 467/642 kB
2022.12.20 22:29:29 INFO  Progress (1): 471/642 kB
2022.12.20 22:29:29 INFO  Progress (1): 475/642 kB
2022.12.20 22:29:29 INFO  Progress (1): 479/642 kB
2022.12.20 22:29:29 INFO  Progress (1): 483/642 kB
2022.12.20 22:29:29 INFO  Progress (1): 487/642 kB
2022.12.20 22:29:29 INFO  Progress (1): 491/642 kB
2022.12.20 22:29:29 INFO  Progress (1): 495/642 kB
2022.12.20 22:29:29 INFO  Progress (1): 499/642 kB
2022.12.20 22:29:29 INFO  Progress (1): 503/642 kB
2022.12.20 22:29:29 INFO  Progress (1): 508/642 kB
2022.12.20 22:29:29 INFO  Progress (1): 512/642 kB
2022.12.20 22:29:29 INFO  Progress (1): 516/642 kB
2022.12.20 22:29:29 INFO  Progress (1): 520/642 kB
2022.12.20 22:29:29 INFO  Progress (1): 524/642 kB
2022.12.20 22:29:29 INFO  Progress (1): 528/642 kB
2022.12.20 22:29:29 INFO  Progress (1): 532/642 kB
2022.12.20 22:29:29 INFO  Progress (1): 536/642 kB
2022.12.20 22:29:29 INFO  Progress (1): 540/642 kB
2022.12.20 22:29:29 INFO  Progress (1): 544/642 kB
2022.12.20 22:29:29 INFO  Progress (1): 549/642 kB
2022.12.20 22:29:29 INFO  Progress (1): 553/642 kB
2022.12.20 22:29:29 INFO  Progress (1): 557/642 kB
2022.12.20 22:29:29 INFO  Progress (1): 561/642 kB
2022.12.20 22:29:29 INFO  Progress (1): 565/642 kB
2022.12.20 22:29:29 INFO  Progress (1): 569/642 kB
2022.12.20 22:29:29 INFO  Progress (1): 573/642 kB
2022.12.20 22:29:29 INFO  Progress (1): 577/642 kB
2022.12.20 22:29:29 INFO  Progress (1): 581/642 kB
2022.12.20 22:29:29 INFO  Progress (1): 585/642 kB
2022.12.20 22:29:29 INFO  Progress (1): 590/642 kB
2022.12.20 22:29:29 INFO  Progress (1): 594/642 kB
2022.12.20 22:29:29 INFO  Progress (1): 598/642 kB
2022.12.20 22:29:29 INFO  Progress (1): 602/642 kB
2022.12.20 22:29:29 INFO  Progress (1): 606/642 kB
2022.12.20 22:29:29 INFO  Progress (1): 610/642 kB
2022.12.20 22:29:29 INFO  Progress (1): 614/642 kB
2022.12.20 22:29:29 INFO  Progress (1): 618/642 kB
2022.12.20 22:29:29 INFO  Progress (1): 621/642 kB
2022.12.20 22:29:29 INFO  Progress (1): 625/642 kB
2022.12.20 22:29:29 INFO  Progress (1): 629/642 kB
2022.12.20 22:29:29 INFO  Progress (1): 634/642 kB
2022.12.20 22:29:29 INFO  Progress (1): 638/642 kB
2022.12.20 22:29:29 INFO  Progress (1): 642 kB    
2022.12.20 22:29:30 INFO                      
2022.12.20 22:29:30 INFO  Downloaded from central: https://repo.maven.apache.org/maven2/commons-collections/commons-collections/3.2.1/commons-collections-3.2.1-sources.jar (642 kB at 1.9 MB/s)
2022.12.20 22:29:30 INFO  [INFO] SUCCESS: commons-collections:commons-collections:jar:3.2.1:compile (sources = true)
2022.12.20 22:29:30 INFO  [INFO] Resolving artifact: dk.brics.automaton:automaton:jar:1.11-8:compile (sources = false)
2022.12.20 22:29:30 INFO  [INFO] SUCCESS: dk.brics.automaton:automaton:jar:1.11-8:compile (sources = false)
2022.12.20 22:29:30 INFO  [INFO] Resolving artifact: dk.brics.automaton:automaton:jar:1.11-8:compile (sources = true)
2022.12.20 22:29:30 INFO  Downloading from central: https://repo.maven.apache.org/maven2/dk/brics/automaton/automaton/1.11-8/automaton-1.11-8-sources.jar
2022.12.20 22:29:30 INFO  Progress (1): 4.1/66 kB
2022.12.20 22:29:30 INFO  Progress (1): 8.2/66 kB
2022.12.20 22:29:30 INFO  Progress (1): 12/66 kB 
2022.12.20 22:29:30 INFO  Progress (1): 16/66 kB
2022.12.20 22:29:30 INFO  Progress (1): 20/66 kB
2022.12.20 22:29:30 INFO  Progress (1): 25/66 kB
2022.12.20 22:29:30 INFO  Progress (1): 29/66 kB
2022.12.20 22:29:30 INFO  Progress (1): 33/66 kB
2022.12.20 22:29:30 INFO  Progress (1): 37/66 kB
2022.12.20 22:29:30 INFO  Progress (1): 41/66 kB
2022.12.20 22:29:30 INFO  Progress (1): 45/66 kB
2022.12.20 22:29:30 INFO  Progress (1): 49/66 kB
2022.12.20 22:29:30 INFO  Progress (1): 53/66 kB
2022.12.20 22:29:30 INFO  Progress (1): 57/66 kB
2022.12.20 22:29:30 INFO  Progress (1): 61/66 kB
2022.12.20 22:29:30 INFO  Progress (1): 66/66 kB
2022.12.20 22:29:30 INFO  Progress (1): 66 kB   
2022.12.20 22:29:30 INFO                     
2022.12.20 22:29:30 INFO  Downloaded from central: https://repo.maven.apache.org/maven2/dk/brics/automaton/automaton/1.11-8/automaton-1.11-8-sources.jar (66 kB at 235 kB/s)
2022.12.20 22:29:30 INFO  [INFO] SUCCESS: dk.brics.automaton:automaton:jar:1.11-8:compile (sources = true)
2022.12.20 22:29:30 INFO  [INFO] Resolving artifact: javax.activation:activation:jar:1.1:compile (sources = false)
2022.12.20 22:29:30 INFO  [INFO] SUCCESS: javax.activation:activation:jar:1.1:compile (sources = false)
2022.12.20 22:29:30 INFO  [INFO] Resolving artifact: javax.activation:activation:jar:1.1:compile (sources = true)
2022.12.20 22:29:30 INFO  Downloading from central: https://repo.maven.apache.org/maven2/javax/activation/activation/1.1/activation-1.1-sources.jar
2022.12.20 22:29:30 INFO  Progress (1): 4.1/63 kB
2022.12.20 22:29:30 INFO  Progress (1): 8.2/63 kB
2022.12.20 22:29:30 INFO  Progress (1): 12/63 kB 
2022.12.20 22:29:30 INFO  Progress (1): 16/63 kB
2022.12.20 22:29:30 INFO  Progress (1): 20/63 kB
2022.12.20 22:29:30 INFO  Progress (1): 25/63 kB
2022.12.20 22:29:30 INFO  Progress (1): 29/63 kB
2022.12.20 22:29:30 INFO  Progress (1): 33/63 kB
2022.12.20 22:29:30 INFO  Progress (1): 37/63 kB
2022.12.20 22:29:30 INFO  Progress (1): 41/63 kB
2022.12.20 22:29:30 INFO  Progress (1): 45/63 kB
2022.12.20 22:29:30 INFO  Progress (1): 49/63 kB
2022.12.20 22:29:30 INFO  Progress (1): 53/63 kB
2022.12.20 22:29:30 INFO  Progress (1): 57/63 kB
2022.12.20 22:29:30 INFO  Progress (1): 61/63 kB
2022.12.20 22:29:30 INFO  Progress (1): 63 kB   
2022.12.20 22:29:30 INFO                     
2022.12.20 22:29:30 INFO  Downloaded from central: https://repo.maven.apache.org/maven2/javax/activation/activation/1.1/activation-1.1-sources.jar (63 kB at 217 kB/s)
2022.12.20 22:29:30 INFO  [INFO] SUCCESS: javax.activation:activation:jar:1.1:compile (sources = true)
2022.12.20 22:29:30 INFO  [INFO] Resolving artifact: info.cukes:cucumber-jvm-deps:jar:1.0.5:compile (sources = false)
2022.12.20 22:29:30 INFO  [INFO] SUCCESS: info.cukes:cucumber-jvm-deps:jar:1.0.5:compile (sources = false)
2022.12.20 22:29:30 INFO  [INFO] Resolving artifact: info.cukes:cucumber-jvm-deps:jar:1.0.5:compile (sources = true)
2022.12.20 22:29:30 INFO  Downloading from central: https://repo.maven.apache.org/maven2/info/cukes/cucumber-jvm-deps/1.0.5/cucumber-jvm-deps-1.0.5-sources.jar
2022.12.20 22:29:30 INFO  Progress (1): 363 B
2022.12.20 22:29:30 INFO                     
2022.12.20 22:29:30 INFO  Downloaded from central: https://repo.maven.apache.org/maven2/info/cukes/cucumber-jvm-deps/1.0.5/cucumber-jvm-deps-1.0.5-sources.jar (363 B at 1.3 kB/s)
2022.12.20 22:29:30 INFO  [INFO] SUCCESS: info.cukes:cucumber-jvm-deps:jar:1.0.5:compile (sources = true)
2022.12.20 22:29:30 INFO  [INFO] Resolving artifact: org.seleniumhq.selenium:selenium-api:jar:3.141.59:compile (sources = false)
2022.12.20 22:29:30 INFO  [INFO] SUCCESS: org.seleniumhq.selenium:selenium-api:jar:3.141.59:compile (sources = false)
2022.12.20 22:29:30 INFO  [INFO] Resolving artifact: org.seleniumhq.selenium:selenium-api:jar:3.141.59:compile (sources = true)
2022.12.20 22:29:30 INFO  Downloading from central: https://repo.maven.apache.org/maven2/org/seleniumhq/selenium/selenium-api/3.141.59/selenium-api-3.141.59-sources.jar
2022.12.20 22:29:31 INFO  Progress (1): 4.1/173 kB
2022.12.20 22:29:31 INFO  Progress (1): 8.2/173 kB
2022.12.20 22:29:31 INFO  Progress (1): 12/173 kB 
2022.12.20 22:29:31 INFO  Progress (1): 16/173 kB
2022.12.20 22:29:31 INFO  Progress (1): 20/173 kB
2022.12.20 22:29:31 INFO  Progress (1): 25/173 kB
2022.12.20 22:29:31 INFO  Progress (1): 29/173 kB
2022.12.20 22:29:31 INFO  Progress (1): 33/173 kB
2022.12.20 22:29:31 INFO  Progress (1): 37/173 kB
2022.12.20 22:29:31 INFO  Progress (1): 41/173 kB
2022.12.20 22:29:31 INFO  Progress (1): 45/173 kB
2022.12.20 22:29:31 INFO  Progress (1): 49/173 kB
2022.12.20 22:29:31 INFO  Progress (1): 53/173 kB
2022.12.20 22:29:31 INFO  Progress (1): 57/173 kB
2022.12.20 22:29:31 INFO  Progress (1): 61/173 kB
2022.12.20 22:29:31 INFO  Progress (1): 66/173 kB
2022.12.20 22:29:31 INFO  Progress (1): 70/173 kB
2022.12.20 22:29:31 INFO  Progress (1): 74/173 kB
2022.12.20 22:29:31 INFO  Progress (1): 78/173 kB
2022.12.20 22:29:31 INFO  Progress (1): 82/173 kB
2022.12.20 22:29:31 INFO  Progress (1): 86/173 kB
2022.12.20 22:29:31 INFO  Progress (1): 90/173 kB
2022.12.20 22:29:31 INFO  Progress (1): 94/173 kB
2022.12.20 22:29:31 INFO  Progress (1): 98/173 kB
2022.12.20 22:29:31 INFO  Progress (1): 102/173 kB
2022.12.20 22:29:31 INFO  Progress (1): 106/173 kB
2022.12.20 22:29:31 INFO  Progress (1): 111/173 kB
2022.12.20 22:29:31 INFO  Progress (1): 115/173 kB
2022.12.20 22:29:31 INFO  Progress (1): 119/173 kB
2022.12.20 22:29:31 INFO  Progress (1): 123/173 kB
2022.12.20 22:29:31 INFO  Progress (1): 127/173 kB
2022.12.20 22:29:31 INFO  Progress (1): 131/173 kB
2022.12.20 22:29:31 INFO  Progress (1): 135/173 kB
2022.12.20 22:29:31 INFO  Progress (1): 139/173 kB
2022.12.20 22:29:31 INFO  Progress (1): 143/173 kB
2022.12.20 22:29:31 INFO  Progress (1): 147/173 kB
2022.12.20 22:29:31 INFO  Progress (1): 152/173 kB
2022.12.20 22:29:31 INFO  Progress (1): 156/173 kB
2022.12.20 22:29:31 INFO  Progress (1): 160/173 kB
2022.12.20 22:29:31 INFO  Progress (1): 164/173 kB
2022.12.20 22:29:31 INFO  Progress (1): 168/173 kB
2022.12.20 22:29:31 INFO  Progress (1): 172/173 kB
2022.12.20 22:29:31 INFO  Progress (1): 173 kB    
2022.12.20 22:29:31 INFO                      
2022.12.20 22:29:31 INFO  Downloaded from central: https://repo.maven.apache.org/maven2/org/seleniumhq/selenium/selenium-api/3.141.59/selenium-api-3.141.59-sources.jar (173 kB at 600 kB/s)
2022.12.20 22:29:31 INFO  [INFO] SUCCESS: org.seleniumhq.selenium:selenium-api:jar:3.141.59:compile (sources = true)
2022.12.20 22:29:31 INFO  [INFO] Resolving artifact: org.mongodb:mongo-java-driver:jar:3.11.0:compile (sources = false)
2022.12.20 22:29:31 INFO  [INFO] SUCCESS: org.mongodb:mongo-java-driver:jar:3.11.0:compile (sources = false)
2022.12.20 22:29:31 INFO  [INFO] Resolving artifact: org.mongodb:mongo-java-driver:jar:3.11.0:compile (sources = true)
2022.12.20 22:29:31 INFO  Downloading from central: https://repo.maven.apache.org/maven2/org/mongodb/mongo-java-driver/3.11.0/mongo-java-driver-3.11.0-sources.jar
2022.12.20 22:29:31 INFO  Progress (1): 0/1.6 MB
2022.12.20 22:29:31 INFO  Progress (1): 0/1.6 MB
2022.12.20 22:29:31 INFO  Progress (1): 0/1.6 MB
2022.12.20 22:29:31 INFO  Progress (1): 0/1.6 MB
2022.12.20 22:29:31 INFO  Progress (1): 0/1.6 MB
2022.12.20 22:29:31 INFO  Progress (1): 0/1.6 MB
2022.12.20 22:29:31 INFO  Progress (1): 0.1/1.6 MB
2022.12.20 22:29:31 INFO  Progress (1): 0.1/1.6 MB
2022.12.20 22:29:31 INFO  Progress (1): 0.1/1.6 MB
2022.12.20 22:29:31 INFO  Progress (1): 0.1/1.6 MB
2022.12.20 22:29:31 INFO  Progress (1): 0.1/1.6 MB
2022.12.20 22:29:31 INFO  Progress (1): 0.1/1.6 MB
2022.12.20 22:29:31 INFO  Progress (1): 0.1/1.6 MB
2022.12.20 22:29:31 INFO  Progress (1): 0.1/1.6 MB
2022.12.20 22:29:31 INFO  Progress (1): 0.1/1.6 MB
2022.12.20 22:29:31 INFO  Progress (1): 0.1/1.6 MB
2022.12.20 22:29:31 INFO  Progress (1): 0.1/1.6 MB
2022.12.20 22:29:31 INFO  Progress (1): 0.1/1.6 MB
2022.12.20 22:29:31 INFO  Progress (1): 0.2/1.6 MB
2022.12.20 22:29:31 INFO  Progress (1): 0.2/1.6 MB
2022.12.20 22:29:31 INFO  Progress (1): 0.2/1.6 MB
2022.12.20 22:29:31 INFO  Progress (1): 0.2/1.6 MB
2022.12.20 22:29:31 INFO  Progress (1): 0.2/1.6 MB
2022.12.20 22:29:31 INFO  Progress (1): 0.2/1.6 MB
2022.12.20 22:29:31 INFO  Progress (1): 0.2/1.6 MB
2022.12.20 22:29:31 INFO  Progress (1): 0.2/1.6 MB
2022.12.20 22:29:31 INFO  Progress (1): 0.2/1.6 MB
2022.12.20 22:29:31 INFO  Progress (1): 0.2/1.6 MB
2022.12.20 22:29:31 INFO  Progress (1): 0.2/1.6 MB
2022.12.20 22:29:31 INFO  Progress (1): 0.2/1.6 MB
2022.12.20 22:29:31 INFO  Progress (1): 0.3/1.6 MB
2022.12.20 22:29:31 INFO  Progress (1): 0.3/1.6 MB
2022.12.20 22:29:31 INFO  Progress (1): 0.3/1.6 MB
2022.12.20 22:29:31 INFO  Progress (1): 0.3/1.6 MB
2022.12.20 22:29:31 INFO  Progress (1): 0.3/1.6 MB
2022.12.20 22:29:31 INFO  Progress (1): 0.3/1.6 MB
2022.12.20 22:29:31 INFO  Progress (1): 0.3/1.6 MB
2022.12.20 22:29:31 INFO  Progress (1): 0.3/1.6 MB
2022.12.20 22:29:31 INFO  Progress (1): 0.3/1.6 MB
2022.12.20 22:29:31 INFO  Progress (1): 0.3/1.6 MB
2022.12.20 22:29:31 INFO  Progress (1): 0.3/1.6 MB
2022.12.20 22:29:31 INFO  Progress (1): 0.3/1.6 MB
2022.12.20 22:29:31 INFO  Progress (1): 0.4/1.6 MB
2022.12.20 22:29:31 INFO  Progress (1): 0.4/1.6 MB
2022.12.20 22:29:31 INFO  Progress (1): 0.4/1.6 MB
2022.12.20 22:29:31 INFO  Progress (1): 0.4/1.6 MB
2022.12.20 22:29:31 INFO  Progress (1): 0.4/1.6 MB
2022.12.20 22:29:31 INFO  Progress (1): 0.4/1.6 MB
2022.12.20 22:29:31 INFO  Progress (1): 0.4/1.6 MB
2022.12.20 22:29:31 INFO  Progress (1): 0.4/1.6 MB
2022.12.20 22:29:31 INFO  Progress (1): 0.4/1.6 MB
2022.12.20 22:29:31 INFO  Progress (1): 0.4/1.6 MB
2022.12.20 22:29:31 INFO  Progress (1): 0.4/1.6 MB
2022.12.20 22:29:31 INFO  Progress (1): 0.4/1.6 MB
2022.12.20 22:29:31 INFO  Progress (1): 0.5/1.6 MB
2022.12.20 22:29:31 INFO  Progress (1): 0.5/1.6 MB
2022.12.20 22:29:31 INFO  Progress (1): 0.5/1.6 MB
2022.12.20 22:29:31 INFO  Progress (1): 0.5/1.6 MB
2022.12.20 22:29:31 INFO  Progress (1): 0.5/1.6 MB
2022.12.20 22:29:31 INFO  Progress (1): 0.5/1.6 MB
2022.12.20 22:29:31 INFO  Progress (1): 0.5/1.6 MB
2022.12.20 22:29:31 INFO  Progress (1): 0.5/1.6 MB
2022.12.20 22:29:31 INFO  Progress (1): 0.5/1.6 MB
2022.12.20 22:29:31 INFO  Progress (1): 0.5/1.6 MB
2022.12.20 22:29:31 INFO  Progress (1): 0.5/1.6 MB
2022.12.20 22:29:31 INFO  Progress (1): 0.5/1.6 MB
2022.12.20 22:29:31 INFO  Progress (1): 0.5/1.6 MB
2022.12.20 22:29:31 INFO  Progress (1): 0.6/1.6 MB
2022.12.20 22:29:31 INFO  Progress (1): 0.6/1.6 MB
2022.12.20 22:29:31 INFO  Progress (1): 0.6/1.6 MB
2022.12.20 22:29:31 INFO  Progress (1): 0.6/1.6 MB
2022.12.20 22:29:31 INFO  Progress (1): 0.6/1.6 MB
2022.12.20 22:29:31 INFO  Progress (1): 0.6/1.6 MB
2022.12.20 22:29:31 INFO  Progress (1): 0.6/1.6 MB
2022.12.20 22:29:31 INFO  Progress (1): 0.6/1.6 MB
2022.12.20 22:29:31 INFO  Progress (1): 0.6/1.6 MB
2022.12.20 22:29:31 INFO  Progress (1): 0.6/1.6 MB
2022.12.20 22:29:31 INFO  Progress (1): 0.6/1.6 MB
2022.12.20 22:29:31 INFO  Progress (1): 0.6/1.6 MB
2022.12.20 22:29:31 INFO  Progress (1): 0.7/1.6 MB
2022.12.20 22:29:31 INFO  Progress (1): 0.7/1.6 MB
2022.12.20 22:29:31 INFO  Progress (1): 0.7/1.6 MB
2022.12.20 22:29:31 INFO  Progress (1): 0.7/1.6 MB
2022.12.20 22:29:31 INFO  Progress (1): 0.7/1.6 MB
2022.12.20 22:29:31 INFO  Progress (1): 0.7/1.6 MB
2022.12.20 22:29:31 INFO  Progress (1): 0.7/1.6 MB
2022.12.20 22:29:31 INFO  Progress (1): 0.7/1.6 MB
2022.12.20 22:29:31 INFO  Progress (1): 0.7/1.6 MB
2022.12.20 22:29:31 INFO  Progress (1): 0.7/1.6 MB
2022.12.20 22:29:31 INFO  Progress (1): 0.7/1.6 MB
2022.12.20 22:29:31 INFO  Progress (1): 0.7/1.6 MB
2022.12.20 22:29:31 INFO  Progress (1): 0.8/1.6 MB
2022.12.20 22:29:31 INFO  Progress (1): 0.8/1.6 MB
2022.12.20 22:29:31 INFO  Progress (1): 0.8/1.6 MB
2022.12.20 22:29:31 INFO  Progress (1): 0.8/1.6 MB
2022.12.20 22:29:31 INFO  Progress (1): 0.8/1.6 MB
2022.12.20 22:29:31 INFO  Progress (1): 0.8/1.6 MB
2022.12.20 22:29:31 INFO  Progress (1): 0.8/1.6 MB
2022.12.20 22:29:31 INFO  Progress (1): 0.8/1.6 MB
2022.12.20 22:29:31 INFO  Progress (1): 0.8/1.6 MB
2022.12.20 22:29:31 INFO  Progress (1): 0.8/1.6 MB
2022.12.20 22:29:31 INFO  Progress (1): 0.8/1.6 MB
2022.12.20 22:29:31 INFO  Progress (1): 0.8/1.6 MB
2022.12.20 22:29:31 INFO  Progress (1): 0.9/1.6 MB
2022.12.20 22:29:31 INFO  Progress (1): 0.9/1.6 MB
2022.12.20 22:29:31 INFO  Progress (1): 0.9/1.6 MB
2022.12.20 22:29:31 INFO  Progress (1): 0.9/1.6 MB
2022.12.20 22:29:31 INFO  Progress (1): 0.9/1.6 MB
2022.12.20 22:29:31 INFO  Progress (1): 0.9/1.6 MB
2022.12.20 22:29:31 INFO  Progress (1): 0.9/1.6 MB
2022.12.20 22:29:31 INFO  Progress (1): 0.9/1.6 MB
2022.12.20 22:29:31 INFO  Progress (1): 0.9/1.6 MB
2022.12.20 22:29:31 INFO  Progress (1): 0.9/1.6 MB
2022.12.20 22:29:31 INFO  Progress (1): 0.9/1.6 MB
2022.12.20 22:29:31 INFO  Progress (1): 0.9/1.6 MB
2022.12.20 22:29:31 INFO  Progress (1): 0.9/1.6 MB
2022.12.20 22:29:31 INFO  Progress (1): 1.0/1.6 MB
2022.12.20 22:29:31 INFO  Progress (1): 1.0/1.6 MB
2022.12.20 22:29:31 INFO  Progress (1): 1.0/1.6 MB
2022.12.20 22:29:31 INFO  Progress (1): 1.0/1.6 MB
2022.12.20 22:29:31 INFO  Progress (1): 1.0/1.6 MB
2022.12.20 22:29:31 INFO  Progress (1): 1.0/1.6 MB
2022.12.20 22:29:31 INFO  Progress (1): 1.0/1.6 MB
2022.12.20 22:29:31 INFO  Progress (1): 1.0/1.6 MB
2022.12.20 22:29:31 INFO  Progress (1): 1.0/1.6 MB
2022.12.20 22:29:31 INFO  Progress (1): 1.0/1.6 MB
2022.12.20 22:29:31 INFO  Progress (1): 1.0/1.6 MB
2022.12.20 22:29:31 INFO  Progress (1): 1.0/1.6 MB
2022.12.20 22:29:31 INFO  Progress (1): 1.1/1.6 MB
2022.12.20 22:29:31 INFO  Progress (1): 1.1/1.6 MB
2022.12.20 22:29:31 INFO  Progress (1): 1.1/1.6 MB
2022.12.20 22:29:31 INFO  Progress (1): 1.1/1.6 MB
2022.12.20 22:29:31 INFO  Progress (1): 1.1/1.6 MB
2022.12.20 22:29:31 INFO  Progress (1): 1.1/1.6 MB
2022.12.20 22:29:31 INFO  Progress (1): 1.1/1.6 MB
2022.12.20 22:29:31 INFO  Progress (1): 1.1/1.6 MB
2022.12.20 22:29:31 INFO  Progress (1): 1.1/1.6 MB
2022.12.20 22:29:31 INFO  Progress (1): 1.1/1.6 MB
2022.12.20 22:29:31 INFO  Progress (1): 1.1/1.6 MB
2022.12.20 22:29:31 INFO  Progress (1): 1.1/1.6 MB
2022.12.20 22:29:31 INFO  Progress (1): 1.2/1.6 MB
2022.12.20 22:29:31 INFO  Progress (1): 1.2/1.6 MB
2022.12.20 22:29:31 INFO  Progress (1): 1.2/1.6 MB
2022.12.20 22:29:31 INFO  Progress (1): 1.2/1.6 MB
2022.12.20 22:29:31 INFO  Progress (1): 1.2/1.6 MB
2022.12.20 22:29:31 INFO  Progress (1): 1.2/1.6 MB
2022.12.20 22:29:31 INFO  Progress (1): 1.2/1.6 MB
2022.12.20 22:29:31 INFO  Progress (1): 1.2/1.6 MB
2022.12.20 22:29:31 INFO  Progress (1): 1.2/1.6 MB
2022.12.20 22:29:31 INFO  Progress (1): 1.2/1.6 MB
2022.12.20 22:29:31 INFO  Progress (1): 1.2/1.6 MB
2022.12.20 22:29:31 INFO  Progress (1): 1.2/1.6 MB
2022.12.20 22:29:31 INFO  Progress (1): 1.3/1.6 MB
2022.12.20 22:29:31 INFO  Progress (1): 1.3/1.6 MB
2022.12.20 22:29:31 INFO  Progress (1): 1.3/1.6 MB
2022.12.20 22:29:31 INFO  Progress (1): 1.3/1.6 MB
2022.12.20 22:29:31 INFO  Progress (1): 1.3/1.6 MB
2022.12.20 22:29:31 INFO  Progress (1): 1.3/1.6 MB
2022.12.20 22:29:31 INFO  Progress (1): 1.3/1.6 MB
2022.12.20 22:29:31 INFO  Progress (1): 1.3/1.6 MB
2022.12.20 22:29:31 INFO  Progress (1): 1.3/1.6 MB
2022.12.20 22:29:31 INFO  Progress (1): 1.3/1.6 MB
2022.12.20 22:29:31 INFO  Progress (1): 1.3/1.6 MB
2022.12.20 22:29:31 INFO  Progress (1): 1.3/1.6 MB
2022.12.20 22:29:31 INFO  Progress (1): 1.4/1.6 MB
2022.12.20 22:29:31 INFO  Progress (1): 1.4/1.6 MB
2022.12.20 22:29:31 INFO  Progress (1): 1.4/1.6 MB
2022.12.20 22:29:31 INFO  Progress (1): 1.4/1.6 MB
2022.12.20 22:29:31 INFO  Progress (1): 1.4/1.6 MB
2022.12.20 22:29:31 INFO  Progress (1): 1.4/1.6 MB
2022.12.20 22:29:31 INFO  Progress (1): 1.4/1.6 MB
2022.12.20 22:29:31 INFO  Progress (1): 1.4/1.6 MB
2022.12.20 22:29:31 INFO  Progress (1): 1.4/1.6 MB
2022.12.20 22:29:31 INFO  Progress (1): 1.4/1.6 MB
2022.12.20 22:29:31 INFO  Progress (1): 1.4/1.6 MB
2022.12.20 22:29:31 INFO  Progress (1): 1.4/1.6 MB
2022.12.20 22:29:31 INFO  Progress (1): 1.5/1.6 MB
2022.12.20 22:29:31 INFO  Progress (1): 1.5/1.6 MB
2022.12.20 22:29:31 INFO  Progress (1): 1.5/1.6 MB
2022.12.20 22:29:31 INFO  Progress (1): 1.5/1.6 MB
2022.12.20 22:29:31 INFO  Progress (1): 1.5/1.6 MB
2022.12.20 22:29:31 INFO  Progress (1): 1.5/1.6 MB
2022.12.20 22:29:31 INFO  Progress (1): 1.5/1.6 MB
2022.12.20 22:29:31 INFO  Progress (1): 1.5/1.6 MB
2022.12.20 22:29:31 INFO  Progress (1): 1.5/1.6 MB
2022.12.20 22:29:31 INFO  Progress (1): 1.5/1.6 MB
2022.12.20 22:29:31 INFO  Progress (1): 1.5/1.6 MB
2022.12.20 22:29:31 INFO  Progress (1): 1.5/1.6 MB
2022.12.20 22:29:31 INFO  Progress (1): 1.6/1.6 MB
2022.12.20 22:29:31 INFO  Progress (1): 1.6/1.6 MB
2022.12.20 22:29:31 INFO  Progress (1): 1.6/1.6 MB
2022.12.20 22:29:31 INFO  Progress (1): 1.6 MB    
2022.12.20 22:29:31 INFO                      
2022.12.20 22:29:31 INFO  Downloaded from central: https://repo.maven.apache.org/maven2/org/mongodb/mongo-java-driver/3.11.0/mongo-java-driver-3.11.0-sources.jar (1.6 MB at 3.2 MB/s)
2022.12.20 22:29:31 INFO  [INFO] SUCCESS: org.mongodb:mongo-java-driver:jar:3.11.0:compile (sources = true)
2022.12.20 22:29:31 INFO  [INFO] Resolving artifact: org.seleniumhq.selenium:selenium-java:jar:3.141.59:compile (sources = false)
2022.12.20 22:29:31 INFO  [INFO] SUCCESS: org.seleniumhq.selenium:selenium-java:jar:3.141.59:compile (sources = false)
2022.12.20 22:29:31 INFO  [INFO] Resolving artifact: org.seleniumhq.selenium:selenium-java:jar:3.141.59:compile (sources = true)
2022.12.20 22:29:31 INFO  Downloading from central: https://repo.maven.apache.org/maven2/org/seleniumhq/selenium/selenium-java/3.141.59/selenium-java-3.141.59-sources.jar
2022.12.20 22:29:31 INFO  Progress (1): 22 B
2022.12.20 22:29:31 INFO                    
2022.12.20 22:29:31 INFO  Downloaded from central: https://repo.maven.apache.org/maven2/org/seleniumhq/selenium/selenium-java/3.141.59/selenium-java-3.141.59-sources.jar (22 B at 78 B/s)
2022.12.20 22:29:31 INFO  [INFO] SUCCESS: org.seleniumhq.selenium:selenium-java:jar:3.141.59:compile (sources = true)
2022.12.20 22:29:31 INFO  [INFO] Resolving artifact: javax.mail:mailapi:jar:1.4.3:compile (sources = false)
2022.12.20 22:29:31 INFO  [INFO] SUCCESS: javax.mail:mailapi:jar:1.4.3:compile (sources = false)
2022.12.20 22:29:31 INFO  [INFO] Resolving artifact: javax.mail:mailapi:jar:1.4.3:compile (sources = true)
2022.12.20 22:29:31 INFO  Downloading from central: https://repo.maven.apache.org/maven2/javax/mail/mailapi/1.4.3/mailapi-1.4.3-sources.jar
2022.12.20 22:29:32 INFO  Progress (1): 323 B
2022.12.20 22:29:32 INFO                     
2022.12.20 22:29:32 INFO  Downloaded from central: https://repo.maven.apache.org/maven2/javax/mail/mailapi/1.4.3/mailapi-1.4.3-sources.jar (323 B at 1.0 kB/s)
2022.12.20 22:29:32 INFO  [INFO] SUCCESS: javax.mail:mailapi:jar:1.4.3:compile (sources = true)
2022.12.20 22:29:32 INFO  [INFO] Resolving artifact: org.apache.httpcomponents:httpmime:jar:4.5.1:compile (sources = false)
2022.12.20 22:29:32 INFO  [INFO] SUCCESS: org.apache.httpcomponents:httpmime:jar:4.5.1:compile (sources = false)
2022.12.20 22:29:32 INFO  [INFO] Resolving artifact: org.apache.httpcomponents:httpmime:jar:4.5.1:compile (sources = true)
2022.12.20 22:29:32 INFO  Downloading from central: https://repo.maven.apache.org/maven2/org/apache/httpcomponents/httpmime/4.5.1/httpmime-4.5.1-sources.jar
2022.12.20 22:29:32 INFO  Progress (1): 4.1/39 kB
2022.12.20 22:29:32 INFO  Progress (1): 8.2/39 kB
2022.12.20 22:29:32 INFO  Progress (1): 12/39 kB 
2022.12.20 22:29:32 INFO  Progress (1): 16/39 kB
2022.12.20 22:29:32 INFO  Progress (1): 20/39 kB
2022.12.20 22:29:32 INFO  Progress (1): 24/39 kB
2022.12.20 22:29:32 INFO  Progress (1): 28/39 kB
2022.12.20 22:29:32 INFO  Progress (1): 32/39 kB
2022.12.20 22:29:32 INFO  Progress (1): 36/39 kB
2022.12.20 22:29:32 INFO  Progress (1): 39 kB   
2022.12.20 22:29:32 INFO                     
2022.12.20 22:29:32 INFO  Downloaded from central: https://repo.maven.apache.org/maven2/org/apache/httpcomponents/httpmime/4.5.1/httpmime-4.5.1-sources.jar (39 kB at 134 kB/s)
2022.12.20 22:29:32 INFO  [INFO] SUCCESS: org.apache.httpcomponents:httpmime:jar:4.5.1:compile (sources = true)
2022.12.20 22:29:32 INFO  [INFO] Resolving artifact: org.seleniumhq.selenium:selenium-edge-driver:jar:3.141.59:compile (sources = false)
2022.12.20 22:29:32 INFO  [INFO] SUCCESS: org.seleniumhq.selenium:selenium-edge-driver:jar:3.141.59:compile (sources = false)
2022.12.20 22:29:32 INFO  [INFO] Resolving artifact: org.seleniumhq.selenium:selenium-edge-driver:jar:3.141.59:compile (sources = true)
2022.12.20 22:29:32 INFO  Downloading from central: https://repo.maven.apache.org/maven2/org/seleniumhq/selenium/selenium-edge-driver/3.141.59/selenium-edge-driver-3.141.59-sources.jar
2022.12.20 22:29:32 INFO  Progress (1): 4.1/6.4 kB
2022.12.20 22:29:32 INFO  Progress (1): 6.4 kB    
2022.12.20 22:29:32 INFO                      
2022.12.20 22:29:32 INFO  Downloaded from central: https://repo.maven.apache.org/maven2/org/seleniumhq/selenium/selenium-edge-driver/3.141.59/selenium-edge-driver-3.141.59-sources.jar (6.4 kB at 21 kB/s)
2022.12.20 22:29:32 INFO  [INFO] SUCCESS: org.seleniumhq.selenium:selenium-edge-driver:jar:3.141.59:compile (sources = true)
2022.12.20 22:29:32 INFO  [INFO] Resolving artifact: org.apache.commons:commons-exec:jar:1.3:compile (sources = false)
2022.12.20 22:29:32 INFO  [INFO] SUCCESS: org.apache.commons:commons-exec:jar:1.3:compile (sources = false)
2022.12.20 22:29:32 INFO  [INFO] Resolving artifact: org.apache.commons:commons-exec:jar:1.3:compile (sources = true)
2022.12.20 22:29:32 INFO  Downloading from central: https://repo.maven.apache.org/maven2/org/apache/commons/commons-exec/1.3/commons-exec-1.3-sources.jar
2022.12.20 22:29:32 INFO  Progress (1): 4.1/62 kB
2022.12.20 22:29:32 INFO  Progress (1): 8.2/62 kB
2022.12.20 22:29:32 INFO  Progress (1): 12/62 kB 
2022.12.20 22:29:32 INFO  Progress (1): 16/62 kB
2022.12.20 22:29:32 INFO  Progress (1): 20/62 kB
2022.12.20 22:29:32 INFO  Progress (1): 25/62 kB
2022.12.20 22:29:32 INFO  Progress (1): 29/62 kB
2022.12.20 22:29:32 INFO  Progress (1): 33/62 kB
2022.12.20 22:29:32 INFO  Progress (1): 37/62 kB
2022.12.20 22:29:32 INFO  Progress (1): 41/62 kB
2022.12.20 22:29:32 INFO  Progress (1): 45/62 kB
2022.12.20 22:29:32 INFO  Progress (1): 49/62 kB
2022.12.20 22:29:32 INFO  Progress (1): 53/62 kB
2022.12.20 22:29:32 INFO  Progress (1): 57/62 kB
2022.12.20 22:29:32 INFO  Progress (1): 61/62 kB
2022.12.20 22:29:32 INFO  Progress (1): 62 kB   
2022.12.20 22:29:33 INFO                     
2022.12.20 22:29:33 INFO  Downloaded from central: https://repo.maven.apache.org/maven2/org/apache/commons/commons-exec/1.3/commons-exec-1.3-sources.jar (62 kB at 220 kB/s)
2022.12.20 22:29:33 INFO  [INFO] SUCCESS: org.apache.commons:commons-exec:jar:1.3:compile (sources = true)
2022.12.20 22:29:33 INFO  [INFO] Resolving artifact: org.json:json:jar:20180130:compile (sources = false)
2022.12.20 22:29:33 INFO  [INFO] SUCCESS: org.json:json:jar:20180130:compile (sources = false)
2022.12.20 22:29:33 INFO  [INFO] Resolving artifact: org.json:json:jar:20180130:compile (sources = true)
2022.12.20 22:29:33 INFO  Downloading from central: https://repo.maven.apache.org/maven2/org/json/json/20180130/json-20180130-sources.jar
2022.12.20 22:29:33 INFO  Progress (1): 4.1/69 kB
2022.12.20 22:29:33 INFO  Progress (1): 8.2/69 kB
2022.12.20 22:29:33 INFO  Progress (1): 12/69 kB 
2022.12.20 22:29:33 INFO  Progress (1): 16/69 kB
2022.12.20 22:29:33 INFO  Progress (1): 20/69 kB
2022.12.20 22:29:33 INFO  Progress (1): 25/69 kB
2022.12.20 22:29:33 INFO  Progress (1): 29/69 kB
2022.12.20 22:29:33 INFO  Progress (1): 33/69 kB
2022.12.20 22:29:33 INFO  Progress (1): 37/69 kB
2022.12.20 22:29:33 INFO  Progress (1): 41/69 kB
2022.12.20 22:29:33 INFO  Progress (1): 45/69 kB
2022.12.20 22:29:33 INFO  Progress (1): 49/69 kB
2022.12.20 22:29:33 INFO  Progress (1): 53/69 kB
2022.12.20 22:29:33 INFO  Progress (1): 57/69 kB
2022.12.20 22:29:33 INFO  Progress (1): 61/69 kB
2022.12.20 22:29:33 INFO  Progress (1): 66/69 kB
2022.12.20 22:29:33 INFO  Progress (1): 69 kB   
2022.12.20 22:29:33 INFO                     
2022.12.20 22:29:33 INFO  Downloaded from central: https://repo.maven.apache.org/maven2/org/json/json/20180130/json-20180130-sources.jar (69 kB at 235 kB/s)
2022.12.20 22:29:33 INFO  [INFO] SUCCESS: org.json:json:jar:20180130:compile (sources = true)
2022.12.20 22:29:33 INFO  [INFO] Resolving artifact: org.ccil.cowan.tagsoup:tagsoup:jar:1.2.1:compile (sources = false)
2022.12.20 22:29:33 INFO  [INFO] SUCCESS: org.ccil.cowan.tagsoup:tagsoup:jar:1.2.1:compile (sources = false)
2022.12.20 22:29:33 INFO  [INFO] Resolving artifact: org.ccil.cowan.tagsoup:tagsoup:jar:1.2.1:compile (sources = true)
2022.12.20 22:29:33 INFO  Downloading from central: https://repo.maven.apache.org/maven2/org/ccil/cowan/tagsoup/tagsoup/1.2.1/tagsoup-1.2.1-sources.jar
2022.12.20 22:29:33 INFO  Progress (1): 4.1/69 kB
2022.12.20 22:29:33 INFO  Progress (1): 8.2/69 kB
2022.12.20 22:29:33 INFO  Progress (1): 12/69 kB 
2022.12.20 22:29:33 INFO  Progress (1): 16/69 kB
2022.12.20 22:29:33 INFO  Progress (1): 20/69 kB
2022.12.20 22:29:33 INFO  Progress (1): 25/69 kB
2022.12.20 22:29:33 INFO  Progress (1): 29/69 kB
2022.12.20 22:29:33 INFO  Progress (1): 33/69 kB
2022.12.20 22:29:33 INFO  Progress (1): 37/69 kB
2022.12.20 22:29:33 INFO  Progress (1): 41/69 kB
2022.12.20 22:29:33 INFO  Progress (1): 45/69 kB
2022.12.20 22:29:33 INFO  Progress (1): 49/69 kB
2022.12.20 22:29:33 INFO  Progress (1): 53/69 kB
2022.12.20 22:29:33 INFO  Progress (1): 57/69 kB
2022.12.20 22:29:33 INFO  Progress (1): 61/69 kB
2022.12.20 22:29:33 INFO  Progress (1): 66/69 kB
2022.12.20 22:29:33 INFO  Progress (1): 69 kB   
2022.12.20 22:29:33 INFO                     
2022.12.20 22:29:33 INFO  Downloaded from central: https://repo.maven.apache.org/maven2/org/ccil/cowan/tagsoup/tagsoup/1.2.1/tagsoup-1.2.1-sources.jar (69 kB at 244 kB/s)
2022.12.20 22:29:33 INFO  [INFO] SUCCESS: org.ccil.cowan.tagsoup:tagsoup:jar:1.2.1:compile (sources = true)
2022.12.20 22:29:33 INFO  [INFO] Resolving artifact: com.google.errorprone:error_prone_annotations:jar:2.1.3:compile (sources = false)
2022.12.20 22:29:33 INFO  [INFO] SUCCESS: com.google.errorprone:error_prone_annotations:jar:2.1.3:compile (sources = false)
2022.12.20 22:29:33 INFO  [INFO] Resolving artifact: com.google.errorprone:error_prone_annotations:jar:2.1.3:compile (sources = true)
2022.12.20 22:29:33 INFO  Downloading from central: https://repo.maven.apache.org/maven2/com/google/errorprone/error_prone_annotations/2.1.3/error_prone_annotations-2.1.3-sources.jar
2022.12.20 22:29:33 INFO  Progress (1): 4.1/26 kB
2022.12.20 22:29:33 INFO  Progress (1): 8.2/26 kB
2022.12.20 22:29:33 INFO  Progress (1): 12/26 kB 
2022.12.20 22:29:33 INFO  Progress (1): 16/26 kB
2022.12.20 22:29:33 INFO  Progress (1): 20/26 kB
2022.12.20 22:29:33 INFO  Progress (1): 25/26 kB
2022.12.20 22:29:33 INFO  Progress (1): 26 kB   
2022.12.20 22:29:33 INFO                     
2022.12.20 22:29:33 INFO  Downloaded from central: https://repo.maven.apache.org/maven2/com/google/errorprone/error_prone_annotations/2.1.3/error_prone_annotations-2.1.3-sources.jar (26 kB at 92 kB/s)
2022.12.20 22:29:33 INFO  [INFO] SUCCESS: com.google.errorprone:error_prone_annotations:jar:2.1.3:compile (sources = true)
2022.12.20 22:29:33 INFO  [INFO] Resolving artifact: com.google.guava:guava:jar:25.0-jre:compile (sources = false)
2022.12.20 22:29:33 INFO  [INFO] SUCCESS: com.google.guava:guava:jar:25.0-jre:compile (sources = false)
2022.12.20 22:29:33 INFO  [INFO] Resolving artifact: com.google.guava:guava:jar:25.0-jre:compile (sources = true)
2022.12.20 22:29:33 INFO  Downloading from central: https://repo.maven.apache.org/maven2/com/google/guava/guava/25.0-jre/guava-25.0-jre-sources.jar
2022.12.20 22:29:34 INFO  Progress (1): 0/1.6 MB
2022.12.20 22:29:34 INFO  Progress (1): 0/1.6 MB
2022.12.20 22:29:34 INFO  Progress (1): 0/1.6 MB
2022.12.20 22:29:34 INFO  Progress (1): 0/1.6 MB
2022.12.20 22:29:34 INFO  Progress (1): 0/1.6 MB
2022.12.20 22:29:34 INFO  Progress (1): 0/1.6 MB
2022.12.20 22:29:34 INFO  Progress (1): 0.1/1.6 MB
2022.12.20 22:29:34 INFO  Progress (1): 0.1/1.6 MB
2022.12.20 22:29:34 INFO  Progress (1): 0.1/1.6 MB
2022.12.20 22:29:34 INFO  Progress (1): 0.1/1.6 MB
2022.12.20 22:29:34 INFO  Progress (1): 0.1/1.6 MB
2022.12.20 22:29:34 INFO  Progress (1): 0.1/1.6 MB
2022.12.20 22:29:34 INFO  Progress (1): 0.1/1.6 MB
2022.12.20 22:29:34 INFO  Progress (1): 0.1/1.6 MB
2022.12.20 22:29:34 INFO  Progress (1): 0.1/1.6 MB
2022.12.20 22:29:34 INFO  Progress (1): 0.1/1.6 MB
2022.12.20 22:29:34 INFO  Progress (1): 0.1/1.6 MB
2022.12.20 22:29:34 INFO  Progress (1): 0.1/1.6 MB
2022.12.20 22:29:34 INFO  Progress (1): 0.2/1.6 MB
2022.12.20 22:29:34 INFO  Progress (1): 0.2/1.6 MB
2022.12.20 22:29:34 INFO  Progress (1): 0.2/1.6 MB
2022.12.20 22:29:34 INFO  Progress (1): 0.2/1.6 MB
2022.12.20 22:29:34 INFO  Progress (1): 0.2/1.6 MB
2022.12.20 22:29:34 INFO  Progress (1): 0.2/1.6 MB
2022.12.20 22:29:34 INFO  Progress (1): 0.2/1.6 MB
2022.12.20 22:29:34 INFO  Progress (1): 0.2/1.6 MB
2022.12.20 22:29:34 INFO  Progress (1): 0.2/1.6 MB
2022.12.20 22:29:34 INFO  Progress (1): 0.2/1.6 MB
2022.12.20 22:29:34 INFO  Progress (1): 0.2/1.6 MB
2022.12.20 22:29:34 INFO  Progress (1): 0.2/1.6 MB
2022.12.20 22:29:34 INFO  Progress (1): 0.3/1.6 MB
2022.12.20 22:29:34 INFO  Progress (1): 0.3/1.6 MB
2022.12.20 22:29:34 INFO  Progress (1): 0.3/1.6 MB
2022.12.20 22:29:34 INFO  Progress (1): 0.3/1.6 MB
2022.12.20 22:29:34 INFO  Progress (1): 0.3/1.6 MB
2022.12.20 22:29:34 INFO  Progress (1): 0.3/1.6 MB
2022.12.20 22:29:34 INFO  Progress (1): 0.3/1.6 MB
2022.12.20 22:29:34 INFO  Progress (1): 0.3/1.6 MB
2022.12.20 22:29:34 INFO  Progress (1): 0.3/1.6 MB
2022.12.20 22:29:34 INFO  Progress (1): 0.3/1.6 MB
2022.12.20 22:29:34 INFO  Progress (1): 0.3/1.6 MB
2022.12.20 22:29:34 INFO  Progress (1): 0.3/1.6 MB
2022.12.20 22:29:34 INFO  Progress (1): 0.4/1.6 MB
2022.12.20 22:29:34 INFO  Progress (1): 0.4/1.6 MB
2022.12.20 22:29:34 INFO  Progress (1): 0.4/1.6 MB
2022.12.20 22:29:34 INFO  Progress (1): 0.4/1.6 MB
2022.12.20 22:29:34 INFO  Progress (1): 0.4/1.6 MB
2022.12.20 22:29:34 INFO  Progress (1): 0.4/1.6 MB
2022.12.20 22:29:34 INFO  Progress (1): 0.4/1.6 MB
2022.12.20 22:29:34 INFO  Progress (1): 0.4/1.6 MB
2022.12.20 22:29:34 INFO  Progress (1): 0.4/1.6 MB
2022.12.20 22:29:34 INFO  Progress (1): 0.4/1.6 MB
2022.12.20 22:29:34 INFO  Progress (1): 0.4/1.6 MB
2022.12.20 22:29:34 INFO  Progress (1): 0.4/1.6 MB
2022.12.20 22:29:34 INFO  Progress (1): 0.5/1.6 MB
2022.12.20 22:29:34 INFO  Progress (1): 0.5/1.6 MB
2022.12.20 22:29:34 INFO  Progress (1): 0.5/1.6 MB
2022.12.20 22:29:34 INFO  Progress (1): 0.5/1.6 MB
2022.12.20 22:29:34 INFO  Progress (1): 0.5/1.6 MB
2022.12.20 22:29:34 INFO  Progress (1): 0.5/1.6 MB
2022.12.20 22:29:34 INFO  Progress (1): 0.5/1.6 MB
2022.12.20 22:29:34 INFO  Progress (1): 0.5/1.6 MB
2022.12.20 22:29:34 INFO  Progress (1): 0.5/1.6 MB
2022.12.20 22:29:34 INFO  Progress (1): 0.5/1.6 MB
2022.12.20 22:29:34 INFO  Progress (1): 0.5/1.6 MB
2022.12.20 22:29:34 INFO  Progress (1): 0.5/1.6 MB
2022.12.20 22:29:34 INFO  Progress (1): 0.6/1.6 MB
2022.12.20 22:29:34 INFO  Progress (1): 0.6/1.6 MB
2022.12.20 22:29:34 INFO  Progress (1): 0.6/1.6 MB
2022.12.20 22:29:34 INFO  Progress (1): 0.6/1.6 MB
2022.12.20 22:29:34 INFO  Progress (1): 0.6/1.6 MB
2022.12.20 22:29:34 INFO  Progress (1): 0.6/1.6 MB
2022.12.20 22:29:34 INFO  Progress (1): 0.6/1.6 MB
2022.12.20 22:29:34 INFO  Progress (1): 0.6/1.6 MB
2022.12.20 22:29:34 INFO  Progress (1): 0.6/1.6 MB
2022.12.20 22:29:34 INFO  Progress (1): 0.6/1.6 MB
2022.12.20 22:29:34 INFO  Progress (1): 0.6/1.6 MB
2022.12.20 22:29:34 INFO  Progress (1): 0.6/1.6 MB
2022.12.20 22:29:34 INFO  Progress (1): 0.7/1.6 MB
2022.12.20 22:29:34 INFO  Progress (1): 0.7/1.6 MB
2022.12.20 22:29:34 INFO  Progress (1): 0.7/1.6 MB
2022.12.20 22:29:34 INFO  Progress (1): 0.7/1.6 MB
2022.12.20 22:29:34 INFO  Progress (1): 0.7/1.6 MB
2022.12.20 22:29:34 INFO  Progress (1): 0.7/1.6 MB
2022.12.20 22:29:34 INFO  Progress (1): 0.7/1.6 MB
2022.12.20 22:29:34 INFO  Progress (1): 0.7/1.6 MB
2022.12.20 22:29:34 INFO  Progress (1): 0.7/1.6 MB
2022.12.20 22:29:34 INFO  Progress (1): 0.7/1.6 MB
2022.12.20 22:29:34 INFO  Progress (1): 0.7/1.6 MB
2022.12.20 22:29:34 INFO  Progress (1): 0.7/1.6 MB
2022.12.20 22:29:34 INFO  Progress (1): 0.7/1.6 MB
2022.12.20 22:29:34 INFO  Progress (1): 0.8/1.6 MB
2022.12.20 22:29:34 INFO  Progress (1): 0.8/1.6 MB
2022.12.20 22:29:34 INFO  Progress (1): 0.8/1.6 MB
2022.12.20 22:29:34 INFO  Progress (1): 0.8/1.6 MB
2022.12.20 22:29:34 INFO  Progress (1): 0.8/1.6 MB
2022.12.20 22:29:34 INFO  Progress (1): 0.8/1.6 MB
2022.12.20 22:29:34 INFO  Progress (1): 0.8/1.6 MB
2022.12.20 22:29:34 INFO  Progress (1): 0.8/1.6 MB
2022.12.20 22:29:34 INFO  Progress (1): 0.8/1.6 MB
2022.12.20 22:29:34 INFO  Progress (1): 0.8/1.6 MB
2022.12.20 22:29:34 INFO  Progress (1): 0.8/1.6 MB
2022.12.20 22:29:34 INFO  Progress (1): 0.8/1.6 MB
2022.12.20 22:29:34 INFO  Progress (1): 0.9/1.6 MB
2022.12.20 22:29:34 INFO  Progress (1): 0.9/1.6 MB
2022.12.20 22:29:34 INFO  Progress (1): 0.9/1.6 MB
2022.12.20 22:29:34 INFO  Progress (1): 0.9/1.6 MB
2022.12.20 22:29:34 INFO  Progress (1): 0.9/1.6 MB
2022.12.20 22:29:34 INFO  Progress (1): 0.9/1.6 MB
2022.12.20 22:29:34 INFO  Progress (1): 0.9/1.6 MB
2022.12.20 22:29:34 INFO  Progress (1): 0.9/1.6 MB
2022.12.20 22:29:34 INFO  Progress (1): 0.9/1.6 MB
2022.12.20 22:29:34 INFO  Progress (1): 0.9/1.6 MB
2022.12.20 22:29:34 INFO  Progress (1): 0.9/1.6 MB
2022.12.20 22:29:34 INFO  Progress (1): 1.0/1.6 MB
2022.12.20 22:29:34 INFO  Progress (1): 1.0/1.6 MB
2022.12.20 22:29:34 INFO  Progress (1): 1.0/1.6 MB
2022.12.20 22:29:34 INFO  Progress (1): 1.0/1.6 MB
2022.12.20 22:29:34 INFO  Progress (1): 1.0/1.6 MB
2022.12.20 22:29:34 INFO  Progress (1): 1.0/1.6 MB
2022.12.20 22:29:34 INFO  Progress (1): 1.0/1.6 MB
2022.12.20 22:29:34 INFO  Progress (1): 1.0/1.6 MB
2022.12.20 22:29:34 INFO  Progress (1): 1.0/1.6 MB
2022.12.20 22:29:34 INFO  Progress (1): 1.0/1.6 MB
2022.12.20 22:29:34 INFO  Progress (1): 1.0/1.6 MB
2022.12.20 22:29:34 INFO  Progress (1): 1.0/1.6 MB
2022.12.20 22:29:34 INFO  Progress (1): 1.0/1.6 MB
2022.12.20 22:29:34 INFO  Progress (1): 1.1/1.6 MB
2022.12.20 22:29:34 INFO  Progress (1): 1.1/1.6 MB
2022.12.20 22:29:34 INFO  Progress (1): 1.1/1.6 MB
2022.12.20 22:29:34 INFO  Progress (1): 1.1/1.6 MB
2022.12.20 22:29:34 INFO  Progress (1): 1.1/1.6 MB
2022.12.20 22:29:34 INFO  Progress (1): 1.1/1.6 MB
2022.12.20 22:29:34 INFO  Progress (1): 1.1/1.6 MB
2022.12.20 22:29:34 INFO  Progress (1): 1.1/1.6 MB
2022.12.20 22:29:34 INFO  Progress (1): 1.1/1.6 MB
2022.12.20 22:29:34 INFO  Progress (1): 1.1/1.6 MB
2022.12.20 22:29:34 INFO  Progress (1): 1.1/1.6 MB
2022.12.20 22:29:34 INFO  Progress (1): 1.1/1.6 MB
2022.12.20 22:29:34 INFO  Progress (1): 1.2/1.6 MB
2022.12.20 22:29:34 INFO  Progress (1): 1.2/1.6 MB
2022.12.20 22:29:34 INFO  Progress (1): 1.2/1.6 MB
2022.12.20 22:29:34 INFO  Progress (1): 1.2/1.6 MB
2022.12.20 22:29:34 INFO  Progress (1): 1.2/1.6 MB
2022.12.20 22:29:34 INFO  Progress (1): 1.2/1.6 MB
2022.12.20 22:29:34 INFO  Progress (1): 1.2/1.6 MB
2022.12.20 22:29:34 INFO  Progress (1): 1.2/1.6 MB
2022.12.20 22:29:34 INFO  Progress (1): 1.2/1.6 MB
2022.12.20 22:29:34 INFO  Progress (1): 1.2/1.6 MB
2022.12.20 22:29:34 INFO  Progress (1): 1.2/1.6 MB
2022.12.20 22:29:34 INFO  Progress (1): 1.2/1.6 MB
2022.12.20 22:29:34 INFO  Progress (1): 1.3/1.6 MB
2022.12.20 22:29:34 INFO  Progress (1): 1.3/1.6 MB
2022.12.20 22:29:34 INFO  Progress (1): 1.3/1.6 MB
2022.12.20 22:29:34 INFO  Progress (1): 1.3/1.6 MB
2022.12.20 22:29:34 INFO  Progress (1): 1.3/1.6 MB
2022.12.20 22:29:34 INFO  Progress (1): 1.3/1.6 MB
2022.12.20 22:29:34 INFO  Progress (1): 1.3/1.6 MB
2022.12.20 22:29:34 INFO  Progress (1): 1.3/1.6 MB
2022.12.20 22:29:34 INFO  Progress (1): 1.3/1.6 MB
2022.12.20 22:29:34 INFO  Progress (1): 1.3/1.6 MB
2022.12.20 22:29:34 INFO  Progress (1): 1.3/1.6 MB
2022.12.20 22:29:34 INFO  Progress (1): 1.3/1.6 MB
2022.12.20 22:29:34 INFO  Progress (1): 1.4/1.6 MB
2022.12.20 22:29:34 INFO  Progress (1): 1.4/1.6 MB
2022.12.20 22:29:34 INFO  Progress (1): 1.4/1.6 MB
2022.12.20 22:29:34 INFO  Progress (1): 1.4/1.6 MB
2022.12.20 22:29:34 INFO  Progress (1): 1.4/1.6 MB
2022.12.20 22:29:34 INFO  Progress (1): 1.4/1.6 MB
2022.12.20 22:29:34 INFO  Progress (1): 1.4/1.6 MB
2022.12.20 22:29:34 INFO  Progress (1): 1.4/1.6 MB
2022.12.20 22:29:34 INFO  Progress (1): 1.4/1.6 MB
2022.12.20 22:29:34 INFO  Progress (1): 1.4/1.6 MB
2022.12.20 22:29:34 INFO  Progress (1): 1.4/1.6 MB
2022.12.20 22:29:34 INFO  Progress (1): 1.4/1.6 MB
2022.12.20 22:29:34 INFO  Progress (1): 1.5/1.6 MB
2022.12.20 22:29:34 INFO  Progress (1): 1.5/1.6 MB
2022.12.20 22:29:34 INFO  Progress (1): 1.5/1.6 MB
2022.12.20 22:29:34 INFO  Progress (1): 1.5/1.6 MB
2022.12.20 22:29:34 INFO  Progress (1): 1.5/1.6 MB
2022.12.20 22:29:34 INFO  Progress (1): 1.5/1.6 MB
2022.12.20 22:29:34 INFO  Progress (1): 1.5/1.6 MB
2022.12.20 22:29:34 INFO  Progress (1): 1.5/1.6 MB
2022.12.20 22:29:34 INFO  Progress (1): 1.5/1.6 MB
2022.12.20 22:29:34 INFO  Progress (1): 1.5/1.6 MB
2022.12.20 22:29:34 INFO  Progress (1): 1.5/1.6 MB
2022.12.20 22:29:34 INFO  Progress (1): 1.5/1.6 MB
2022.12.20 22:29:34 INFO  Progress (1): 1.5/1.6 MB
2022.12.20 22:29:34 INFO  Progress (1): 1.6/1.6 MB
2022.12.20 22:29:34 INFO  Progress (1): 1.6/1.6 MB
2022.12.20 22:29:34 INFO  Progress (1): 1.6/1.6 MB
2022.12.20 22:29:34 INFO  Progress (1): 1.6/1.6 MB
2022.12.20 22:29:34 INFO  Progress (1): 1.6/1.6 MB
2022.12.20 22:29:34 INFO  Progress (1): 1.6/1.6 MB
2022.12.20 22:29:34 INFO  Progress (1): 1.6/1.6 MB
2022.12.20 22:29:34 INFO  Progress (1): 1.6/1.6 MB
2022.12.20 22:29:34 INFO  Progress (1): 1.6/1.6 MB
2022.12.20 22:29:34 INFO  Progress (1): 1.6 MB    
2022.12.20 22:29:34 INFO                      
2022.12.20 22:29:34 INFO  Downloaded from central: https://repo.maven.apache.org/maven2/com/google/guava/guava/25.0-jre/guava-25.0-jre-sources.jar (1.6 MB at 3.6 MB/s)
2022.12.20 22:29:34 INFO  [INFO] SUCCESS: com.google.guava:guava:jar:25.0-jre:compile (sources = true)
2022.12.20 22:29:34 INFO  [INFO] Resolving artifact: net.lingala.zip4j:zip4j:jar:1.3.2:compile (sources = false)
2022.12.20 22:29:34 INFO  [INFO] SUCCESS: net.lingala.zip4j:zip4j:jar:1.3.2:compile (sources = false)
2022.12.20 22:29:34 INFO  [INFO] Resolving artifact: net.lingala.zip4j:zip4j:jar:1.3.2:compile (sources = true)
2022.12.20 22:29:34 INFO  Downloading from central: https://repo.maven.apache.org/maven2/net/lingala/zip4j/zip4j/1.3.2/zip4j-1.3.2-sources.jar
2022.12.20 22:29:34 INFO  Progress (1): 4.1/102 kB
2022.12.20 22:29:34 INFO  Progress (1): 8.2/102 kB
2022.12.20 22:29:34 INFO  Progress (1): 12/102 kB 
2022.12.20 22:29:34 INFO  Progress (1): 16/102 kB
2022.12.20 22:29:34 INFO  Progress (1): 20/102 kB
2022.12.20 22:29:34 INFO  Progress (1): 24/102 kB
2022.12.20 22:29:34 INFO  Progress (1): 28/102 kB
2022.12.20 22:29:34 INFO  Progress (1): 32/102 kB
2022.12.20 22:29:34 INFO  Progress (1): 36/102 kB
2022.12.20 22:29:34 INFO  Progress (1): 40/102 kB
2022.12.20 22:29:34 INFO  Progress (1): 45/102 kB
2022.12.20 22:29:34 INFO  Progress (1): 49/102 kB
2022.12.20 22:29:34 INFO  Progress (1): 53/102 kB
2022.12.20 22:29:34 INFO  Progress (1): 57/102 kB
2022.12.20 22:29:34 INFO  Progress (1): 61/102 kB
2022.12.20 22:29:34 INFO  Progress (1): 65/102 kB
2022.12.20 22:29:34 INFO  Progress (1): 69/102 kB
2022.12.20 22:29:34 INFO  Progress (1): 73/102 kB
2022.12.20 22:29:34 INFO  Progress (1): 77/102 kB
2022.12.20 22:29:34 INFO  Progress (1): 81/102 kB
2022.12.20 22:29:34 INFO  Progress (1): 85/102 kB
2022.12.20 22:29:34 INFO  Progress (1): 90/102 kB
2022.12.20 22:29:34 INFO  Progress (1): 94/102 kB
2022.12.20 22:29:34 INFO  Progress (1): 98/102 kB
2022.12.20 22:29:34 INFO  Progress (1): 102/102 kB
2022.12.20 22:29:34 INFO  Progress (1): 102 kB    
2022.12.20 22:29:34 INFO                      
2022.12.20 22:29:34 INFO  Downloaded from central: https://repo.maven.apache.org/maven2/net/lingala/zip4j/zip4j/1.3.2/zip4j-1.3.2-sources.jar (102 kB at 318 kB/s)
2022.12.20 22:29:34 INFO  [INFO] SUCCESS: net.lingala.zip4j:zip4j:jar:1.3.2:compile (sources = true)
2022.12.20 22:29:34 INFO  [INFO] Resolving artifact: info.cukes:cucumber-java:jar:1.2.5:compile (sources = false)
2022.12.20 22:29:34 INFO  [INFO] SUCCESS: info.cukes:cucumber-java:jar:1.2.5:compile (sources = false)
2022.12.20 22:29:34 INFO  [INFO] Resolving artifact: info.cukes:cucumber-java:jar:1.2.5:compile (sources = true)
2022.12.20 22:29:34 INFO  Downloading from central: https://repo.maven.apache.org/maven2/info/cukes/cucumber-java/1.2.5/cucumber-java-1.2.5-sources.jar
2022.12.20 22:29:34 INFO  Progress (1): 4.1/213 kB
2022.12.20 22:29:34 INFO  Progress (1): 8.2/213 kB
2022.12.20 22:29:34 INFO  Progress (1): 12/213 kB 
2022.12.20 22:29:34 INFO  Progress (1): 16/213 kB
2022.12.20 22:29:34 INFO  Progress (1): 20/213 kB
2022.12.20 22:29:34 INFO  Progress (1): 25/213 kB
2022.12.20 22:29:34 INFO  Progress (1): 29/213 kB
2022.12.20 22:29:34 INFO  Progress (1): 33/213 kB
2022.12.20 22:29:34 INFO  Progress (1): 37/213 kB
2022.12.20 22:29:34 INFO  Progress (1): 41/213 kB
2022.12.20 22:29:34 INFO  Progress (1): 45/213 kB
2022.12.20 22:29:34 INFO  Progress (1): 49/213 kB
2022.12.20 22:29:34 INFO  Progress (1): 53/213 kB
2022.12.20 22:29:34 INFO  Progress (1): 57/213 kB
2022.12.20 22:29:34 INFO  Progress (1): 61/213 kB
2022.12.20 22:29:34 INFO  Progress (1): 66/213 kB
2022.12.20 22:29:34 INFO  Progress (1): 70/213 kB
2022.12.20 22:29:34 INFO  Progress (1): 74/213 kB
2022.12.20 22:29:34 INFO  Progress (1): 78/213 kB
2022.12.20 22:29:34 INFO  Progress (1): 82/213 kB
2022.12.20 22:29:34 INFO  Progress (1): 86/213 kB
2022.12.20 22:29:34 INFO  Progress (1): 90/213 kB
2022.12.20 22:29:34 INFO  Progress (1): 94/213 kB
2022.12.20 22:29:34 INFO  Progress (1): 98/213 kB
2022.12.20 22:29:34 INFO  Progress (1): 102/213 kB
2022.12.20 22:29:34 INFO  Progress (1): 106/213 kB
2022.12.20 22:29:34 INFO  Progress (1): 111/213 kB
2022.12.20 22:29:34 INFO  Progress (1): 115/213 kB
2022.12.20 22:29:34 INFO  Progress (1): 119/213 kB
2022.12.20 22:29:34 INFO  Progress (1): 123/213 kB
2022.12.20 22:29:34 INFO  Progress (1): 127/213 kB
2022.12.20 22:29:34 INFO  Progress (1): 131/213 kB
2022.12.20 22:29:34 INFO  Progress (1): 135/213 kB
2022.12.20 22:29:34 INFO  Progress (1): 139/213 kB
2022.12.20 22:29:34 INFO  Progress (1): 143/213 kB
2022.12.20 22:29:34 INFO  Progress (1): 147/213 kB
2022.12.20 22:29:34 INFO  Progress (1): 152/213 kB
2022.12.20 22:29:34 INFO  Progress (1): 156/213 kB
2022.12.20 22:29:34 INFO  Progress (1): 160/213 kB
2022.12.20 22:29:34 INFO  Progress (1): 164/213 kB
2022.12.20 22:29:34 INFO  Progress (1): 168/213 kB
2022.12.20 22:29:34 INFO  Progress (1): 172/213 kB
2022.12.20 22:29:34 INFO  Progress (1): 176/213 kB
2022.12.20 22:29:34 INFO  Progress (1): 180/213 kB
2022.12.20 22:29:34 INFO  Progress (1): 184/213 kB
2022.12.20 22:29:34 INFO  Progress (1): 188/213 kB
2022.12.20 22:29:34 INFO  Progress (1): 193/213 kB
2022.12.20 22:29:34 INFO  Progress (1): 197/213 kB
2022.12.20 22:29:34 INFO  Progress (1): 201/213 kB
2022.12.20 22:29:34 INFO  Progress (1): 205/213 kB
2022.12.20 22:29:34 INFO  Progress (1): 209/213 kB
2022.12.20 22:29:34 INFO  Progress (1): 213 kB    
2022.12.20 22:29:34 INFO                      
2022.12.20 22:29:34 INFO  Downloaded from central: https://repo.maven.apache.org/maven2/info/cukes/cucumber-java/1.2.5/cucumber-java-1.2.5-sources.jar (213 kB at 717 kB/s)
2022.12.20 22:29:34 INFO  [INFO] SUCCESS: info.cukes:cucumber-java:jar:1.2.5:compile (sources = true)
2022.12.20 22:29:34 INFO  [INFO] Resolving artifact: joda-time:joda-time:jar:2.9.9:compile (sources = false)
2022.12.20 22:29:34 INFO  [INFO] SUCCESS: joda-time:joda-time:jar:2.9.9:compile (sources = false)
2022.12.20 22:29:34 INFO  [INFO] Resolving artifact: joda-time:joda-time:jar:2.9.9:compile (sources = true)
2022.12.20 22:29:34 INFO  Downloading from central: https://repo.maven.apache.org/maven2/joda-time/joda-time/2.9.9/joda-time-2.9.9-sources.jar
2022.12.20 22:29:35 INFO  Progress (1): 4.1/779 kB
2022.12.20 22:29:35 INFO  Progress (1): 8.2/779 kB
2022.12.20 22:29:35 INFO  Progress (1): 12/779 kB 
2022.12.20 22:29:35 INFO  Progress (1): 16/779 kB
2022.12.20 22:29:35 INFO  Progress (1): 20/779 kB
2022.12.20 22:29:35 INFO  Progress (1): 25/779 kB
2022.12.20 22:29:35 INFO  Progress (1): 29/779 kB
2022.12.20 22:29:35 INFO  Progress (1): 33/779 kB
2022.12.20 22:29:35 INFO  Progress (1): 37/779 kB
2022.12.20 22:29:35 INFO  Progress (1): 41/779 kB
2022.12.20 22:29:35 INFO  Progress (1): 45/779 kB
2022.12.20 22:29:35 INFO  Progress (1): 49/779 kB
2022.12.20 22:29:35 INFO  Progress (1): 53/779 kB
2022.12.20 22:29:35 INFO  Progress (1): 57/779 kB
2022.12.20 22:29:35 INFO  Progress (1): 61/779 kB
2022.12.20 22:29:35 INFO  Progress (1): 66/779 kB
2022.12.20 22:29:35 INFO  Progress (1): 70/779 kB
2022.12.20 22:29:35 INFO  Progress (1): 74/779 kB
2022.12.20 22:29:35 INFO  Progress (1): 78/779 kB
2022.12.20 22:29:35 INFO  Progress (1): 82/779 kB
2022.12.20 22:29:35 INFO  Progress (1): 86/779 kB
2022.12.20 22:29:35 INFO  Progress (1): 90/779 kB
2022.12.20 22:29:35 INFO  Progress (1): 94/779 kB
2022.12.20 22:29:35 INFO  Progress (1): 98/779 kB
2022.12.20 22:29:35 INFO  Progress (1): 102/779 kB
2022.12.20 22:29:35 INFO  Progress (1): 106/779 kB
2022.12.20 22:29:35 INFO  Progress (1): 111/779 kB
2022.12.20 22:29:35 INFO  Progress (1): 115/779 kB
2022.12.20 22:29:35 INFO  Progress (1): 119/779 kB
2022.12.20 22:29:35 INFO  Progress (1): 123/779 kB
2022.12.20 22:29:35 INFO  Progress (1): 127/779 kB
2022.12.20 22:29:35 INFO  Progress (1): 131/779 kB
2022.12.20 22:29:35 INFO  Progress (1): 135/779 kB
2022.12.20 22:29:35 INFO  Progress (1): 139/779 kB
2022.12.20 22:29:35 INFO  Progress (1): 143/779 kB
2022.12.20 22:29:35 INFO  Progress (1): 147/779 kB
2022.12.20 22:29:35 INFO  Progress (1): 152/779 kB
2022.12.20 22:29:35 INFO  Progress (1): 156/779 kB
2022.12.20 22:29:35 INFO  Progress (1): 160/779 kB
2022.12.20 22:29:35 INFO  Progress (1): 164/779 kB
2022.12.20 22:29:35 INFO  Progress (1): 168/779 kB
2022.12.20 22:29:35 INFO  Progress (1): 172/779 kB
2022.12.20 22:29:35 INFO  Progress (1): 176/779 kB
2022.12.20 22:29:35 INFO  Progress (1): 180/779 kB
2022.12.20 22:29:35 INFO  Progress (1): 184/779 kB
2022.12.20 22:29:35 INFO  Progress (1): 188/779 kB
2022.12.20 22:29:35 INFO  Progress (1): 193/779 kB
2022.12.20 22:29:35 INFO  Progress (1): 197/779 kB
2022.12.20 22:29:35 INFO  Progress (1): 201/779 kB
2022.12.20 22:29:35 INFO  Progress (1): 205/779 kB
2022.12.20 22:29:35 INFO  Progress (1): 209/779 kB
2022.12.20 22:29:35 INFO  Progress (1): 213/779 kB
2022.12.20 22:29:35 INFO  Progress (1): 217/779 kB
2022.12.20 22:29:35 INFO  Progress (1): 221/779 kB
2022.12.20 22:29:35 INFO  Progress (1): 225/779 kB
2022.12.20 22:29:35 INFO  Progress (1): 229/779 kB
2022.12.20 22:29:35 INFO  Progress (1): 233/779 kB
2022.12.20 22:29:35 INFO  Progress (1): 238/779 kB
2022.12.20 22:29:35 INFO  Progress (1): 242/779 kB
2022.12.20 22:29:35 INFO  Progress (1): 246/779 kB
2022.12.20 22:29:35 INFO  Progress (1): 250/779 kB
2022.12.20 22:29:35 INFO  Progress (1): 254/779 kB
2022.12.20 22:29:35 INFO  Progress (1): 258/779 kB
2022.12.20 22:29:35 INFO  Progress (1): 262/779 kB
2022.12.20 22:29:35 INFO  Progress (1): 266/779 kB
2022.12.20 22:29:35 INFO  Progress (1): 270/779 kB
2022.12.20 22:29:35 INFO  Progress (1): 274/779 kB
2022.12.20 22:29:35 INFO  Progress (1): 279/779 kB
2022.12.20 22:29:35 INFO  Progress (1): 283/779 kB
2022.12.20 22:29:35 INFO  Progress (1): 287/779 kB
2022.12.20 22:29:35 INFO  Progress (1): 291/779 kB
2022.12.20 22:29:35 INFO  Progress (1): 295/779 kB
2022.12.20 22:29:35 INFO  Progress (1): 299/779 kB
2022.12.20 22:29:35 INFO  Progress (1): 303/779 kB
2022.12.20 22:29:35 INFO  Progress (1): 307/779 kB
2022.12.20 22:29:35 INFO  Progress (1): 311/779 kB
2022.12.20 22:29:35 INFO  Progress (1): 315/779 kB
2022.12.20 22:29:35 INFO  Progress (1): 319/779 kB
2022.12.20 22:29:35 INFO  Progress (1): 324/779 kB
2022.12.20 22:29:35 INFO  Progress (1): 328/779 kB
2022.12.20 22:29:35 INFO  Progress (1): 332/779 kB
2022.12.20 22:29:35 INFO  Progress (1): 336/779 kB
2022.12.20 22:29:35 INFO  Progress (1): 340/779 kB
2022.12.20 22:29:35 INFO  Progress (1): 344/779 kB
2022.12.20 22:29:35 INFO  Progress (1): 348/779 kB
2022.12.20 22:29:35 INFO  Progress (1): 352/779 kB
2022.12.20 22:29:35 INFO  Progress (1): 356/779 kB
2022.12.20 22:29:35 INFO  Progress (1): 360/779 kB
2022.12.20 22:29:35 INFO  Progress (1): 365/779 kB
2022.12.20 22:29:35 INFO  Progress (1): 369/779 kB
2022.12.20 22:29:35 INFO  Progress (1): 373/779 kB
2022.12.20 22:29:35 INFO  Progress (1): 377/779 kB
2022.12.20 22:29:35 INFO  Progress (1): 381/779 kB
2022.12.20 22:29:35 INFO  Progress (1): 385/779 kB
2022.12.20 22:29:35 INFO  Progress (1): 389/779 kB
2022.12.20 22:29:35 INFO  Progress (1): 393/779 kB
2022.12.20 22:29:35 INFO  Progress (1): 397/779 kB
2022.12.20 22:29:35 INFO  Progress (1): 401/779 kB
2022.12.20 22:29:35 INFO  Progress (1): 406/779 kB
2022.12.20 22:29:35 INFO  Progress (1): 410/779 kB
2022.12.20 22:29:35 INFO  Progress (1): 414/779 kB
2022.12.20 22:29:35 INFO  Progress (1): 418/779 kB
2022.12.20 22:29:35 INFO  Progress (1): 422/779 kB
2022.12.20 22:29:35 INFO  Progress (1): 426/779 kB
2022.12.20 22:29:35 INFO  Progress (1): 430/779 kB
2022.12.20 22:29:35 INFO  Progress (1): 434/779 kB
2022.12.20 22:29:35 INFO  Progress (1): 438/779 kB
2022.12.20 22:29:35 INFO  Progress (1): 442/779 kB
2022.12.20 22:29:35 INFO  Progress (1): 446/779 kB
2022.12.20 22:29:35 INFO  Progress (1): 451/779 kB
2022.12.20 22:29:35 INFO  Progress (1): 455/779 kB
2022.12.20 22:29:35 INFO  Progress (1): 459/779 kB
2022.12.20 22:29:35 INFO  Progress (1): 463/779 kB
2022.12.20 22:29:35 INFO  Progress (1): 467/779 kB
2022.12.20 22:29:35 INFO  Progress (1): 471/779 kB
2022.12.20 22:29:35 INFO  Progress (1): 475/779 kB
2022.12.20 22:29:35 INFO  Progress (1): 479/779 kB
2022.12.20 22:29:35 INFO  Progress (1): 483/779 kB
2022.12.20 22:29:35 INFO  Progress (1): 487/779 kB
2022.12.20 22:29:35 INFO  Progress (1): 492/779 kB
2022.12.20 22:29:35 INFO  Progress (1): 496/779 kB
2022.12.20 22:29:35 INFO  Progress (1): 500/779 kB
2022.12.20 22:29:35 INFO  Progress (1): 504/779 kB
2022.12.20 22:29:35 INFO  Progress (1): 508/779 kB
2022.12.20 22:29:35 INFO  Progress (1): 512/779 kB
2022.12.20 22:29:35 INFO  Progress (1): 516/779 kB
2022.12.20 22:29:35 INFO  Progress (1): 520/779 kB
2022.12.20 22:29:35 INFO  Progress (1): 524/779 kB
2022.12.20 22:29:35 INFO  Progress (1): 528/779 kB
2022.12.20 22:29:35 INFO  Progress (1): 532/779 kB
2022.12.20 22:29:35 INFO  Progress (1): 536/779 kB
2022.12.20 22:29:35 INFO  Progress (1): 540/779 kB
2022.12.20 22:29:35 INFO  Progress (1): 544/779 kB
2022.12.20 22:29:35 INFO  Progress (1): 548/779 kB
2022.12.20 22:29:35 INFO  Progress (1): 553/779 kB
2022.12.20 22:29:35 INFO  Progress (1): 557/779 kB
2022.12.20 22:29:35 INFO  Progress (1): 561/779 kB
2022.12.20 22:29:35 INFO  Progress (1): 565/779 kB
2022.12.20 22:29:35 INFO  Progress (1): 569/779 kB
2022.12.20 22:29:35 INFO  Progress (1): 573/779 kB
2022.12.20 22:29:35 INFO  Progress (1): 577/779 kB
2022.12.20 22:29:35 INFO  Progress (1): 581/779 kB
2022.12.20 22:29:35 INFO  Progress (1): 585/779 kB
2022.12.20 22:29:35 INFO  Progress (1): 589/779 kB
2022.12.20 22:29:35 INFO  Progress (1): 594/779 kB
2022.12.20 22:29:35 INFO  Progress (1): 598/779 kB
2022.12.20 22:29:35 INFO  Progress (1): 602/779 kB
2022.12.20 22:29:35 INFO  Progress (1): 606/779 kB
2022.12.20 22:29:35 INFO  Progress (1): 610/779 kB
2022.12.20 22:29:35 INFO  Progress (1): 614/779 kB
2022.12.20 22:29:35 INFO  Progress (1): 618/779 kB
2022.12.20 22:29:35 INFO  Progress (1): 622/779 kB
2022.12.20 22:29:35 INFO  Progress (1): 626/779 kB
2022.12.20 22:29:35 INFO  Progress (1): 630/779 kB
2022.12.20 22:29:35 INFO  Progress (1): 634/779 kB
2022.12.20 22:29:35 INFO  Progress (1): 639/779 kB
2022.12.20 22:29:35 INFO  Progress (1): 643/779 kB
2022.12.20 22:29:35 INFO  Progress (1): 647/779 kB
2022.12.20 22:29:35 INFO  Progress (1): 651/779 kB
2022.12.20 22:29:35 INFO  Progress (1): 655/779 kB
2022.12.20 22:29:35 INFO  Progress (1): 659/779 kB
2022.12.20 22:29:35 INFO  Progress (1): 663/779 kB
2022.12.20 22:29:35 INFO  Progress (1): 667/779 kB
2022.12.20 22:29:35 INFO  Progress (1): 671/779 kB
2022.12.20 22:29:35 INFO  Progress (1): 675/779 kB
2022.12.20 22:29:35 INFO  Progress (1): 680/779 kB
2022.12.20 22:29:35 INFO  Progress (1): 684/779 kB
2022.12.20 22:29:35 INFO  Progress (1): 688/779 kB
2022.12.20 22:29:35 INFO  Progress (1): 692/779 kB
2022.12.20 22:29:35 INFO  Progress (1): 696/779 kB
2022.12.20 22:29:35 INFO  Progress (1): 700/779 kB
2022.12.20 22:29:35 INFO  Progress (1): 704/779 kB
2022.12.20 22:29:35 INFO  Progress (1): 708/779 kB
2022.12.20 22:29:35 INFO  Progress (1): 712/779 kB
2022.12.20 22:29:35 INFO  Progress (1): 716/779 kB
2022.12.20 22:29:35 INFO  Progress (1): 721/779 kB
2022.12.20 22:29:35 INFO  Progress (1): 725/779 kB
2022.12.20 22:29:35 INFO  Progress (1): 729/779 kB
2022.12.20 22:29:35 INFO  Progress (1): 733/779 kB
2022.12.20 22:29:35 INFO  Progress (1): 737/779 kB
2022.12.20 22:29:35 INFO  Progress (1): 741/779 kB
2022.12.20 22:29:35 INFO  Progress (1): 745/779 kB
2022.12.20 22:29:35 INFO  Progress (1): 749/779 kB
2022.12.20 22:29:35 INFO  Progress (1): 753/779 kB
2022.12.20 22:29:35 INFO  Progress (1): 757/779 kB
2022.12.20 22:29:35 INFO  Progress (1): 761/779 kB
2022.12.20 22:29:35 INFO  Progress (1): 766/779 kB
2022.12.20 22:29:35 INFO  Progress (1): 770/779 kB
2022.12.20 22:29:35 INFO  Progress (1): 774/779 kB
2022.12.20 22:29:35 INFO  Progress (1): 778/779 kB
2022.12.20 22:29:35 INFO  Progress (1): 779 kB    
2022.12.20 22:29:35 INFO                      
2022.12.20 22:29:35 INFO  Downloaded from central: https://repo.maven.apache.org/maven2/joda-time/joda-time/2.9.9/joda-time-2.9.9-sources.jar (779 kB at 2.2 MB/s)
2022.12.20 22:29:35 INFO  [INFO] SUCCESS: joda-time:joda-time:jar:2.9.9:compile (sources = true)
2022.12.20 22:29:35 INFO  [INFO] Resolving artifact: org.apache.commons:commons-lang3:jar:3.8.1:compile (sources = false)
2022.12.20 22:29:35 INFO  [INFO] SUCCESS: org.apache.commons:commons-lang3:jar:3.8.1:compile (sources = false)
2022.12.20 22:29:35 INFO  [INFO] Resolving artifact: org.apache.commons:commons-lang3:jar:3.8.1:compile (sources = true)
2022.12.20 22:29:35 INFO  Downloading from central: https://repo.maven.apache.org/maven2/org/apache/commons/commons-lang3/3.8.1/commons-lang3-3.8.1-sources.jar
2022.12.20 22:29:35 INFO  Progress (1): 4.1/553 kB
2022.12.20 22:29:35 INFO  Progress (1): 8.2/553 kB
2022.12.20 22:29:35 INFO  Progress (1): 12/553 kB 
2022.12.20 22:29:35 INFO  Progress (1): 16/553 kB
2022.12.20 22:29:35 INFO  Progress (1): 20/553 kB
2022.12.20 22:29:35 INFO  Progress (1): 25/553 kB
2022.12.20 22:29:35 INFO  Progress (1): 29/553 kB
2022.12.20 22:29:35 INFO  Progress (1): 33/553 kB
2022.12.20 22:29:35 INFO  Progress (1): 37/553 kB
2022.12.20 22:29:35 INFO  Progress (1): 41/553 kB
2022.12.20 22:29:35 INFO  Progress (1): 45/553 kB
2022.12.20 22:29:35 INFO  Progress (1): 49/553 kB
2022.12.20 22:29:35 INFO  Progress (1): 53/553 kB
2022.12.20 22:29:35 INFO  Progress (1): 57/553 kB
2022.12.20 22:29:35 INFO  Progress (1): 61/553 kB
2022.12.20 22:29:35 INFO  Progress (1): 66/553 kB
2022.12.20 22:29:35 INFO  Progress (1): 70/553 kB
2022.12.20 22:29:35 INFO  Progress (1): 74/553 kB
2022.12.20 22:29:35 INFO  Progress (1): 78/553 kB
2022.12.20 22:29:35 INFO  Progress (1): 82/553 kB
2022.12.20 22:29:35 INFO  Progress (1): 86/553 kB
2022.12.20 22:29:35 INFO  Progress (1): 90/553 kB
2022.12.20 22:29:35 INFO  Progress (1): 94/553 kB
2022.12.20 22:29:35 INFO  Progress (1): 98/553 kB
2022.12.20 22:29:35 INFO  Progress (1): 102/553 kB
2022.12.20 22:29:35 INFO  Progress (1): 106/553 kB
2022.12.20 22:29:35 INFO  Progress (1): 111/553 kB
2022.12.20 22:29:35 INFO  Progress (1): 115/553 kB
2022.12.20 22:29:35 INFO  Progress (1): 119/553 kB
2022.12.20 22:29:35 INFO  Progress (1): 123/553 kB
2022.12.20 22:29:35 INFO  Progress (1): 127/553 kB
2022.12.20 22:29:35 INFO  Progress (1): 131/553 kB
2022.12.20 22:29:35 INFO  Progress (1): 135/553 kB
2022.12.20 22:29:35 INFO  Progress (1): 139/553 kB
2022.12.20 22:29:35 INFO  Progress (1): 143/553 kB
2022.12.20 22:29:35 INFO  Progress (1): 147/553 kB
2022.12.20 22:29:35 INFO  Progress (1): 152/553 kB
2022.12.20 22:29:35 INFO  Progress (1): 156/553 kB
2022.12.20 22:29:35 INFO  Progress (1): 160/553 kB
2022.12.20 22:29:35 INFO  Progress (1): 164/553 kB
2022.12.20 22:29:35 INFO  Progress (1): 168/553 kB
2022.12.20 22:29:35 INFO  Progress (1): 172/553 kB
2022.12.20 22:29:35 INFO  Progress (1): 176/553 kB
2022.12.20 22:29:35 INFO  Progress (1): 180/553 kB
2022.12.20 22:29:35 INFO  Progress (1): 184/553 kB
2022.12.20 22:29:35 INFO  Progress (1): 188/553 kB
2022.12.20 22:29:35 INFO  Progress (1): 193/553 kB
2022.12.20 22:29:35 INFO  Progress (1): 197/553 kB
2022.12.20 22:29:35 INFO  Progress (1): 201/553 kB
2022.12.20 22:29:35 INFO  Progress (1): 205/553 kB
2022.12.20 22:29:35 INFO  Progress (1): 209/553 kB
2022.12.20 22:29:35 INFO  Progress (1): 213/553 kB
2022.12.20 22:29:35 INFO  Progress (1): 217/553 kB
2022.12.20 22:29:35 INFO  Progress (1): 221/553 kB
2022.12.20 22:29:35 INFO  Progress (1): 225/553 kB
2022.12.20 22:29:35 INFO  Progress (1): 229/553 kB
2022.12.20 22:29:35 INFO  Progress (1): 233/553 kB
2022.12.20 22:29:35 INFO  Progress (1): 238/553 kB
2022.12.20 22:29:35 INFO  Progress (1): 242/553 kB
2022.12.20 22:29:35 INFO  Progress (1): 246/553 kB
2022.12.20 22:29:35 INFO  Progress (1): 250/553 kB
2022.12.20 22:29:35 INFO  Progress (1): 254/553 kB
2022.12.20 22:29:35 INFO  Progress (1): 258/553 kB
2022.12.20 22:29:35 INFO  Progress (1): 262/553 kB
2022.12.20 22:29:35 INFO  Progress (1): 266/553 kB
2022.12.20 22:29:35 INFO  Progress (1): 270/553 kB
2022.12.20 22:29:35 INFO  Progress (1): 274/553 kB
2022.12.20 22:29:35 INFO  Progress (1): 279/553 kB
2022.12.20 22:29:35 INFO  Progress (1): 283/553 kB
2022.12.20 22:29:35 INFO  Progress (1): 287/553 kB
2022.12.20 22:29:35 INFO  Progress (1): 291/553 kB
2022.12.20 22:29:35 INFO  Progress (1): 295/553 kB
2022.12.20 22:29:35 INFO  Progress (1): 299/553 kB
2022.12.20 22:29:35 INFO  Progress (1): 303/553 kB
2022.12.20 22:29:35 INFO  Progress (1): 307/553 kB
2022.12.20 22:29:35 INFO  Progress (1): 311/553 kB
2022.12.20 22:29:35 INFO  Progress (1): 315/553 kB
2022.12.20 22:29:35 INFO  Progress (1): 319/553 kB
2022.12.20 22:29:35 INFO  Progress (1): 324/553 kB
2022.12.20 22:29:35 INFO  Progress (1): 328/553 kB
2022.12.20 22:29:35 INFO  Progress (1): 332/553 kB
2022.12.20 22:29:35 INFO  Progress (1): 336/553 kB
2022.12.20 22:29:35 INFO  Progress (1): 340/553 kB
2022.12.20 22:29:35 INFO  Progress (1): 344/553 kB
2022.12.20 22:29:35 INFO  Progress (1): 348/553 kB
2022.12.20 22:29:35 INFO  Progress (1): 352/553 kB
2022.12.20 22:29:35 INFO  Progress (1): 356/553 kB
2022.12.20 22:29:35 INFO  Progress (1): 360/553 kB
2022.12.20 22:29:35 INFO  Progress (1): 365/553 kB
2022.12.20 22:29:35 INFO  Progress (1): 369/553 kB
2022.12.20 22:29:35 INFO  Progress (1): 373/553 kB
2022.12.20 22:29:35 INFO  Progress (1): 377/553 kB
2022.12.20 22:29:35 INFO  Progress (1): 381/553 kB
2022.12.20 22:29:35 INFO  Progress (1): 385/553 kB
2022.12.20 22:29:35 INFO  Progress (1): 389/553 kB
2022.12.20 22:29:35 INFO  Progress (1): 393/553 kB
2022.12.20 22:29:35 INFO  Progress (1): 397/553 kB
2022.12.20 22:29:35 INFO  Progress (1): 401/553 kB
2022.12.20 22:29:35 INFO  Progress (1): 406/553 kB
2022.12.20 22:29:35 INFO  Progress (1): 410/553 kB
2022.12.20 22:29:35 INFO  Progress (1): 414/553 kB
2022.12.20 22:29:35 INFO  Progress (1): 418/553 kB
2022.12.20 22:29:35 INFO  Progress (1): 422/553 kB
2022.12.20 22:29:35 INFO  Progress (1): 426/553 kB
2022.12.20 22:29:35 INFO  Progress (1): 430/553 kB
2022.12.20 22:29:35 INFO  Progress (1): 434/553 kB
2022.12.20 22:29:35 INFO  Progress (1): 438/553 kB
2022.12.20 22:29:35 INFO  Progress (1): 442/553 kB
2022.12.20 22:29:35 INFO  Progress (1): 446/553 kB
2022.12.20 22:29:35 INFO  Progress (1): 451/553 kB
2022.12.20 22:29:35 INFO  Progress (1): 455/553 kB
2022.12.20 22:29:35 INFO  Progress (1): 459/553 kB
2022.12.20 22:29:35 INFO  Progress (1): 463/553 kB
2022.12.20 22:29:35 INFO  Progress (1): 467/553 kB
2022.12.20 22:29:35 INFO  Progress (1): 471/553 kB
2022.12.20 22:29:35 INFO  Progress (1): 475/553 kB
2022.12.20 22:29:35 INFO  Progress (1): 479/553 kB
2022.12.20 22:29:35 INFO  Progress (1): 483/553 kB
2022.12.20 22:29:35 INFO  Progress (1): 487/553 kB
2022.12.20 22:29:35 INFO  Progress (1): 492/553 kB
2022.12.20 22:29:35 INFO  Progress (1): 496/553 kB
2022.12.20 22:29:35 INFO  Progress (1): 500/553 kB
2022.12.20 22:29:35 INFO  Progress (1): 504/553 kB
2022.12.20 22:29:35 INFO  Progress (1): 508/553 kB
2022.12.20 22:29:35 INFO  Progress (1): 512/553 kB
2022.12.20 22:29:35 INFO  Progress (1): 516/553 kB
2022.12.20 22:29:35 INFO  Progress (1): 520/553 kB
2022.12.20 22:29:35 INFO  Progress (1): 524/553 kB
2022.12.20 22:29:35 INFO  Progress (1): 528/553 kB
2022.12.20 22:29:35 INFO  Progress (1): 532/553 kB
2022.12.20 22:29:35 INFO  Progress (1): 536/553 kB
2022.12.20 22:29:35 INFO  Progress (1): 540/553 kB
2022.12.20 22:29:35 INFO  Progress (1): 544/553 kB
2022.12.20 22:29:35 INFO  Progress (1): 548/553 kB
2022.12.20 22:29:35 INFO  Progress (1): 553/553 kB
2022.12.20 22:29:35 INFO  Progress (1): 553 kB    
2022.12.20 22:29:35 INFO                      
2022.12.20 22:29:35 INFO  Downloaded from central: https://repo.maven.apache.org/maven2/org/apache/commons/commons-lang3/3.8.1/commons-lang3-3.8.1-sources.jar (553 kB at 1.7 MB/s)
2022.12.20 22:29:35 INFO  [INFO] SUCCESS: org.apache.commons:commons-lang3:jar:3.8.1:compile (sources = true)
2022.12.20 22:29:35 INFO  [INFO] Resolving artifact: org.apache.logging.log4j:log4j-api:jar:2.8.2:compile (sources = false)
2022.12.20 22:29:35 INFO  [INFO] SUCCESS: org.apache.logging.log4j:log4j-api:jar:2.8.2:compile (sources = false)
2022.12.20 22:29:35 INFO  [INFO] Resolving artifact: org.apache.logging.log4j:log4j-api:jar:2.8.2:compile (sources = true)
2022.12.20 22:29:35 INFO  Downloading from central: https://repo.maven.apache.org/maven2/org/apache/logging/log4j/log4j-api/2.8.2/log4j-api-2.8.2-sources.jar
2022.12.20 22:29:35 INFO  Progress (1): 4.1/218 kB
2022.12.20 22:29:35 INFO  Progress (1): 8.2/218 kB
2022.12.20 22:29:35 INFO  Progress (1): 12/218 kB 
2022.12.20 22:29:35 INFO  Progress (1): 16/218 kB
2022.12.20 22:29:35 INFO  Progress (1): 20/218 kB
2022.12.20 22:29:35 INFO  Progress (1): 25/218 kB
2022.12.20 22:29:35 INFO  Progress (1): 29/218 kB
2022.12.20 22:29:35 INFO  Progress (1): 33/218 kB
2022.12.20 22:29:35 INFO  Progress (1): 37/218 kB
2022.12.20 22:29:35 INFO  Progress (1): 41/218 kB
2022.12.20 22:29:35 INFO  Progress (1): 45/218 kB
2022.12.20 22:29:35 INFO  Progress (1): 49/218 kB
2022.12.20 22:29:35 INFO  Progress (1): 53/218 kB
2022.12.20 22:29:35 INFO  Progress (1): 57/218 kB
2022.12.20 22:29:35 INFO  Progress (1): 61/218 kB
2022.12.20 22:29:35 INFO  Progress (1): 66/218 kB
2022.12.20 22:29:35 INFO  Progress (1): 70/218 kB
2022.12.20 22:29:35 INFO  Progress (1): 74/218 kB
2022.12.20 22:29:35 INFO  Progress (1): 78/218 kB
2022.12.20 22:29:35 INFO  Progress (1): 82/218 kB
2022.12.20 22:29:35 INFO  Progress (1): 86/218 kB
2022.12.20 22:29:35 INFO  Progress (1): 90/218 kB
2022.12.20 22:29:35 INFO  Progress (1): 94/218 kB
2022.12.20 22:29:35 INFO  Progress (1): 98/218 kB
2022.12.20 22:29:35 INFO  Progress (1): 102/218 kB
2022.12.20 22:29:35 INFO  Progress (1): 106/218 kB
2022.12.20 22:29:35 INFO  Progress (1): 111/218 kB
2022.12.20 22:29:35 INFO  Progress (1): 115/218 kB
2022.12.20 22:29:35 INFO  Progress (1): 119/218 kB
2022.12.20 22:29:35 INFO  Progress (1): 123/218 kB
2022.12.20 22:29:35 INFO  Progress (1): 127/218 kB
2022.12.20 22:29:35 INFO  Progress (1): 131/218 kB
2022.12.20 22:29:35 INFO  Progress (1): 135/218 kB
2022.12.20 22:29:35 INFO  Progress (1): 139/218 kB
2022.12.20 22:29:35 INFO  Progress (1): 143/218 kB
2022.12.20 22:29:35 INFO  Progress (1): 147/218 kB
2022.12.20 22:29:35 INFO  Progress (1): 152/218 kB
2022.12.20 22:29:35 INFO  Progress (1): 156/218 kB
2022.12.20 22:29:35 INFO  Progress (1): 160/218 kB
2022.12.20 22:29:35 INFO  Progress (1): 164/218 kB
2022.12.20 22:29:35 INFO  Progress (1): 168/218 kB
2022.12.20 22:29:35 INFO  Progress (1): 172/218 kB
2022.12.20 22:29:35 INFO  Progress (1): 176/218 kB
2022.12.20 22:29:35 INFO  Progress (1): 180/218 kB
2022.12.20 22:29:35 INFO  Progress (1): 184/218 kB
2022.12.20 22:29:35 INFO  Progress (1): 188/218 kB
2022.12.20 22:29:35 INFO  Progress (1): 193/218 kB
2022.12.20 22:29:35 INFO  Progress (1): 197/218 kB
2022.12.20 22:29:35 INFO  Progress (1): 201/218 kB
2022.12.20 22:29:35 INFO  Progress (1): 205/218 kB
2022.12.20 22:29:35 INFO  Progress (1): 209/218 kB
2022.12.20 22:29:35 INFO  Progress (1): 213/218 kB
2022.12.20 22:29:35 INFO  Progress (1): 217/218 kB
2022.12.20 22:29:35 INFO  Progress (1): 218 kB    
2022.12.20 22:29:35 INFO                      
2022.12.20 22:29:35 INFO  Downloaded from central: https://repo.maven.apache.org/maven2/org/apache/logging/log4j/log4j-api/2.8.2/log4j-api-2.8.2-sources.jar (218 kB at 748 kB/s)
2022.12.20 22:29:35 INFO  [INFO] SUCCESS: org.apache.logging.log4j:log4j-api:jar:2.8.2:compile (sources = true)
2022.12.20 22:29:35 INFO  [INFO] Resolving artifact: commons-beanutils:commons-beanutils-core:jar:1.8.0:compile (sources = false)
2022.12.20 22:29:35 INFO  [INFO] SUCCESS: commons-beanutils:commons-beanutils-core:jar:1.8.0:compile (sources = false)
2022.12.20 22:29:35 INFO  [INFO] Resolving artifact: commons-beanutils:commons-beanutils-core:jar:1.8.0:compile (sources = true)
2022.12.20 22:29:35 INFO  Downloading from central: https://repo.maven.apache.org/maven2/commons-beanutils/commons-beanutils-core/1.8.0/commons-beanutils-core-1.8.0-sources.jar
2022.12.20 22:29:35 INFO  [ERROR] FAILURE commons-beanutils:commons-beanutils-core:jar:1.8.0:compile (sources = true)
2022.12.20 22:29:35 INFO  org.eclipse.aether.resolution.ArtifactResolutionException: Could not find artifact commons-beanutils:commons-beanutils-core:jar:sources:1.8.0 in central (https://repo.maven.apache.org/maven2)
2022.12.20 22:29:35 INFO      at org.eclipse.aether.internal.impl.DefaultArtifactResolver.resolve (DefaultArtifactResolver.java:425)
2022.12.20 22:29:35 INFO      at org.eclipse.aether.internal.impl.DefaultArtifactResolver.resolveArtifacts (DefaultArtifactResolver.java:229)
2022.12.20 22:29:35 INFO      at org.eclipse.aether.internal.impl.DefaultArtifactResolver.resolveArtifact (DefaultArtifactResolver.java:207)
2022.12.20 22:29:35 INFO      at org.eclipse.aether.internal.impl.DefaultRepositorySystem.resolveArtifact (DefaultRepositorySystem.java:262)
2022.12.20 22:29:35 INFO      at bloop.integrations.maven.MojoImplementation$.bloop$integrations$maven$MojoImplementation$$resolveArtifact$1 (MojoImplementation.scala:117)
2022.12.20 22:29:35 INFO      at bloop.integrations.maven.MojoImplementation$$anonfun$2.applyOrElse (MojoImplementation.scala:243)
2022.12.20 22:29:35 INFO      at bloop.integrations.maven.MojoImplementation$$anonfun$2.applyOrElse (MojoImplementation.scala:225)
2022.12.20 22:29:35 INFO      at scala.collection.StrictOptimizedIterableOps.collect (StrictOptimizedIterableOps.scala:151)
2022.12.20 22:29:35 INFO      at scala.collection.StrictOptimizedIterableOps.collect$ (StrictOptimizedIterableOps.scala:136)
2022.12.20 22:29:35 INFO      at scala.collection.mutable.HashSet.collect (HashSet.scala:31)
2022.12.20 22:29:35 INFO      at bloop.integrations.maven.MojoImplementation$.writeConfig$1 (MojoImplementation.scala:225)
2022.12.20 22:29:35 INFO      at bloop.integrations.maven.MojoImplementation$.writeCompileAndTestConfiguration (MojoImplementation.scala:300)
2022.12.20 22:29:35 INFO      at bloop.integrations.maven.MojoImplementation.writeCompileAndTestConfiguration (MojoImplementation.scala)
2022.12.20 22:29:35 INFO      at bloop.integrations.maven.BloopMojo.execute (BloopMojo.java:104)
2022.12.20 22:29:35 INFO      at org.apache.maven.plugin.DefaultBuildPluginManager.executeMojo (DefaultBuildPluginManager.java:137)
2022.12.20 22:29:35 INFO      at org.apache.maven.lifecycle.internal.MojoExecutor.doExecute2 (MojoExecutor.java:370)
2022.12.20 22:29:35 INFO      at org.apache.maven.lifecycle.internal.MojoExecutor.doExecute (MojoExecutor.java:351)
2022.12.20 22:29:35 INFO      at org.apache.maven.lifecycle.internal.MojoExecutor.execute (MojoExecutor.java:215)
2022.12.20 22:29:35 INFO      at org.apache.maven.lifecycle.internal.MojoExecutor.execute (MojoExecutor.java:171)
2022.12.20 22:29:35 INFO      at org.apache.maven.lifecycle.internal.MojoExecutor.execute (MojoExecutor.java:163)
2022.12.20 22:29:35 INFO      at org.apache.maven.lifecycle.internal.LifecycleModuleBuilder.buildProject (LifecycleModuleBuilder.java:117)
2022.12.20 22:29:35 INFO      at org.apache.maven.lifecycle.internal.LifecycleModuleBuilder.buildProject (LifecycleModuleBuilder.java:81)
2022.12.20 22:29:35 INFO      at org.apache.maven.lifecycle.internal.builder.singlethreaded.SingleThreadedBuilder.build (SingleThreadedBuilder.java:56)
2022.12.20 22:29:35 INFO      at org.apache.maven.lifecycle.internal.LifecycleStarter.execute (LifecycleStarter.java:128)
2022.12.20 22:29:35 INFO      at org.apache.maven.DefaultMaven.doExecute (DefaultMaven.java:294)
2022.12.20 22:29:35 INFO      at org.apache.maven.DefaultMaven.doExecute (DefaultMaven.java:192)
2022.12.20 22:29:35 INFO      at org.apache.maven.DefaultMaven.execute (DefaultMaven.java:105)
2022.12.20 22:29:35 INFO      at org.apache.maven.cli.MavenCli.execute (MavenCli.java:960)
2022.12.20 22:29:35 INFO      at org.apache.maven.cli.MavenCli.doMain (MavenCli.java:293)
2022.12.20 22:29:35 INFO      at org.apache.maven.cli.MavenCli.main (MavenCli.java:196)
2022.12.20 22:29:35 INFO      at jdk.internal.reflect.NativeMethodAccessorImpl.invoke0 (Native Method)
2022.12.20 22:29:35 INFO      at jdk.internal.reflect.NativeMethodAccessorImpl.invoke (NativeMethodAccessorImpl.java:77)
2022.12.20 22:29:35 INFO      at jdk.internal.reflect.DelegatingMethodAccessorImpl.invoke (DelegatingMethodAccessorImpl.java:43)
2022.12.20 22:29:35 INFO      at java.lang.reflect.Method.invoke (Method.java:568)
2022.12.20 22:29:35 INFO      at org.codehaus.plexus.classworlds.launcher.Launcher.launchEnhanced (Launcher.java:282)
2022.12.20 22:29:35 INFO      at org.codehaus.plexus.classworlds.launcher.Launcher.launch (Launcher.java:225)
2022.12.20 22:29:35 INFO      at org.codehaus.plexus.classworlds.launcher.Launcher.mainWithExitCode (Launcher.java:406)
2022.12.20 22:29:35 INFO      at org.codehaus.plexus.classworlds.launcher.Launcher.main (Launcher.java:347)
2022.12.20 22:29:35 INFO      at jdk.internal.reflect.NativeMethodAccessorImpl.invoke0 (Native Method)
2022.12.20 22:29:35 INFO      at jdk.internal.reflect.NativeMethodAccessorImpl.invoke (NativeMethodAccessorImpl.java:77)
2022.12.20 22:29:35 INFO      at jdk.internal.reflect.DelegatingMethodAccessorImpl.invoke (DelegatingMethodAccessorImpl.java:43)
2022.12.20 22:29:35 INFO      at java.lang.reflect.Method.invoke (Method.java:568)
2022.12.20 22:29:35 INFO      at org.apache.maven.wrapper.BootstrapMainStarter.start (BootstrapMainStarter.java:53)
2022.12.20 22:29:35 INFO      at org.apache.maven.wrapper.WrapperExecutor.execute (WrapperExecutor.java:152)
2022.12.20 22:29:35 INFO      at org.apache.maven.wrapper.MavenWrapperMain.main (MavenWrapperMain.java:76)
2022.12.20 22:29:35 INFO  Caused by: org.eclipse.aether.transfer.ArtifactNotFoundException: Could not find artifact commons-beanutils:commons-beanutils-core:jar:sources:1.8.0 in central (https://repo.maven.apache.org/maven2)
2022.12.20 22:29:35 INFO      at org.eclipse.aether.connector.basic.ArtifactTransportListener.transferFailed (ArtifactTransportListener.java:48)
2022.12.20 22:29:35 INFO      at org.eclipse.aether.connector.basic.BasicRepositoryConnector$TaskRunner.run (BasicRepositoryConnector.java:369)
2022.12.20 22:29:35 INFO      at org.eclipse.aether.util.concurrency.RunnableErrorForwarder$1.run (RunnableErrorForwarder.java:75)
2022.12.20 22:29:35 INFO      at org.eclipse.aether.connector.basic.BasicRepositoryConnector$DirectExecutor.execute (BasicRepositoryConnector.java:628)
2022.12.20 22:29:35 INFO      at org.eclipse.aether.connector.basic.BasicRepositoryConnector.get (BasicRepositoryConnector.java:262)
2022.12.20 22:29:35 INFO      at org.eclipse.aether.internal.impl.DefaultArtifactResolver.performDownloads (DefaultArtifactResolver.java:514)
2022.12.20 22:29:35 INFO      at org.eclipse.aether.internal.impl.DefaultArtifactResolver.resolve (DefaultArtifactResolver.java:402)
2022.12.20 22:29:35 INFO      at org.eclipse.aether.internal.impl.DefaultArtifactResolver.resolveArtifacts (DefaultArtifactResolver.java:229)
2022.12.20 22:29:35 INFO      at org.eclipse.aether.internal.impl.DefaultArtifactResolver.resolveArtifact (DefaultArtifactResolver.java:207)
2022.12.20 22:29:35 INFO      at org.eclipse.aether.internal.impl.DefaultRepositorySystem.resolveArtifact (DefaultRepositorySystem.java:262)
2022.12.20 22:29:35 INFO      at bloop.integrations.maven.MojoImplementation$.bloop$integrations$maven$MojoImplementation$$resolveArtifact$1 (MojoImplementation.scala:117)
2022.12.20 22:29:35 INFO      at bloop.integrations.maven.MojoImplementation$$anonfun$2.applyOrElse (MojoImplementation.scala:243)
2022.12.20 22:29:35 INFO      at bloop.integrations.maven.MojoImplementation$$anonfun$2.applyOrElse (MojoImplementation.scala:225)
2022.12.20 22:29:35 INFO      at scala.collection.StrictOptimizedIterableOps.collect (StrictOptimizedIterableOps.scala:151)
2022.12.20 22:29:35 INFO      at scala.collection.StrictOptimizedIterableOps.collect$ (StrictOptimizedIterableOps.scala:136)
2022.12.20 22:29:35 INFO      at scala.collection.mutable.HashSet.collect (HashSet.scala:31)
2022.12.20 22:29:35 INFO      at bloop.integrations.maven.MojoImplementation$.writeConfig$1 (MojoImplementation.scala:225)
2022.12.20 22:29:35 INFO      at bloop.integrations.maven.MojoImplementation$.writeCompileAndTestConfiguration (MojoImplementation.scala:300)
2022.12.20 22:29:35 INFO      at bloop.integrations.maven.MojoImplementation.writeCompileAndTestConfiguration (MojoImplementation.scala)
2022.12.20 22:29:35 INFO      at bloop.integrations.maven.BloopMojo.execute (BloopMojo.java:104)
2022.12.20 22:29:35 INFO      at org.apache.maven.plugin.DefaultBuildPluginManager.executeMojo (DefaultBuildPluginManager.java:137)
2022.12.20 22:29:35 INFO      at org.apache.maven.lifecycle.internal.MojoExecutor.doExecute2 (MojoExecutor.java:370)
2022.12.20 22:29:35 INFO      at org.apache.maven.lifecycle.internal.MojoExecutor.doExecute (MojoExecutor.java:351)
2022.12.20 22:29:35 INFO      at org.apache.maven.lifecycle.internal.MojoExecutor.execute (MojoExecutor.java:215)
2022.12.20 22:29:35 INFO      at org.apache.maven.lifecycle.internal.MojoExecutor.execute (MojoExecutor.java:171)
2022.12.20 22:29:35 INFO      at org.apache.maven.lifecycle.internal.MojoExecutor.execute (MojoExecutor.java:163)
2022.12.20 22:29:35 INFO      at org.apache.maven.lifecycle.internal.LifecycleModuleBuilder.buildProject (LifecycleModuleBuilder.java:117)
2022.12.20 22:29:35 INFO      at org.apache.maven.lifecycle.internal.LifecycleModuleBuilder.buildProject (LifecycleModuleBuilder.java:81)
2022.12.20 22:29:35 INFO      at org.apache.maven.lifecycle.internal.builder.singlethreaded.SingleThreadedBuilder.build (SingleThreadedBuilder.java:56)
2022.12.20 22:29:35 INFO      at org.apache.maven.lifecycle.internal.LifecycleStarter.execute (LifecycleStarter.java:128)
2022.12.20 22:29:35 INFO      at org.apache.maven.DefaultMaven.doExecute (DefaultMaven.java:294)
2022.12.20 22:29:35 INFO      at org.apache.maven.DefaultMaven.doExecute (DefaultMaven.java:192)
2022.12.20 22:29:35 INFO      at org.apache.maven.DefaultMaven.execute (DefaultMaven.java:105)
2022.12.20 22:29:35 INFO      at org.apache.maven.cli.MavenCli.execute (MavenCli.java:960)
2022.12.20 22:29:35 INFO      at org.apache.maven.cli.MavenCli.doMain (MavenCli.java:293)
2022.12.20 22:29:35 INFO      at org.apache.maven.cli.MavenCli.main (MavenCli.java:196)
2022.12.20 22:29:35 INFO      at jdk.internal.reflect.NativeMethodAccessorImpl.invoke0 (Native Method)
2022.12.20 22:29:35 INFO      at jdk.internal.reflect.NativeMethodAccessorImpl.invoke (NativeMethodAccessorImpl.java:77)
2022.12.20 22:29:35 INFO      at jdk.internal.reflect.DelegatingMethodAccessorImpl.invoke (DelegatingMethodAccessorImpl.java:43)
2022.12.20 22:29:35 INFO      at java.lang.reflect.Method.invoke (Method.java:568)
2022.12.20 22:29:35 INFO      at org.codehaus.plexus.classworlds.launcher.Launcher.launchEnhanced (Launcher.java:282)
2022.12.20 22:29:35 INFO      at org.codehaus.plexus.classworlds.launcher.Launcher.launch (Launcher.java:225)
2022.12.20 22:29:35 INFO      at org.codehaus.plexus.classworlds.launcher.Launcher.mainWithExitCode (Launcher.java:406)
2022.12.20 22:29:35 INFO      at org.codehaus.plexus.classworlds.launcher.Launcher.main (Launcher.java:347)
2022.12.20 22:29:35 INFO      at jdk.internal.reflect.NativeMethodAccessorImpl.invoke0 (Native Method)
2022.12.20 22:29:35 INFO      at jdk.internal.reflect.NativeMethodAccessorImpl.invoke (NativeMethodAccessorImpl.java:77)
2022.12.20 22:29:35 INFO      at jdk.internal.reflect.DelegatingMethodAccessorImpl.invoke (DelegatingMethodAccessorImpl.java:43)
2022.12.20 22:29:35 INFO      at java.lang.reflect.Method.invoke (Method.java:568)
2022.12.20 22:29:35 INFO      at org.apache.maven.wrapper.BootstrapMainStarter.start (BootstrapMainStarter.java:53)
2022.12.20 22:29:35 INFO      at org.apache.maven.wrapper.WrapperExecutor.execute (WrapperExecutor.java:152)
2022.12.20 22:29:35 INFO      at org.apache.maven.wrapper.MavenWrapperMain.main (MavenWrapperMain.java:76)
2022.12.20 22:29:35 INFO  [INFO] Resolving artifact: info.cukes:cucumber-junit:jar:1.2.5:compile (sources = false)
2022.12.20 22:29:35 INFO  [INFO] SUCCESS: info.cukes:cucumber-junit:jar:1.2.5:compile (sources = false)
2022.12.20 22:29:35 INFO  [INFO] Resolving artifact: info.cukes:cucumber-junit:jar:1.2.5:compile (sources = true)
2022.12.20 22:29:35 INFO  Downloading from central: https://repo.maven.apache.org/maven2/info/cukes/cucumber-junit/1.2.5/cucumber-junit-1.2.5-sources.jar
2022.12.20 22:29:36 INFO  Progress (1): 4.1/11 kB
2022.12.20 22:29:36 INFO  Progress (1): 8.2/11 kB
2022.12.20 22:29:36 INFO  Progress (1): 11 kB    
2022.12.20 22:29:36 INFO                     
2022.12.20 22:29:36 INFO  Downloaded from central: https://repo.maven.apache.org/maven2/info/cukes/cucumber-junit/1.2.5/cucumber-junit-1.2.5-sources.jar (11 kB at 39 kB/s)
2022.12.20 22:29:36 INFO  [INFO] SUCCESS: info.cukes:cucumber-junit:jar:1.2.5:compile (sources = true)
2022.12.20 22:29:36 INFO  [INFO] Resolving artifact: org.jetbrains:annotations:jar:16.0.3:compile (sources = false)
2022.12.20 22:29:36 INFO  [INFO] SUCCESS: org.jetbrains:annotations:jar:16.0.3:compile (sources = false)
2022.12.20 22:29:36 INFO  [INFO] Resolving artifact: org.jetbrains:annotations:jar:16.0.3:compile (sources = true)
2022.12.20 22:29:36 INFO  Downloading from central: https://repo.maven.apache.org/maven2/org/jetbrains/annotations/16.0.3/annotations-16.0.3-sources.jar
2022.12.20 22:29:36 INFO  Progress (1): 4.1/20 kB
2022.12.20 22:29:36 INFO  Progress (1): 8.2/20 kB
2022.12.20 22:29:36 INFO  Progress (1): 12/20 kB 
2022.12.20 22:29:36 INFO  Progress (1): 16/20 kB
2022.12.20 22:29:36 INFO  Progress (1): 20/20 kB
2022.12.20 22:29:36 INFO  Progress (1): 20 kB   
2022.12.20 22:29:36 INFO                     
2022.12.20 22:29:36 INFO  Downloaded from central: https://repo.maven.apache.org/maven2/org/jetbrains/annotations/16.0.3/annotations-16.0.3-sources.jar (20 kB at 70 kB/s)
2022.12.20 22:29:36 INFO  [INFO] SUCCESS: org.jetbrains:annotations:jar:16.0.3:compile (sources = true)
2022.12.20 22:29:36 INFO  [INFO] Resolving artifact: org.slf4j:slf4j-simple:jar:1.7.25:test (sources = false)
2022.12.20 22:29:36 INFO  [INFO] SUCCESS: org.slf4j:slf4j-simple:jar:1.7.25:test (sources = false)
2022.12.20 22:29:36 INFO  [INFO] Resolving artifact: org.slf4j:slf4j-simple:jar:1.7.25:test (sources = true)
2022.12.20 22:29:36 INFO  Downloading from central: https://repo.maven.apache.org/maven2/org/slf4j/slf4j-simple/1.7.25/slf4j-simple-1.7.25-sources.jar
2022.12.20 22:29:36 INFO  Progress (1): 4.1/14 kB
2022.12.20 22:29:36 INFO  Progress (1): 8.2/14 kB
2022.12.20 22:29:36 INFO  Progress (1): 12/14 kB 
2022.12.20 22:29:36 INFO  Progress (1): 14 kB   
2022.12.20 22:29:36 INFO                     
2022.12.20 22:29:36 INFO  Downloaded from central: https://repo.maven.apache.org/maven2/org/slf4j/slf4j-simple/1.7.25/slf4j-simple-1.7.25-sources.jar (14 kB at 45 kB/s)
2022.12.20 22:29:36 INFO  [INFO] SUCCESS: org.slf4j:slf4j-simple:jar:1.7.25:test (sources = true)
2022.12.20 22:29:36 INFO  [INFO] Resolving artifact: com.github.fge:json-schema-core:jar:1.2.5:compile (sources = false)
2022.12.20 22:29:36 INFO  [INFO] SUCCESS: com.github.fge:json-schema-core:jar:1.2.5:compile (sources = false)
2022.12.20 22:29:36 INFO  [INFO] Resolving artifact: com.github.fge:json-schema-core:jar:1.2.5:compile (sources = true)
2022.12.20 22:29:36 INFO  Downloading from central: https://repo.maven.apache.org/maven2/com/github/fge/json-schema-core/1.2.5/json-schema-core-1.2.5-sources.jar
2022.12.20 22:29:36 INFO  Progress (1): 4.1/175 kB
2022.12.20 22:29:36 INFO  Progress (1): 8.2/175 kB
2022.12.20 22:29:36 INFO  Progress (1): 12/175 kB 
2022.12.20 22:29:36 INFO  Progress (1): 16/175 kB
2022.12.20 22:29:36 INFO  Progress (1): 20/175 kB
2022.12.20 22:29:36 INFO  Progress (1): 24/175 kB
2022.12.20 22:29:36 INFO  Progress (1): 28/175 kB
2022.12.20 22:29:36 INFO  Progress (1): 32/175 kB
2022.12.20 22:29:36 INFO  Progress (1): 36/175 kB
2022.12.20 22:29:36 INFO  Progress (1): 40/175 kB
2022.12.20 22:29:36 INFO  Progress (1): 45/175 kB
2022.12.20 22:29:36 INFO  Progress (1): 49/175 kB
2022.12.20 22:29:36 INFO  Progress (1): 53/175 kB
2022.12.20 22:29:36 INFO  Progress (1): 57/175 kB
2022.12.20 22:29:36 INFO  Progress (1): 61/175 kB
2022.12.20 22:29:36 INFO  Progress (1): 65/175 kB
2022.12.20 22:29:36 INFO  Progress (1): 69/175 kB
2022.12.20 22:29:36 INFO  Progress (1): 73/175 kB
2022.12.20 22:29:36 INFO  Progress (1): 77/175 kB
2022.12.20 22:29:36 INFO  Progress (1): 81/175 kB
2022.12.20 22:29:36 INFO  Progress (1): 85/175 kB
2022.12.20 22:29:36 INFO  Progress (1): 90/175 kB
2022.12.20 22:29:36 INFO  Progress (1): 94/175 kB
2022.12.20 22:29:36 INFO  Progress (1): 98/175 kB
2022.12.20 22:29:36 INFO  Progress (1): 102/175 kB
2022.12.20 22:29:36 INFO  Progress (1): 106/175 kB
2022.12.20 22:29:36 INFO  Progress (1): 110/175 kB
2022.12.20 22:29:36 INFO  Progress (1): 114/175 kB
2022.12.20 22:29:36 INFO  Progress (1): 118/175 kB
2022.12.20 22:29:36 INFO  Progress (1): 122/175 kB
2022.12.20 22:29:36 INFO  Progress (1): 126/175 kB
2022.12.20 22:29:36 INFO  Progress (1): 131/175 kB
2022.12.20 22:29:36 INFO  Progress (1): 135/175 kB
2022.12.20 22:29:36 INFO  Progress (1): 139/175 kB
2022.12.20 22:29:36 INFO  Progress (1): 143/175 kB
2022.12.20 22:29:36 INFO  Progress (1): 147/175 kB
2022.12.20 22:29:36 INFO  Progress (1): 151/175 kB
2022.12.20 22:29:36 INFO  Progress (1): 155/175 kB
2022.12.20 22:29:36 INFO  Progress (1): 159/175 kB
2022.12.20 22:29:36 INFO  Progress (1): 163/175 kB
2022.12.20 22:29:36 INFO  Progress (1): 167/175 kB
2022.12.20 22:29:36 INFO  Progress (1): 171/175 kB
2022.12.20 22:29:36 INFO  Progress (1): 175 kB    
2022.12.20 22:29:37 INFO                      
2022.12.20 22:29:37 INFO  Downloaded from central: https://repo.maven.apache.org/maven2/com/github/fge/json-schema-core/1.2.5/json-schema-core-1.2.5-sources.jar (175 kB at 525 kB/s)
2022.12.20 22:29:37 INFO  [INFO] SUCCESS: com.github.fge:json-schema-core:jar:1.2.5:compile (sources = true)
2022.12.20 22:29:37 INFO  [INFO] Resolving artifact: io.github.bonigarcia:webdrivermanager:jar:3.6.1:compile (sources = false)
2022.12.20 22:29:37 INFO  [INFO] SUCCESS: io.github.bonigarcia:webdrivermanager:jar:3.6.1:compile (sources = false)
2022.12.20 22:29:37 INFO  [INFO] Resolving artifact: io.github.bonigarcia:webdrivermanager:jar:3.6.1:compile (sources = true)
2022.12.20 22:29:37 INFO  [INFO] SUCCESS: io.github.bonigarcia:webdrivermanager:jar:3.6.1:compile (sources = true)
2022.12.20 22:29:37 INFO  [INFO] Resolving artifact: junit:junit:jar:4.12:compile (sources = false)
2022.12.20 22:29:37 INFO  [INFO] SUCCESS: junit:junit:jar:4.12:compile (sources = false)
2022.12.20 22:29:37 INFO  [INFO] Resolving artifact: junit:junit:jar:4.12:compile (sources = true)
2022.12.20 22:29:37 INFO  [INFO] SUCCESS: junit:junit:jar:4.12:compile (sources = true)
2022.12.20 22:29:37 INFO  [INFO] Resolving artifact: info.cukes:cucumber-core:jar:1.2.5:compile (sources = false)
2022.12.20 22:29:37 INFO  [INFO] SUCCESS: info.cukes:cucumber-core:jar:1.2.5:compile (sources = false)
2022.12.20 22:29:37 INFO  [INFO] Resolving artifact: info.cukes:cucumber-core:jar:1.2.5:compile (sources = true)
2022.12.20 22:29:37 INFO  Downloading from central: https://repo.maven.apache.org/maven2/info/cukes/cucumber-core/1.2.5/cucumber-core-1.2.5-sources.jar
2022.12.20 22:29:37 INFO  Progress (1): 4.1/111 kB
2022.12.20 22:29:37 INFO  Progress (1): 8.2/111 kB
2022.12.20 22:29:37 INFO  Progress (1): 12/111 kB 
2022.12.20 22:29:37 INFO  Progress (1): 16/111 kB
2022.12.20 22:29:37 INFO  Progress (1): 20/111 kB
2022.12.20 22:29:37 INFO  Progress (1): 25/111 kB
2022.12.20 22:29:37 INFO  Progress (1): 29/111 kB
2022.12.20 22:29:37 INFO  Progress (1): 33/111 kB
2022.12.20 22:29:37 INFO  Progress (1): 37/111 kB
2022.12.20 22:29:37 INFO  Progress (1): 41/111 kB
2022.12.20 22:29:37 INFO  Progress (1): 45/111 kB
2022.12.20 22:29:37 INFO  Progress (1): 49/111 kB
2022.12.20 22:29:37 INFO  Progress (1): 53/111 kB
2022.12.20 22:29:37 INFO  Progress (1): 57/111 kB
2022.12.20 22:29:37 INFO  Progress (1): 61/111 kB
2022.12.20 22:29:37 INFO  Progress (1): 66/111 kB
2022.12.20 22:29:37 INFO  Progress (1): 70/111 kB
2022.12.20 22:29:37 INFO  Progress (1): 74/111 kB
2022.12.20 22:29:37 INFO  Progress (1): 78/111 kB
2022.12.20 22:29:37 INFO  Progress (1): 82/111 kB
2022.12.20 22:29:37 INFO  Progress (1): 86/111 kB
2022.12.20 22:29:37 INFO  Progress (1): 90/111 kB
2022.12.20 22:29:37 INFO  Progress (1): 94/111 kB
2022.12.20 22:29:37 INFO  Progress (1): 98/111 kB
2022.12.20 22:29:37 INFO  Progress (1): 102/111 kB
2022.12.20 22:29:37 INFO  Progress (1): 106/111 kB
2022.12.20 22:29:37 INFO  Progress (1): 111/111 kB
2022.12.20 22:29:37 INFO  Progress (1): 111 kB    
2022.12.20 22:29:37 INFO                      
2022.12.20 22:29:37 INFO  Downloaded from central: https://repo.maven.apache.org/maven2/info/cukes/cucumber-core/1.2.5/cucumber-core-1.2.5-sources.jar (111 kB at 373 kB/s)
2022.12.20 22:29:37 INFO  [INFO] SUCCESS: info.cukes:cucumber-core:jar:1.2.5:compile (sources = true)
2022.12.20 22:29:37 INFO  [INFO] Resolving artifact: org.slf4j:slf4j-api:jar:1.7.25:compile (sources = false)
2022.12.20 22:29:37 INFO  [INFO] SUCCESS: org.slf4j:slf4j-api:jar:1.7.25:compile (sources = false)
2022.12.20 22:29:37 INFO  [INFO] Resolving artifact: org.slf4j:slf4j-api:jar:1.7.25:compile (sources = true)
2022.12.20 22:29:37 INFO  Downloading from central: https://repo.maven.apache.org/maven2/org/slf4j/slf4j-api/1.7.25/slf4j-api-1.7.25-sources.jar
2022.12.20 22:29:37 INFO  Progress (1): 4.1/56 kB
2022.12.20 22:29:37 INFO  Progress (1): 8.2/56 kB
2022.12.20 22:29:37 INFO  Progress (1): 12/56 kB 
2022.12.20 22:29:37 INFO  Progress (1): 16/56 kB
2022.12.20 22:29:37 INFO  Progress (1): 20/56 kB
2022.12.20 22:29:37 INFO  Progress (1): 24/56 kB
2022.12.20 22:29:37 INFO  Progress (1): 28/56 kB
2022.12.20 22:29:37 INFO  Progress (1): 32/56 kB
2022.12.20 22:29:37 INFO  Progress (1): 36/56 kB
2022.12.20 22:29:37 INFO  Progress (1): 40/56 kB
2022.12.20 22:29:37 INFO  Progress (1): 45/56 kB
2022.12.20 22:29:37 INFO  Progress (1): 49/56 kB
2022.12.20 22:29:37 INFO  Progress (1): 53/56 kB
2022.12.20 22:29:37 INFO  Progress (1): 56 kB   
2022.12.20 22:29:37 INFO                     
2022.12.20 22:29:37 INFO  Downloaded from central: https://repo.maven.apache.org/maven2/org/slf4j/slf4j-api/1.7.25/slf4j-api-1.7.25-sources.jar (56 kB at 182 kB/s)
2022.12.20 22:29:37 INFO  [INFO] SUCCESS: org.slf4j:slf4j-api:jar:1.7.25:compile (sources = true)
2022.12.20 22:29:37 INFO  [INFO] Resolving artifact: org.seleniumhq.selenium:selenium-firefox-driver:jar:3.141.59:compile (sources = false)
2022.12.20 22:29:37 INFO  [INFO] SUCCESS: org.seleniumhq.selenium:selenium-firefox-driver:jar:3.141.59:compile (sources = false)
2022.12.20 22:29:37 INFO  [INFO] Resolving artifact: org.seleniumhq.selenium:selenium-firefox-driver:jar:3.141.59:compile (sources = true)
2022.12.20 22:29:37 INFO  Downloading from central: https://repo.maven.apache.org/maven2/org/seleniumhq/selenium/selenium-firefox-driver/3.141.59/selenium-firefox-driver-3.141.59-sources.jar
2022.12.20 22:29:37 INFO  Progress (1): 4.1/40 kB
2022.12.20 22:29:37 INFO  Progress (1): 8.2/40 kB
2022.12.20 22:29:37 INFO  Progress (1): 12/40 kB 
2022.12.20 22:29:37 INFO  Progress (1): 16/40 kB
2022.12.20 22:29:37 INFO  Progress (1): 20/40 kB
2022.12.20 22:29:37 INFO  Progress (1): 25/40 kB
2022.12.20 22:29:37 INFO  Progress (1): 29/40 kB
2022.12.20 22:29:37 INFO  Progress (1): 33/40 kB
2022.12.20 22:29:37 INFO  Progress (1): 37/40 kB
2022.12.20 22:29:37 INFO  Progress (1): 40 kB   
2022.12.20 22:29:37 INFO                     
2022.12.20 22:29:37 INFO  Downloaded from central: https://repo.maven.apache.org/maven2/org/seleniumhq/selenium/selenium-firefox-driver/3.141.59/selenium-firefox-driver-3.141.59-sources.jar (40 kB at 132 kB/s)
2022.12.20 22:29:37 INFO  [INFO] SUCCESS: org.seleniumhq.selenium:selenium-firefox-driver:jar:3.141.59:compile (sources = true)
2022.12.20 22:29:37 INFO  [INFO] Resolving artifact: com.github.fge:uri-template:jar:0.9:compile (sources = false)
2022.12.20 22:29:37 INFO  [INFO] SUCCESS: com.github.fge:uri-template:jar:0.9:compile (sources = false)
2022.12.20 22:29:37 INFO  [INFO] Resolving artifact: com.github.fge:uri-template:jar:0.9:compile (sources = true)
2022.12.20 22:29:37 INFO  Downloading from central: https://repo.maven.apache.org/maven2/com/github/fge/uri-template/0.9/uri-template-0.9-sources.jar
2022.12.20 22:29:39 INFO  Progress (1): 4.1/55 kB
2022.12.20 22:29:39 INFO  Progress (1): 8.2/55 kB
2022.12.20 22:29:39 INFO  Progress (1): 12/55 kB 
2022.12.20 22:29:39 INFO  Progress (1): 16/55 kB
2022.12.20 22:29:39 INFO  Progress (1): 20/55 kB
2022.12.20 22:29:39 INFO  Progress (1): 25/55 kB
2022.12.20 22:29:39 INFO  Progress (1): 29/55 kB
2022.12.20 22:29:39 INFO  Progress (1): 33/55 kB
2022.12.20 22:29:39 INFO  Progress (1): 37/55 kB
2022.12.20 22:29:39 INFO  Progress (1): 41/55 kB
2022.12.20 22:29:39 INFO  Progress (1): 45/55 kB
2022.12.20 22:29:39 INFO  Progress (1): 49/55 kB
2022.12.20 22:29:39 INFO  Progress (1): 53/55 kB
2022.12.20 22:29:39 INFO  Progress (1): 55 kB   
2022.12.20 22:29:39 INFO                     
2022.12.20 22:29:39 INFO  Downloaded from central: https://repo.maven.apache.org/maven2/com/github/fge/uri-template/0.9/uri-template-0.9-sources.jar (55 kB at 131 kB/s)
2022.12.20 22:29:39 INFO  [INFO] SUCCESS: com.github.fge:uri-template:jar:0.9:compile (sources = true)
2022.12.20 22:29:39 INFO  [INFO] Resolving artifact: org.mozilla:rhino:jar:1.7R4:compile (sources = false)
2022.12.20 22:29:39 INFO  [INFO] SUCCESS: org.mozilla:rhino:jar:1.7R4:compile (sources = false)
2022.12.20 22:29:39 INFO  [INFO] Resolving artifact: org.mozilla:rhino:jar:1.7R4:compile (sources = true)
2022.12.20 22:29:39 INFO  Downloading from central: https://repo.maven.apache.org/maven2/org/mozilla/rhino/1.7R4/rhino-1.7R4-sources.jar
2022.12.20 22:29:39 INFO  Progress (1): 8.2/847 kB
2022.12.20 22:29:39 INFO  Progress (1): 16/847 kB 
2022.12.20 22:29:39 INFO  Progress (1): 24/847 kB
2022.12.20 22:29:39 INFO  Progress (1): 32/847 kB
2022.12.20 22:29:39 INFO  Progress (1): 40/847 kB
2022.12.20 22:29:39 INFO  Progress (1): 49/847 kB
2022.12.20 22:29:39 INFO  Progress (1): 57/847 kB
2022.12.20 22:29:39 INFO  Progress (1): 65/847 kB
2022.12.20 22:29:39 INFO  Progress (1): 73/847 kB
2022.12.20 22:29:39 INFO  Progress (1): 81/847 kB
2022.12.20 22:29:39 INFO  Progress (1): 90/847 kB
2022.12.20 22:29:39 INFO  Progress (1): 98/847 kB
2022.12.20 22:29:39 INFO  Progress (1): 106/847 kB
2022.12.20 22:29:39 INFO  Progress (1): 114/847 kB
2022.12.20 22:29:39 INFO  Progress (1): 122/847 kB
2022.12.20 22:29:39 INFO  Progress (1): 131/847 kB
2022.12.20 22:29:39 INFO  Progress (1): 139/847 kB
2022.12.20 22:29:39 INFO  Progress (1): 147/847 kB
2022.12.20 22:29:39 INFO  Progress (1): 155/847 kB
2022.12.20 22:29:39 INFO  Progress (1): 163/847 kB
2022.12.20 22:29:39 INFO  Progress (1): 171/847 kB
2022.12.20 22:29:39 INFO  Progress (1): 180/847 kB
2022.12.20 22:29:39 INFO  Progress (1): 188/847 kB
2022.12.20 22:29:39 INFO  Progress (1): 196/847 kB
2022.12.20 22:29:39 INFO  Progress (1): 204/847 kB
2022.12.20 22:29:39 INFO  Progress (1): 212/847 kB
2022.12.20 22:29:39 INFO  Progress (1): 221/847 kB
2022.12.20 22:29:39 INFO  Progress (1): 229/847 kB
2022.12.20 22:29:39 INFO  Progress (1): 237/847 kB
2022.12.20 22:29:39 INFO  Progress (1): 245/847 kB
2022.12.20 22:29:39 INFO  Progress (1): 253/847 kB
2022.12.20 22:29:39 INFO  Progress (1): 262/847 kB
2022.12.20 22:29:39 INFO  Progress (1): 270/847 kB
2022.12.20 22:29:39 INFO  Progress (1): 278/847 kB
2022.12.20 22:29:39 INFO  Progress (1): 286/847 kB
2022.12.20 22:29:39 INFO  Progress (1): 294/847 kB
2022.12.20 22:29:39 INFO  Progress (1): 303/847 kB
2022.12.20 22:29:39 INFO  Progress (1): 311/847 kB
2022.12.20 22:29:39 INFO  Progress (1): 319/847 kB
2022.12.20 22:29:39 INFO  Progress (1): 327/847 kB
2022.12.20 22:29:39 INFO  Progress (1): 335/847 kB
2022.12.20 22:29:39 INFO  Progress (1): 344/847 kB
2022.12.20 22:29:39 INFO  Progress (1): 352/847 kB
2022.12.20 22:29:39 INFO  Progress (1): 360/847 kB
2022.12.20 22:29:39 INFO  Progress (1): 368/847 kB
2022.12.20 22:29:39 INFO  Progress (1): 376/847 kB
2022.12.20 22:29:39 INFO  Progress (1): 384/847 kB
2022.12.20 22:29:39 INFO  Progress (1): 393/847 kB
2022.12.20 22:29:39 INFO  Progress (1): 401/847 kB
2022.12.20 22:29:39 INFO  Progress (1): 409/847 kB
2022.12.20 22:29:39 INFO  Progress (1): 417/847 kB
2022.12.20 22:29:39 INFO  Progress (1): 425/847 kB
2022.12.20 22:29:39 INFO  Progress (1): 434/847 kB
2022.12.20 22:29:39 INFO  Progress (1): 442/847 kB
2022.12.20 22:29:39 INFO  Progress (1): 450/847 kB
2022.12.20 22:29:39 INFO  Progress (1): 458/847 kB
2022.12.20 22:29:39 INFO  Progress (1): 466/847 kB
2022.12.20 22:29:39 INFO  Progress (1): 475/847 kB
2022.12.20 22:29:39 INFO  Progress (1): 483/847 kB
2022.12.20 22:29:39 INFO  Progress (1): 491/847 kB
2022.12.20 22:29:39 INFO  Progress (1): 499/847 kB
2022.12.20 22:29:39 INFO  Progress (1): 507/847 kB
2022.12.20 22:29:39 INFO  Progress (1): 516/847 kB
2022.12.20 22:29:39 INFO  Progress (1): 524/847 kB
2022.12.20 22:29:39 INFO  Progress (1): 532/847 kB
2022.12.20 22:29:39 INFO  Progress (1): 540/847 kB
2022.12.20 22:29:39 INFO  Progress (1): 548/847 kB
2022.12.20 22:29:39 INFO  Progress (1): 557/847 kB
2022.12.20 22:29:39 INFO  Progress (1): 565/847 kB
2022.12.20 22:29:39 INFO  Progress (1): 573/847 kB
2022.12.20 22:29:39 INFO  Progress (1): 581/847 kB
2022.12.20 22:29:39 INFO  Progress (1): 589/847 kB
2022.12.20 22:29:39 INFO  Progress (1): 597/847 kB
2022.12.20 22:29:39 INFO  Progress (1): 606/847 kB
2022.12.20 22:29:39 INFO  Progress (1): 614/847 kB
2022.12.20 22:29:39 INFO  Progress (1): 622/847 kB
2022.12.20 22:29:39 INFO  Progress (1): 630/847 kB
2022.12.20 22:29:39 INFO  Progress (1): 638/847 kB
2022.12.20 22:29:39 INFO  Progress (1): 647/847 kB
2022.12.20 22:29:39 INFO  Progress (1): 655/847 kB
2022.12.20 22:29:39 INFO  Progress (1): 663/847 kB
2022.12.20 22:29:39 INFO  Progress (1): 671/847 kB
2022.12.20 22:29:39 INFO  Progress (1): 679/847 kB
2022.12.20 22:29:39 INFO  Progress (1): 688/847 kB
2022.12.20 22:29:39 INFO  Progress (1): 696/847 kB
2022.12.20 22:29:39 INFO  Progress (1): 704/847 kB
2022.12.20 22:29:39 INFO  Progress (1): 712/847 kB
2022.12.20 22:29:39 INFO  Progress (1): 720/847 kB
2022.12.20 22:29:39 INFO  Progress (1): 729/847 kB
2022.12.20 22:29:39 INFO  Progress (1): 737/847 kB
2022.12.20 22:29:39 INFO  Progress (1): 745/847 kB
2022.12.20 22:29:39 INFO  Progress (1): 753/847 kB
2022.12.20 22:29:39 INFO  Progress (1): 761/847 kB
2022.12.20 22:29:39 INFO  Progress (1): 770/847 kB
2022.12.20 22:29:39 INFO  Progress (1): 778/847 kB
2022.12.20 22:29:39 INFO  Progress (1): 786/847 kB
2022.12.20 22:29:39 INFO  Progress (1): 794/847 kB
2022.12.20 22:29:39 INFO  Progress (1): 802/847 kB
2022.12.20 22:29:39 INFO  Progress (1): 810/847 kB
2022.12.20 22:29:39 INFO  Progress (1): 819/847 kB
2022.12.20 22:29:39 INFO  Progress (1): 827/847 kB
2022.12.20 22:29:39 INFO  Progress (1): 835/847 kB
2022.12.20 22:29:39 INFO  Progress (1): 843/847 kB
2022.12.20 22:29:39 INFO  Progress (1): 847 kB    
2022.12.20 22:29:39 INFO                      
2022.12.20 22:29:39 INFO  Downloaded from central: https://repo.maven.apache.org/maven2/org/mozilla/rhino/1.7R4/rhino-1.7R4-sources.jar (847 kB at 2.3 MB/s)
2022.12.20 22:29:39 INFO  [INFO] SUCCESS: org.mozilla:rhino:jar:1.7R4:compile (sources = true)
2022.12.20 22:29:39 INFO  [INFO] Resolving artifact: org.seleniumhq.selenium:selenium-safari-driver:jar:3.141.59:compile (sources = false)
2022.12.20 22:29:39 INFO  [INFO] SUCCESS: org.seleniumhq.selenium:selenium-safari-driver:jar:3.141.59:compile (sources = false)
2022.12.20 22:29:39 INFO  [INFO] Resolving artifact: org.seleniumhq.selenium:selenium-safari-driver:jar:3.141.59:compile (sources = true)
2022.12.20 22:29:39 INFO  Downloading from central: https://repo.maven.apache.org/maven2/org/seleniumhq/selenium/selenium-safari-driver/3.141.59/selenium-safari-driver-3.141.59-sources.jar
2022.12.20 22:29:39 INFO  Progress (1): 4.1/10 kB
2022.12.20 22:29:39 INFO  Progress (1): 8.2/10 kB
2022.12.20 22:29:39 INFO  Progress (1): 10 kB    
2022.12.20 22:29:39 INFO                     
2022.12.20 22:29:39 INFO  Downloaded from central: https://repo.maven.apache.org/maven2/org/seleniumhq/selenium/selenium-safari-driver/3.141.59/selenium-safari-driver-3.141.59-sources.jar (10 kB at 34 kB/s)
2022.12.20 22:29:39 INFO  [INFO] SUCCESS: org.seleniumhq.selenium:selenium-safari-driver:jar:3.141.59:compile (sources = true)
2022.12.20 22:29:39 INFO  [INFO] Resolving artifact: com.vaadin.external.google:android-json:jar:0.0.20131108.vaadin1:test (sources = false)
2022.12.20 22:29:39 INFO  [INFO] SUCCESS: com.vaadin.external.google:android-json:jar:0.0.20131108.vaadin1:test (sources = false)
2022.12.20 22:29:39 INFO  [INFO] Resolving artifact: com.vaadin.external.google:android-json:jar:0.0.20131108.vaadin1:test (sources = true)
2022.12.20 22:29:39 INFO  Downloading from central: https://repo.maven.apache.org/maven2/com/vaadin/external/google/android-json/0.0.20131108.vaadin1/android-json-0.0.20131108.vaadin1-sources.jar
2022.12.20 22:29:39 INFO  Progress (1): 4.1/22 kB
2022.12.20 22:29:39 INFO  Progress (1): 8.2/22 kB
2022.12.20 22:29:39 INFO  Progress (1): 12/22 kB 
2022.12.20 22:29:39 INFO  Progress (1): 16/22 kB
2022.12.20 22:29:39 INFO  Progress (1): 20/22 kB
2022.12.20 22:29:39 INFO  Progress (1): 22 kB   
2022.12.20 22:29:40 INFO                     
2022.12.20 22:29:40 INFO  Downloaded from central: https://repo.maven.apache.org/maven2/com/vaadin/external/google/android-json/0.0.20131108.vaadin1/android-json-0.0.20131108.vaadin1-sources.jar (22 kB at 80 kB/s)
2022.12.20 22:29:40 INFO  [INFO] SUCCESS: com.vaadin.external.google:android-json:jar:0.0.20131108.vaadin1:test (sources = true)
2022.12.20 22:29:40 INFO  [INFO] Resolving artifact: org.jsoup:jsoup:jar:1.10.2:compile (sources = false)
2022.12.20 22:29:40 INFO  [INFO] SUCCESS: org.jsoup:jsoup:jar:1.10.2:compile (sources = false)
2022.12.20 22:29:40 INFO  [INFO] Resolving artifact: org.jsoup:jsoup:jar:1.10.2:compile (sources = true)
2022.12.20 22:29:40 INFO  Downloading from central: https://repo.maven.apache.org/maven2/org/jsoup/jsoup/1.10.2/jsoup-1.10.2-sources.jar
2022.12.20 22:29:40 INFO  Progress (1): 4.1/169 kB
2022.12.20 22:29:40 INFO  Progress (1): 8.2/169 kB
2022.12.20 22:29:40 INFO  Progress (1): 12/169 kB 
2022.12.20 22:29:40 INFO  Progress (1): 16/169 kB
2022.12.20 22:29:40 INFO  Progress (1): 20/169 kB
2022.12.20 22:29:40 INFO  Progress (1): 24/169 kB
2022.12.20 22:29:40 INFO  Progress (1): 28/169 kB
2022.12.20 22:29:40 INFO  Progress (1): 32/169 kB
2022.12.20 22:29:40 INFO  Progress (1): 36/169 kB
2022.12.20 22:29:40 INFO  Progress (1): 40/169 kB
2022.12.20 22:29:40 INFO  Progress (1): 45/169 kB
2022.12.20 22:29:40 INFO  Progress (1): 49/169 kB
2022.12.20 22:29:40 INFO  Progress (1): 53/169 kB
2022.12.20 22:29:40 INFO  Progress (1): 57/169 kB
2022.12.20 22:29:40 INFO  Progress (1): 61/169 kB
2022.12.20 22:29:40 INFO  Progress (1): 65/169 kB
2022.12.20 22:29:40 INFO  Progress (1): 69/169 kB
2022.12.20 22:29:40 INFO  Progress (1): 73/169 kB
2022.12.20 22:29:40 INFO  Progress (1): 77/169 kB
2022.12.20 22:29:40 INFO  Progress (1): 81/169 kB
2022.12.20 22:29:40 INFO  Progress (1): 85/169 kB
2022.12.20 22:29:40 INFO  Progress (1): 90/169 kB
2022.12.20 22:29:40 INFO  Progress (1): 94/169 kB
2022.12.20 22:29:40 INFO  Progress (1): 98/169 kB
2022.12.20 22:29:40 INFO  Progress (1): 102/169 kB
2022.12.20 22:29:40 INFO  Progress (1): 106/169 kB
2022.12.20 22:29:40 INFO  Progress (1): 110/169 kB
2022.12.20 22:29:40 INFO  Progress (1): 114/169 kB
2022.12.20 22:29:40 INFO  Progress (1): 118/169 kB
2022.12.20 22:29:40 INFO  Progress (1): 122/169 kB
2022.12.20 22:29:40 INFO  Progress (1): 126/169 kB
2022.12.20 22:29:40 INFO  Progress (1): 131/169 kB
2022.12.20 22:29:40 INFO  Progress (1): 135/169 kB
2022.12.20 22:29:40 INFO  Progress (1): 139/169 kB
2022.12.20 22:29:40 INFO  Progress (1): 143/169 kB
2022.12.20 22:29:40 INFO  Progress (1): 147/169 kB
2022.12.20 22:29:40 INFO  Progress (1): 151/169 kB
2022.12.20 22:29:40 INFO  Progress (1): 155/169 kB
2022.12.20 22:29:40 INFO  Progress (1): 159/169 kB
2022.12.20 22:29:40 INFO  Progress (1): 163/169 kB
2022.12.20 22:29:40 INFO  Progress (1): 167/169 kB
2022.12.20 22:29:40 INFO  Progress (1): 169 kB    
2022.12.20 22:29:40 INFO                      
2022.12.20 22:29:40 INFO  Downloaded from central: https://repo.maven.apache.org/maven2/org/jsoup/jsoup/1.10.2/jsoup-1.10.2-sources.jar (169 kB at 535 kB/s)
2022.12.20 22:29:40 INFO  [INFO] SUCCESS: org.jsoup:jsoup:jar:1.10.2:compile (sources = true)
2022.12.20 22:29:40 INFO  [INFO] Resolving artifact: net.sf.jopt-simple:jopt-simple:jar:4.6:compile (sources = false)
2022.12.20 22:29:40 INFO  [INFO] SUCCESS: net.sf.jopt-simple:jopt-simple:jar:4.6:compile (sources = false)
2022.12.20 22:29:40 INFO  [INFO] Resolving artifact: net.sf.jopt-simple:jopt-simple:jar:4.6:compile (sources = true)
2022.12.20 22:29:40 INFO  Downloading from central: https://repo.maven.apache.org/maven2/net/sf/jopt-simple/jopt-simple/4.6/jopt-simple-4.6-sources.jar
2022.12.20 22:29:40 INFO  Progress (1): 4.1/74 kB
2022.12.20 22:29:40 INFO  Progress (1): 8.2/74 kB
2022.12.20 22:29:40 INFO  Progress (1): 12/74 kB 
2022.12.20 22:29:40 INFO  Progress (1): 16/74 kB
2022.12.20 22:29:40 INFO  Progress (1): 20/74 kB
2022.12.20 22:29:40 INFO  Progress (1): 24/74 kB
2022.12.20 22:29:40 INFO  Progress (1): 28/74 kB
2022.12.20 22:29:40 INFO  Progress (1): 32/74 kB
2022.12.20 22:29:40 INFO  Progress (1): 36/74 kB
2022.12.20 22:29:40 INFO  Progress (1): 40/74 kB
2022.12.20 22:29:40 INFO  Progress (1): 45/74 kB
2022.12.20 22:29:40 INFO  Progress (1): 49/74 kB
2022.12.20 22:29:40 INFO  Progress (1): 53/74 kB
2022.12.20 22:29:40 INFO  Progress (1): 57/74 kB
2022.12.20 22:29:40 INFO  Progress (1): 61/74 kB
2022.12.20 22:29:40 INFO  Progress (1): 65/74 kB
2022.12.20 22:29:40 INFO  Progress (1): 69/74 kB
2022.12.20 22:29:40 INFO  Progress (1): 73/74 kB
2022.12.20 22:29:40 INFO  Progress (1): 74 kB   
2022.12.20 22:29:40 INFO                     
2022.12.20 22:29:40 INFO  Downloaded from central: https://repo.maven.apache.org/maven2/net/sf/jopt-simple/jopt-simple/4.6/jopt-simple-4.6-sources.jar (74 kB at 232 kB/s)
2022.12.20 22:29:40 INFO  [INFO] SUCCESS: net.sf.jopt-simple:jopt-simple:jar:4.6:compile (sources = true)
2022.12.20 22:29:40 INFO  [INFO] Resolving artifact: org.apache.velocity:velocity:jar:1.7:compile (sources = false)
2022.12.20 22:29:40 INFO  [INFO] SUCCESS: org.apache.velocity:velocity:jar:1.7:compile (sources = false)
2022.12.20 22:29:40 INFO  [INFO] Resolving artifact: org.apache.velocity:velocity:jar:1.7:compile (sources = true)
2022.12.20 22:29:40 INFO  Downloading from central: https://repo.maven.apache.org/maven2/org/apache/velocity/velocity/1.7/velocity-1.7-sources.jar
2022.12.20 22:29:40 INFO  Progress (1): 4.1/515 kB
2022.12.20 22:29:40 INFO  Progress (1): 8.2/515 kB
2022.12.20 22:29:40 INFO  Progress (1): 12/515 kB 
2022.12.20 22:29:40 INFO  Progress (1): 16/515 kB
2022.12.20 22:29:40 INFO  Progress (1): 20/515 kB
2022.12.20 22:29:40 INFO  Progress (1): 24/515 kB
2022.12.20 22:29:40 INFO  Progress (1): 28/515 kB
2022.12.20 22:29:40 INFO  Progress (1): 32/515 kB
2022.12.20 22:29:40 INFO  Progress (1): 36/515 kB
2022.12.20 22:29:40 INFO  Progress (1): 40/515 kB
2022.12.20 22:29:40 INFO  Progress (1): 45/515 kB
2022.12.20 22:29:40 INFO  Progress (1): 49/515 kB
2022.12.20 22:29:40 INFO  Progress (1): 53/515 kB
2022.12.20 22:29:40 INFO  Progress (1): 57/515 kB
2022.12.20 22:29:40 INFO  Progress (1): 61/515 kB
2022.12.20 22:29:40 INFO  Progress (1): 65/515 kB
2022.12.20 22:29:40 INFO  Progress (1): 69/515 kB
2022.12.20 22:29:40 INFO  Progress (1): 73/515 kB
2022.12.20 22:29:40 INFO  Progress (1): 77/515 kB
2022.12.20 22:29:40 INFO  Progress (1): 81/515 kB
2022.12.20 22:29:40 INFO  Progress (1): 85/515 kB
2022.12.20 22:29:40 INFO  Progress (1): 90/515 kB
2022.12.20 22:29:40 INFO  Progress (1): 94/515 kB
2022.12.20 22:29:40 INFO  Progress (1): 98/515 kB
2022.12.20 22:29:40 INFO  Progress (1): 102/515 kB
2022.12.20 22:29:40 INFO  Progress (1): 106/515 kB
2022.12.20 22:29:40 INFO  Progress (1): 110/515 kB
2022.12.20 22:29:40 INFO  Progress (1): 114/515 kB
2022.12.20 22:29:40 INFO  Progress (1): 118/515 kB
2022.12.20 22:29:40 INFO  Progress (1): 122/515 kB
2022.12.20 22:29:40 INFO  Progress (1): 126/515 kB
2022.12.20 22:29:40 INFO  Progress (1): 131/515 kB
2022.12.20 22:29:40 INFO  Progress (1): 135/515 kB
2022.12.20 22:29:40 INFO  Progress (1): 139/515 kB
2022.12.20 22:29:40 INFO  Progress (1): 143/515 kB
2022.12.20 22:29:40 INFO  Progress (1): 147/515 kB
2022.12.20 22:29:40 INFO  Progress (1): 151/515 kB
2022.12.20 22:29:40 INFO  Progress (1): 155/515 kB
2022.12.20 22:29:40 INFO  Progress (1): 159/515 kB
2022.12.20 22:29:40 INFO  Progress (1): 163/515 kB
2022.12.20 22:29:40 INFO  Progress (1): 167/515 kB
2022.12.20 22:29:40 INFO  Progress (1): 171/515 kB
2022.12.20 22:29:40 INFO  Progress (1): 176/515 kB
2022.12.20 22:29:40 INFO  Progress (1): 180/515 kB
2022.12.20 22:29:40 INFO  Progress (1): 184/515 kB
2022.12.20 22:29:40 INFO  Progress (1): 188/515 kB
2022.12.20 22:29:40 INFO  Progress (1): 192/515 kB
2022.12.20 22:29:40 INFO  Progress (1): 196/515 kB
2022.12.20 22:29:40 INFO  Progress (1): 200/515 kB
2022.12.20 22:29:40 INFO  Progress (1): 204/515 kB
2022.12.20 22:29:40 INFO  Progress (1): 208/515 kB
2022.12.20 22:29:40 INFO  Progress (1): 212/515 kB
2022.12.20 22:29:40 INFO  Progress (1): 217/515 kB
2022.12.20 22:29:40 INFO  Progress (1): 221/515 kB
2022.12.20 22:29:40 INFO  Progress (1): 225/515 kB
2022.12.20 22:29:40 INFO  Progress (1): 229/515 kB
2022.12.20 22:29:40 INFO  Progress (1): 233/515 kB
2022.12.20 22:29:40 INFO  Progress (1): 237/515 kB
2022.12.20 22:29:40 INFO  Progress (1): 241/515 kB
2022.12.20 22:29:40 INFO  Progress (1): 245/515 kB
2022.12.20 22:29:40 INFO  Progress (1): 249/515 kB
2022.12.20 22:29:40 INFO  Progress (1): 253/515 kB
2022.12.20 22:29:40 INFO  Progress (1): 258/515 kB
2022.12.20 22:29:40 INFO  Progress (1): 262/515 kB
2022.12.20 22:29:40 INFO  Progress (1): 266/515 kB
2022.12.20 22:29:40 INFO  Progress (1): 270/515 kB
2022.12.20 22:29:40 INFO  Progress (1): 274/515 kB
2022.12.20 22:29:40 INFO  Progress (1): 278/515 kB
2022.12.20 22:29:40 INFO  Progress (1): 282/515 kB
2022.12.20 22:29:40 INFO  Progress (1): 286/515 kB
2022.12.20 22:29:40 INFO  Progress (1): 290/515 kB
2022.12.20 22:29:40 INFO  Progress (1): 294/515 kB
2022.12.20 22:29:40 INFO  Progress (1): 298/515 kB
2022.12.20 22:29:40 INFO  Progress (1): 303/515 kB
2022.12.20 22:29:40 INFO  Progress (1): 307/515 kB
2022.12.20 22:29:40 INFO  Progress (1): 311/515 kB
2022.12.20 22:29:40 INFO  Progress (1): 315/515 kB
2022.12.20 22:29:40 INFO  Progress (1): 319/515 kB
2022.12.20 22:29:40 INFO  Progress (1): 323/515 kB
2022.12.20 22:29:40 INFO  Progress (1): 327/515 kB
2022.12.20 22:29:40 INFO  Progress (1): 331/515 kB
2022.12.20 22:29:40 INFO  Progress (1): 335/515 kB
2022.12.20 22:29:40 INFO  Progress (1): 339/515 kB
2022.12.20 22:29:40 INFO  Progress (1): 344/515 kB
2022.12.20 22:29:40 INFO  Progress (1): 348/515 kB
2022.12.20 22:29:40 INFO  Progress (1): 352/515 kB
2022.12.20 22:29:40 INFO  Progress (1): 356/515 kB
2022.12.20 22:29:40 INFO  Progress (1): 360/515 kB
2022.12.20 22:29:40 INFO  Progress (1): 364/515 kB
2022.12.20 22:29:40 INFO  Progress (1): 368/515 kB
2022.12.20 22:29:40 INFO  Progress (1): 372/515 kB
2022.12.20 22:29:40 INFO  Progress (1): 376/515 kB
2022.12.20 22:29:40 INFO  Progress (1): 380/515 kB
2022.12.20 22:29:40 INFO  Progress (1): 384/515 kB
2022.12.20 22:29:40 INFO  Progress (1): 389/515 kB
2022.12.20 22:29:40 INFO  Progress (1): 393/515 kB
2022.12.20 22:29:40 INFO  Progress (1): 397/515 kB
2022.12.20 22:29:40 INFO  Progress (1): 401/515 kB
2022.12.20 22:29:40 INFO  Progress (1): 405/515 kB
2022.12.20 22:29:40 INFO  Progress (1): 409/515 kB
2022.12.20 22:29:40 INFO  Progress (1): 413/515 kB
2022.12.20 22:29:40 INFO  Progress (1): 417/515 kB
2022.12.20 22:29:40 INFO  Progress (1): 421/515 kB
2022.12.20 22:29:40 INFO  Progress (1): 425/515 kB
2022.12.20 22:29:40 INFO  Progress (1): 430/515 kB
2022.12.20 22:29:40 INFO  Progress (1): 434/515 kB
2022.12.20 22:29:40 INFO  Progress (1): 438/515 kB
2022.12.20 22:29:40 INFO  Progress (1): 442/515 kB
2022.12.20 22:29:40 INFO  Progress (1): 446/515 kB
2022.12.20 22:29:40 INFO  Progress (1): 450/515 kB
2022.12.20 22:29:40 INFO  Progress (1): 454/515 kB
2022.12.20 22:29:40 INFO  Progress (1): 458/515 kB
2022.12.20 22:29:40 INFO  Progress (1): 462/515 kB
2022.12.20 22:29:40 INFO  Progress (1): 466/515 kB
2022.12.20 22:29:40 INFO  Progress (1): 470/515 kB
2022.12.20 22:29:40 INFO  Progress (1): 475/515 kB
2022.12.20 22:29:40 INFO  Progress (1): 479/515 kB
2022.12.20 22:29:40 INFO  Progress (1): 483/515 kB
2022.12.20 22:29:40 INFO  Progress (1): 487/515 kB
2022.12.20 22:29:40 INFO  Progress (1): 491/515 kB
2022.12.20 22:29:40 INFO  Progress (1): 495/515 kB
2022.12.20 22:29:40 INFO  Progress (1): 499/515 kB
2022.12.20 22:29:40 INFO  Progress (1): 503/515 kB
2022.12.20 22:29:40 INFO  Progress (1): 507/515 kB
2022.12.20 22:29:40 INFO  Progress (1): 511/515 kB
2022.12.20 22:29:40 INFO  Progress (1): 515 kB    
2022.12.20 22:29:40 INFO                      
2022.12.20 22:29:40 INFO  Downloaded from central: https://repo.maven.apache.org/maven2/org/apache/velocity/velocity/1.7/velocity-1.7-sources.jar (515 kB at 1.5 MB/s)
2022.12.20 22:29:40 INFO  [INFO] SUCCESS: org.apache.velocity:velocity:jar:1.7:compile (sources = true)
2022.12.20 22:29:40 INFO  [INFO] Resolving artifact: org.apache.httpcomponents:httpcore:jar:4.4.4:compile (sources = false)
2022.12.20 22:29:40 INFO  [INFO] SUCCESS: org.apache.httpcomponents:httpcore:jar:4.4.4:compile (sources = false)
2022.12.20 22:29:40 INFO  [INFO] Resolving artifact: org.apache.httpcomponents:httpcore:jar:4.4.4:compile (sources = true)
2022.12.20 22:29:40 INFO  Downloading from central: https://repo.maven.apache.org/maven2/org/apache/httpcomponents/httpcore/4.4.4/httpcore-4.4.4-sources.jar
2022.12.20 22:29:41 INFO  Progress (1): 4.1/405 kB
2022.12.20 22:29:41 INFO  Progress (1): 8.2/405 kB
2022.12.20 22:29:41 INFO  Progress (1): 12/405 kB 
2022.12.20 22:29:41 INFO  Progress (1): 16/405 kB
2022.12.20 22:29:41 INFO  Progress (1): 20/405 kB
2022.12.20 22:29:41 INFO  Progress (1): 24/405 kB
2022.12.20 22:29:41 INFO  Progress (1): 28/405 kB
2022.12.20 22:29:41 INFO  Progress (1): 32/405 kB
2022.12.20 22:29:41 INFO  Progress (1): 36/405 kB
2022.12.20 22:29:41 INFO  Progress (1): 40/405 kB
2022.12.20 22:29:41 INFO  Progress (1): 45/405 kB
2022.12.20 22:29:41 INFO  Progress (1): 49/405 kB
2022.12.20 22:29:41 INFO  Progress (1): 53/405 kB
2022.12.20 22:29:41 INFO  Progress (1): 57/405 kB
2022.12.20 22:29:41 INFO  Progress (1): 61/405 kB
2022.12.20 22:29:41 INFO  Progress (1): 65/405 kB
2022.12.20 22:29:41 INFO  Progress (1): 69/405 kB
2022.12.20 22:29:41 INFO  Progress (1): 73/405 kB
2022.12.20 22:29:41 INFO  Progress (1): 77/405 kB
2022.12.20 22:29:41 INFO  Progress (1): 81/405 kB
2022.12.20 22:29:41 INFO  Progress (1): 85/405 kB
2022.12.20 22:29:41 INFO  Progress (1): 90/405 kB
2022.12.20 22:29:41 INFO  Progress (1): 94/405 kB
2022.12.20 22:29:41 INFO  Progress (1): 98/405 kB
2022.12.20 22:29:41 INFO  Progress (1): 102/405 kB
2022.12.20 22:29:41 INFO  Progress (1): 106/405 kB
2022.12.20 22:29:41 INFO  Progress (1): 110/405 kB
2022.12.20 22:29:41 INFO  Progress (1): 114/405 kB
2022.12.20 22:29:41 INFO  Progress (1): 118/405 kB
2022.12.20 22:29:41 INFO  Progress (1): 122/405 kB
2022.12.20 22:29:41 INFO  Progress (1): 126/405 kB
2022.12.20 22:29:41 INFO  Progress (1): 131/405 kB
2022.12.20 22:29:41 INFO  Progress (1): 135/405 kB
2022.12.20 22:29:41 INFO  Progress (1): 139/405 kB
2022.12.20 22:29:41 INFO  Progress (1): 143/405 kB
2022.12.20 22:29:41 INFO  Progress (1): 147/405 kB
2022.12.20 22:29:41 INFO  Progress (1): 151/405 kB
2022.12.20 22:29:41 INFO  Progress (1): 155/405 kB
2022.12.20 22:29:41 INFO  Progress (1): 159/405 kB
2022.12.20 22:29:41 INFO  Progress (1): 163/405 kB
2022.12.20 22:29:41 INFO  Progress (1): 167/405 kB
2022.12.20 22:29:41 INFO  Progress (1): 171/405 kB
2022.12.20 22:29:41 INFO  Progress (1): 176/405 kB
2022.12.20 22:29:41 INFO  Progress (1): 180/405 kB
2022.12.20 22:29:41 INFO  Progress (1): 184/405 kB
2022.12.20 22:29:41 INFO  Progress (1): 188/405 kB
2022.12.20 22:29:41 INFO  Progress (1): 192/405 kB
2022.12.20 22:29:41 INFO  Progress (1): 196/405 kB
2022.12.20 22:29:41 INFO  Progress (1): 200/405 kB
2022.12.20 22:29:41 INFO  Progress (1): 204/405 kB
2022.12.20 22:29:41 INFO  Progress (1): 208/405 kB
2022.12.20 22:29:41 INFO  Progress (1): 212/405 kB
2022.12.20 22:29:41 INFO  Progress (1): 217/405 kB
2022.12.20 22:29:41 INFO  Progress (1): 221/405 kB
2022.12.20 22:29:41 INFO  Progress (1): 225/405 kB
2022.12.20 22:29:41 INFO  Progress (1): 229/405 kB
2022.12.20 22:29:41 INFO  Progress (1): 233/405 kB
2022.12.20 22:29:41 INFO  Progress (1): 237/405 kB
2022.12.20 22:29:41 INFO  Progress (1): 241/405 kB
2022.12.20 22:29:41 INFO  Progress (1): 245/405 kB
2022.12.20 22:29:41 INFO  Progress (1): 249/405 kB
2022.12.20 22:29:41 INFO  Progress (1): 253/405 kB
2022.12.20 22:29:41 INFO  Progress (1): 258/405 kB
2022.12.20 22:29:41 INFO  Progress (1): 262/405 kB
2022.12.20 22:29:41 INFO  Progress (1): 266/405 kB
2022.12.20 22:29:41 INFO  Progress (1): 270/405 kB
2022.12.20 22:29:41 INFO  Progress (1): 274/405 kB
2022.12.20 22:29:41 INFO  Progress (1): 278/405 kB
2022.12.20 22:29:41 INFO  Progress (1): 282/405 kB
2022.12.20 22:29:41 INFO  Progress (1): 286/405 kB
2022.12.20 22:29:41 INFO  Progress (1): 290/405 kB
2022.12.20 22:29:41 INFO  Progress (1): 294/405 kB
2022.12.20 22:29:41 INFO  Progress (1): 298/405 kB
2022.12.20 22:29:41 INFO  Progress (1): 303/405 kB
2022.12.20 22:29:41 INFO  Progress (1): 307/405 kB
2022.12.20 22:29:41 INFO  Progress (1): 311/405 kB
2022.12.20 22:29:41 INFO  Progress (1): 315/405 kB
2022.12.20 22:29:41 INFO  Progress (1): 319/405 kB
2022.12.20 22:29:41 INFO  Progress (1): 323/405 kB
2022.12.20 22:29:41 INFO  Progress (1): 327/405 kB
2022.12.20 22:29:41 INFO  Progress (1): 331/405 kB
2022.12.20 22:29:41 INFO  Progress (1): 335/405 kB
2022.12.20 22:29:41 INFO  Progress (1): 339/405 kB
2022.12.20 22:29:41 INFO  Progress (1): 344/405 kB
2022.12.20 22:29:41 INFO  Progress (1): 348/405 kB
2022.12.20 22:29:41 INFO  Progress (1): 352/405 kB
2022.12.20 22:29:41 INFO  Progress (1): 356/405 kB
2022.12.20 22:29:41 INFO  Progress (1): 360/405 kB
2022.12.20 22:29:41 INFO  Progress (1): 364/405 kB
2022.12.20 22:29:41 INFO  Progress (1): 368/405 kB
2022.12.20 22:29:41 INFO  Progress (1): 372/405 kB
2022.12.20 22:29:41 INFO  Progress (1): 376/405 kB
2022.12.20 22:29:41 INFO  Progress (1): 380/405 kB
2022.12.20 22:29:41 INFO  Progress (1): 384/405 kB
2022.12.20 22:29:41 INFO  Progress (1): 389/405 kB
2022.12.20 22:29:41 INFO  Progress (1): 393/405 kB
2022.12.20 22:29:41 INFO  Progress (1): 397/405 kB
2022.12.20 22:29:41 INFO  Progress (1): 401/405 kB
2022.12.20 22:29:41 INFO  Progress (1): 405/405 kB
2022.12.20 22:29:41 INFO  Progress (1): 405 kB    
2022.12.20 22:29:41 INFO                      
2022.12.20 22:29:41 INFO  Downloaded from central: https://repo.maven.apache.org/maven2/org/apache/httpcomponents/httpcore/4.4.4/httpcore-4.4.4-sources.jar (405 kB at 1.2 MB/s)
2022.12.20 22:29:41 INFO  [INFO] SUCCESS: org.apache.httpcomponents:httpcore:jar:4.4.4:compile (sources = true)
2022.12.20 22:29:41 INFO  [INFO] Generated .bloop\struture-automation.json
2022.12.20 22:29:41 INFO  [INFO] Resolving artifact: com.fasterxml.jackson.core:jackson-annotations:jar:2.8.0:compile (sources = false)
2022.12.20 22:29:41 INFO  [INFO] SUCCESS: com.fasterxml.jackson.core:jackson-annotations:jar:2.8.0:compile (sources = false)
2022.12.20 22:29:41 INFO  [INFO] Resolving artifact: com.fasterxml.jackson.core:jackson-annotations:jar:2.8.0:compile (sources = true)
2022.12.20 22:29:41 INFO  [INFO] SUCCESS: com.fasterxml.jackson.core:jackson-annotations:jar:2.8.0:compile (sources = true)
2022.12.20 22:29:41 INFO  [INFO] Resolving artifact: org.codehaus.groovy:groovy:jar:2.4.12:compile (sources = false)
2022.12.20 22:29:41 INFO  [INFO] SUCCESS: org.codehaus.groovy:groovy:jar:2.4.12:compile (sources = false)
2022.12.20 22:29:41 INFO  [INFO] Resolving artifact: org.codehaus.groovy:groovy:jar:2.4.12:compile (sources = true)
2022.12.20 22:29:41 INFO  [INFO] SUCCESS: org.codehaus.groovy:groovy:jar:2.4.12:compile (sources = true)
2022.12.20 22:29:41 INFO  [INFO] Resolving artifact: velocity-tools:velocity-tools:jar:1.4:compile (sources = false)
2022.12.20 22:29:41 INFO  [INFO] SUCCESS: velocity-tools:velocity-tools:jar:1.4:compile (sources = false)
2022.12.20 22:29:41 INFO  [INFO] Resolving artifact: velocity-tools:velocity-tools:jar:1.4:compile (sources = true)
2022.12.20 22:29:41 INFO  [ERROR] FAILURE velocity-tools:velocity-tools:jar:1.4:compile (sources = true)
2022.12.20 22:29:41 INFO  org.eclipse.aether.resolution.ArtifactResolutionException: velocity-tools:velocity-tools:jar:sources:1.4 was not found in https://repo.maven.apache.org/maven2 during a previous attempt. This failure was cached in the local repository and resolution is not reattempted until the update interval of central has elapsed or updates are forced
2022.12.20 22:29:41 INFO      at org.eclipse.aether.internal.impl.DefaultArtifactResolver.resolve (DefaultArtifactResolver.java:425)
2022.12.20 22:29:41 INFO      at org.eclipse.aether.internal.impl.DefaultArtifactResolver.resolveArtifacts (DefaultArtifactResolver.java:229)
2022.12.20 22:29:41 INFO      at org.eclipse.aether.internal.impl.DefaultArtifactResolver.resolveArtifact (DefaultArtifactResolver.java:207)
2022.12.20 22:29:41 INFO      at org.eclipse.aether.internal.impl.DefaultRepositorySystem.resolveArtifact (DefaultRepositorySystem.java:262)
2022.12.20 22:29:41 INFO      at bloop.integrations.maven.MojoImplementation$.bloop$integrations$maven$MojoImplementation$$resolveArtifact$1 (MojoImplementation.scala:117)
2022.12.20 22:29:41 INFO      at bloop.integrations.maven.MojoImplementation$$anonfun$2.applyOrElse (MojoImplementation.scala:243)
2022.12.20 22:29:41 INFO      at bloop.integrations.maven.MojoImplementation$$anonfun$2.applyOrElse (MojoImplementation.scala:225)
2022.12.20 22:29:41 INFO      at scala.collection.StrictOptimizedIterableOps.collect (StrictOptimizedIterableOps.scala:151)
2022.12.20 22:29:41 INFO      at scala.collection.StrictOptimizedIterableOps.collect$ (StrictOptimizedIterableOps.scala:136)
2022.12.20 22:29:41 INFO      at scala.collection.mutable.HashSet.collect (HashSet.scala:31)
2022.12.20 22:29:41 INFO      at bloop.integrations.maven.MojoImplementation$.writeConfig$1 (MojoImplementation.scala:225)
2022.12.20 22:29:41 INFO      at bloop.integrations.maven.MojoImplementation$.writeCompileAndTestConfiguration (MojoImplementation.scala:309)
2022.12.20 22:29:41 INFO      at bloop.integrations.maven.MojoImplementation.writeCompileAndTestConfiguration (MojoImplementation.scala)
2022.12.20 22:29:41 INFO      at bloop.integrations.maven.BloopMojo.execute (BloopMojo.java:104)
2022.12.20 22:29:41 INFO      at org.apache.maven.plugin.DefaultBuildPluginManager.executeMojo (DefaultBuildPluginManager.java:137)
2022.12.20 22:29:41 INFO      at org.apache.maven.lifecycle.internal.MojoExecutor.doExecute2 (MojoExecutor.java:370)
2022.12.20 22:29:41 INFO      at org.apache.maven.lifecycle.internal.MojoExecutor.doExecute (MojoExecutor.java:351)
2022.12.20 22:29:41 INFO      at org.apache.maven.lifecycle.internal.MojoExecutor.execute (MojoExecutor.java:215)
2022.12.20 22:29:41 INFO      at org.apache.maven.lifecycle.internal.MojoExecutor.execute (MojoExecutor.java:171)
2022.12.20 22:29:41 INFO      at org.apache.maven.lifecycle.internal.MojoExecutor.execute (MojoExecutor.java:163)
2022.12.20 22:29:41 INFO      at org.apache.maven.lifecycle.internal.LifecycleModuleBuilder.buildProject (LifecycleModuleBuilder.java:117)
2022.12.20 22:29:41 INFO      at org.apache.maven.lifecycle.internal.LifecycleModuleBuilder.buildProject (LifecycleModuleBuilder.java:81)
2022.12.20 22:29:41 INFO      at org.apache.maven.lifecycle.internal.builder.singlethreaded.SingleThreadedBuilder.build (SingleThreadedBuilder.java:56)
2022.12.20 22:29:41 INFO      at org.apache.maven.lifecycle.internal.LifecycleStarter.execute (LifecycleStarter.java:128)
2022.12.20 22:29:41 INFO      at org.apache.maven.DefaultMaven.doExecute (DefaultMaven.java:294)
2022.12.20 22:29:41 INFO      at org.apache.maven.DefaultMaven.doExecute (DefaultMaven.java:192)
2022.12.20 22:29:41 INFO      at org.apache.maven.DefaultMaven.execute (DefaultMaven.java:105)
2022.12.20 22:29:41 INFO      at org.apache.maven.cli.MavenCli.execute (MavenCli.java:960)
2022.12.20 22:29:41 INFO      at org.apache.maven.cli.MavenCli.doMain (MavenCli.java:293)
2022.12.20 22:29:41 INFO      at org.apache.maven.cli.MavenCli.main (MavenCli.java:196)
2022.12.20 22:29:41 INFO      at jdk.internal.reflect.NativeMethodAccessorImpl.invoke0 (Native Method)
2022.12.20 22:29:41 INFO      at jdk.internal.reflect.NativeMethodAccessorImpl.invoke (NativeMethodAccessorImpl.java:77)
2022.12.20 22:29:41 INFO      at jdk.internal.reflect.DelegatingMethodAccessorImpl.invoke (DelegatingMethodAccessorImpl.java:43)
2022.12.20 22:29:41 INFO      at java.lang.reflect.Method.invoke (Method.java:568)
2022.12.20 22:29:41 INFO      at org.codehaus.plexus.classworlds.launcher.Launcher.launchEnhanced (Launcher.java:282)
2022.12.20 22:29:41 INFO      at org.codehaus.plexus.classworlds.launcher.Launcher.launch (Launcher.java:225)
2022.12.20 22:29:41 INFO      at org.codehaus.plexus.classworlds.launcher.Launcher.mainWithExitCode (Launcher.java:406)
2022.12.20 22:29:41 INFO      at org.codehaus.plexus.classworlds.launcher.Launcher.main (Launcher.java:347)
2022.12.20 22:29:41 INFO      at jdk.internal.reflect.NativeMethodAccessorImpl.invoke0 (Native Method)
2022.12.20 22:29:41 INFO      at jdk.internal.reflect.NativeMethodAccessorImpl.invoke (NativeMethodAccessorImpl.java:77)
2022.12.20 22:29:41 INFO      at jdk.internal.reflect.DelegatingMethodAccessorImpl.invoke (DelegatingMethodAccessorImpl.java:43)
2022.12.20 22:29:41 INFO      at java.lang.reflect.Method.invoke (Method.java:568)
2022.12.20 22:29:41 INFO      at org.apache.maven.wrapper.BootstrapMainStarter.start (BootstrapMainStarter.java:53)
2022.12.20 22:29:41 INFO      at org.apache.maven.wrapper.WrapperExecutor.execute (WrapperExecutor.java:152)
2022.12.20 22:29:41 INFO      at org.apache.maven.wrapper.MavenWrapperMain.main (MavenWrapperMain.java:76)
2022.12.20 22:29:41 INFO  Caused by: org.eclipse.aether.transfer.ArtifactNotFoundException: velocity-tools:velocity-tools:jar:sources:1.4 was not found in https://repo.maven.apache.org/maven2 during a previous attempt. This failure was cached in the local repository and resolution is not reattempted until the update interval of central has elapsed or updates are forced
2022.12.20 22:29:41 INFO      at org.eclipse.aether.internal.impl.DefaultUpdateCheckManager.newException (DefaultUpdateCheckManager.java:217)
2022.12.20 22:29:41 INFO      at org.eclipse.aether.internal.impl.DefaultUpdateCheckManager.checkArtifact (DefaultUpdateCheckManager.java:169)
2022.12.20 22:29:41 INFO      at org.eclipse.aether.internal.impl.DefaultArtifactResolver.gatherDownloads (DefaultArtifactResolver.java:574)
2022.12.20 22:29:41 INFO      at org.eclipse.aether.internal.impl.DefaultArtifactResolver.performDownloads (DefaultArtifactResolver.java:484)
2022.12.20 22:29:41 INFO      at org.eclipse.aether.internal.impl.DefaultArtifactResolver.resolve (DefaultArtifactResolver.java:402)
2022.12.20 22:29:41 INFO      at org.eclipse.aether.internal.impl.DefaultArtifactResolver.resolveArtifacts (DefaultArtifactResolver.java:229)
2022.12.20 22:29:41 INFO      at org.eclipse.aether.internal.impl.DefaultArtifactResolver.resolveArtifact (DefaultArtifactResolver.java:207)
2022.12.20 22:29:41 INFO      at org.eclipse.aether.internal.impl.DefaultRepositorySystem.resolveArtifact (DefaultRepositorySystem.java:262)
2022.12.20 22:29:41 INFO      at bloop.integrations.maven.MojoImplementation$.bloop$integrations$maven$MojoImplementation$$resolveArtifact$1 (MojoImplementation.scala:117)
2022.12.20 22:29:41 INFO      at bloop.integrations.maven.MojoImplementation$$anonfun$2.applyOrElse (MojoImplementation.scala:243)
2022.12.20 22:29:41 INFO      at bloop.integrations.maven.MojoImplementation$$anonfun$2.applyOrElse (MojoImplementation.scala:225)
2022.12.20 22:29:41 INFO      at scala.collection.StrictOptimizedIterableOps.collect (StrictOptimizedIterableOps.scala:151)
2022.12.20 22:29:41 INFO      at scala.collection.StrictOptimizedIterableOps.collect$ (StrictOptimizedIterableOps.scala:136)
2022.12.20 22:29:41 INFO      at scala.collection.mutable.HashSet.collect (HashSet.scala:31)
2022.12.20 22:29:41 INFO      at bloop.integrations.maven.MojoImplementation$.writeConfig$1 (MojoImplementation.scala:225)
2022.12.20 22:29:41 INFO      at bloop.integrations.maven.MojoImplementation$.writeCompileAndTestConfiguration (MojoImplementation.scala:309)
2022.12.20 22:29:41 INFO      at bloop.integrations.maven.MojoImplementation.writeCompileAndTestConfiguration (MojoImplementation.scala)
2022.12.20 22:29:41 INFO      at bloop.integrations.maven.BloopMojo.execute (BloopMojo.java:104)
2022.12.20 22:29:41 INFO      at org.apache.maven.plugin.DefaultBuildPluginManager.executeMojo (DefaultBuildPluginManager.java:137)
2022.12.20 22:29:41 INFO      at org.apache.maven.lifecycle.internal.MojoExecutor.doExecute2 (MojoExecutor.java:370)
2022.12.20 22:29:41 INFO      at org.apache.maven.lifecycle.internal.MojoExecutor.doExecute (MojoExecutor.java:351)
2022.12.20 22:29:41 INFO      at org.apache.maven.lifecycle.internal.MojoExecutor.execute (MojoExecutor.java:215)
2022.12.20 22:29:41 INFO      at org.apache.maven.lifecycle.internal.MojoExecutor.execute (MojoExecutor.java:171)
2022.12.20 22:29:41 INFO      at org.apache.maven.lifecycle.internal.MojoExecutor.execute (MojoExecutor.java:163)
2022.12.20 22:29:41 INFO      at org.apache.maven.lifecycle.internal.LifecycleModuleBuilder.buildProject (LifecycleModuleBuilder.java:117)
2022.12.20 22:29:41 INFO      at org.apache.maven.lifecycle.internal.LifecycleModuleBuilder.buildProject (LifecycleModuleBuilder.java:81)
2022.12.20 22:29:41 INFO      at org.apache.maven.lifecycle.internal.builder.singlethreaded.SingleThreadedBuilder.build (SingleThreadedBuilder.java:56)
2022.12.20 22:29:41 INFO      at org.apache.maven.lifecycle.internal.LifecycleStarter.execute (LifecycleStarter.java:128)
2022.12.20 22:29:41 INFO      at org.apache.maven.DefaultMaven.doExecute (DefaultMaven.java:294)
2022.12.20 22:29:41 INFO      at org.apache.maven.DefaultMaven.doExecute (DefaultMaven.java:192)
2022.12.20 22:29:41 INFO      at org.apache.maven.DefaultMaven.execute (DefaultMaven.java:105)
2022.12.20 22:29:41 INFO      at org.apache.maven.cli.MavenCli.execute (MavenCli.java:960)
2022.12.20 22:29:41 INFO      at org.apache.maven.cli.MavenCli.doMain (MavenCli.java:293)
2022.12.20 22:29:41 INFO      at org.apache.maven.cli.MavenCli.main (MavenCli.java:196)
2022.12.20 22:29:41 INFO      at jdk.internal.reflect.NativeMethodAccessorImpl.invoke0 (Native Method)
2022.12.20 22:29:41 INFO      at jdk.internal.reflect.NativeMethodAccessorImpl.invoke (NativeMethodAccessorImpl.java:77)
2022.12.20 22:29:41 INFO      at jdk.internal.reflect.DelegatingMethodAccessorImpl.invoke (DelegatingMethodAccessorImpl.java:43)
2022.12.20 22:29:41 INFO      at java.lang.reflect.Method.invoke (Method.java:568)
2022.12.20 22:29:41 INFO      at org.codehaus.plexus.classworlds.launcher.Launcher.launchEnhanced (Launcher.java:282)
2022.12.20 22:29:41 INFO      at org.codehaus.plexus.classworlds.launcher.Launcher.launch (Launcher.java:225)
2022.12.20 22:29:41 INFO      at org.codehaus.plexus.classworlds.launcher.Launcher.mainWithExitCode (Launcher.java:406)
2022.12.20 22:29:41 INFO      at org.codehaus.plexus.classworlds.launcher.Launcher.main (Launcher.java:347)
2022.12.20 22:29:41 INFO      at jdk.internal.reflect.NativeMethodAccessorImpl.invoke0 (Native Method)
2022.12.20 22:29:41 INFO      at jdk.internal.reflect.NativeMethodAccessorImpl.invoke (NativeMethodAccessorImpl.java:77)
2022.12.20 22:29:41 INFO      at jdk.internal.reflect.DelegatingMethodAccessorImpl.invoke (DelegatingMethodAccessorImpl.java:43)
2022.12.20 22:29:41 INFO      at java.lang.reflect.Method.invoke (Method.java:568)
2022.12.20 22:29:41 INFO      at org.apache.maven.wrapper.BootstrapMainStarter.start (BootstrapMainStarter.java:53)
2022.12.20 22:29:41 INFO      at org.apache.maven.wrapper.WrapperExecutor.execute (WrapperExecutor.java:152)
2022.12.20 22:29:41 INFO      at org.apache.maven.wrapper.MavenWrapperMain.main (MavenWrapperMain.java:76)
2022.12.20 22:29:41 INFO  [INFO] Resolving artifact: org.skyscreamer:jsonassert:jar:1.5.0:test (sources = false)
2022.12.20 22:29:41 INFO  [INFO] SUCCESS: org.skyscreamer:jsonassert:jar:1.5.0:test (sources = false)
2022.12.20 22:29:41 INFO  [INFO] Resolving artifact: org.skyscreamer:jsonassert:jar:1.5.0:test (sources = true)
2022.12.20 22:29:41 INFO  [INFO] SUCCESS: org.skyscreamer:jsonassert:jar:1.5.0:test (sources = true)
2022.12.20 22:29:41 INFO  [INFO] Resolving artifact: net.bytebuddy:byte-buddy:jar:1.8.15:compile (sources = false)
2022.12.20 22:29:41 INFO  [INFO] SUCCESS: net.bytebuddy:byte-buddy:jar:1.8.15:compile (sources = false)
2022.12.20 22:29:41 INFO  [INFO] Resolving artifact: net.bytebuddy:byte-buddy:jar:1.8.15:compile (sources = true)
2022.12.20 22:29:41 INFO  [INFO] SUCCESS: net.bytebuddy:byte-buddy:jar:1.8.15:compile (sources = true)
2022.12.20 22:29:41 INFO  [INFO] Resolving artifact: org.codehaus.groovy:groovy-xml:jar:2.4.12:compile (sources = false)
2022.12.20 22:29:41 INFO  [INFO] SUCCESS: org.codehaus.groovy:groovy-xml:jar:2.4.12:compile (sources = false)
2022.12.20 22:29:41 INFO  [INFO] Resolving artifact: org.codehaus.groovy:groovy-xml:jar:2.4.12:compile (sources = true)
2022.12.20 22:29:41 INFO  [INFO] SUCCESS: org.codehaus.groovy:groovy-xml:jar:2.4.12:compile (sources = true)
2022.12.20 22:29:41 INFO  [INFO] Resolving artifact: org.hamcrest:hamcrest-library:jar:1.3:compile (sources = false)
2022.12.20 22:29:41 INFO  [INFO] SUCCESS: org.hamcrest:hamcrest-library:jar:1.3:compile (sources = false)
2022.12.20 22:29:41 INFO  [INFO] Resolving artifact: org.hamcrest:hamcrest-library:jar:1.3:compile (sources = true)
2022.12.20 22:29:41 INFO  [INFO] SUCCESS: org.hamcrest:hamcrest-library:jar:1.3:compile (sources = true)
2022.12.20 22:29:41 INFO  [INFO] Resolving artifact: io.rest-assured:xml-path:jar:3.1.0:compile (sources = false)
2022.12.20 22:29:41 INFO  [INFO] SUCCESS: io.rest-assured:xml-path:jar:3.1.0:compile (sources = false)
2022.12.20 22:29:41 INFO  [INFO] Resolving artifact: io.rest-assured:xml-path:jar:3.1.0:compile (sources = true)
2022.12.20 22:29:41 INFO  [INFO] SUCCESS: io.rest-assured:xml-path:jar:3.1.0:compile (sources = true)
2022.12.20 22:29:41 INFO  [INFO] Resolving artifact: org.codehaus.mojo:animal-sniffer-annotations:jar:1.14:compile (sources = false)
2022.12.20 22:29:41 INFO  [INFO] SUCCESS: org.codehaus.mojo:animal-sniffer-annotations:jar:1.14:compile (sources = false)
2022.12.20 22:29:41 INFO  [INFO] Resolving artifact: org.codehaus.mojo:animal-sniffer-annotations:jar:1.14:compile (sources = true)
2022.12.20 22:29:41 INFO  [INFO] SUCCESS: org.codehaus.mojo:animal-sniffer-annotations:jar:1.14:compile (sources = true)
2022.12.20 22:29:41 INFO  [INFO] Resolving artifact: javax.xml.bind:jaxb-api:jar:2.2.12:compile (sources = false)
2022.12.20 22:29:41 INFO  [INFO] SUCCESS: javax.xml.bind:jaxb-api:jar:2.2.12:compile (sources = false)
2022.12.20 22:29:41 INFO  [INFO] Resolving artifact: javax.xml.bind:jaxb-api:jar:2.2.12:compile (sources = true)
2022.12.20 22:29:41 INFO  [INFO] SUCCESS: javax.xml.bind:jaxb-api:jar:2.2.12:compile (sources = true)
2022.12.20 22:29:41 INFO  [INFO] Resolving artifact: commons-lang:commons-lang:jar:2.4:compile (sources = false)
2022.12.20 22:29:41 INFO  [INFO] SUCCESS: commons-lang:commons-lang:jar:2.4:compile (sources = false)
2022.12.20 22:29:41 INFO  [INFO] Resolving artifact: commons-lang:commons-lang:jar:2.4:compile (sources = true)
2022.12.20 22:29:41 INFO  [INFO] SUCCESS: commons-lang:commons-lang:jar:2.4:compile (sources = true)
2022.12.20 22:29:41 INFO  [INFO] Resolving artifact: com.github.javafaker:javafaker:jar:0.16:compile (sources = false)
2022.12.20 22:29:41 INFO  [INFO] SUCCESS: com.github.javafaker:javafaker:jar:0.16:compile (sources = false)
2022.12.20 22:29:41 INFO  [INFO] Resolving artifact: com.github.javafaker:javafaker:jar:0.16:compile (sources = true)
2022.12.20 22:29:41 INFO  [INFO] SUCCESS: com.github.javafaker:javafaker:jar:0.16:compile (sources = true)
2022.12.20 22:29:41 INFO  [INFO] Resolving artifact: net.masterthought:cucumber-reporting:jar:3.12.0:compile (sources = false)
2022.12.20 22:29:41 INFO  [INFO] SUCCESS: net.masterthought:cucumber-reporting:jar:3.12.0:compile (sources = false)
2022.12.20 22:29:41 INFO  [INFO] Resolving artifact: net.masterthought:cucumber-reporting:jar:3.12.0:compile (sources = true)
2022.12.20 22:29:41 INFO  [INFO] SUCCESS: net.masterthought:cucumber-reporting:jar:3.12.0:compile (sources = true)
2022.12.20 22:29:41 INFO  [INFO] Resolving artifact: org.seleniumhq.selenium:selenium-chrome-driver:jar:3.141.59:compile (sources = false)
2022.12.20 22:29:41 INFO  [INFO] SUCCESS: org.seleniumhq.selenium:selenium-chrome-driver:jar:3.141.59:compile (sources = false)
2022.12.20 22:29:41 INFO  [INFO] Resolving artifact: org.seleniumhq.selenium:selenium-chrome-driver:jar:3.141.59:compile (sources = true)
2022.12.20 22:29:41 INFO  [INFO] SUCCESS: org.seleniumhq.selenium:selenium-chrome-driver:jar:3.141.59:compile (sources = true)
2022.12.20 22:29:41 INFO  [INFO] Resolving artifact: com.google.code.findbugs:jsr305:jar:3.0.0:compile (sources = false)
2022.12.20 22:29:41 INFO  [INFO] SUCCESS: com.google.code.findbugs:jsr305:jar:3.0.0:compile (sources = false)
2022.12.20 22:29:41 INFO  [INFO] Resolving artifact: com.google.code.findbugs:jsr305:jar:3.0.0:compile (sources = true)
2022.12.20 22:29:41 INFO  [INFO] SUCCESS: com.google.code.findbugs:jsr305:jar:3.0.0:compile (sources = true)
2022.12.20 22:29:41 INFO  [INFO] Resolving artifact: com.googlecode.libphonenumber:libphonenumber:jar:6.2:compile (sources = false)
2022.12.20 22:29:41 INFO  [INFO] SUCCESS: com.googlecode.libphonenumber:libphonenumber:jar:6.2:compile (sources = false)
2022.12.20 22:29:41 INFO  [INFO] Resolving artifact: com.googlecode.libphonenumber:libphonenumber:jar:6.2:compile (sources = true)
2022.12.20 22:29:41 INFO  [INFO] SUCCESS: com.googlecode.libphonenumber:libphonenumber:jar:6.2:compile (sources = true)
2022.12.20 22:29:41 INFO  [INFO] Resolving artifact: org.seleniumhq.selenium:selenium-opera-driver:jar:3.141.59:compile (sources = false)
2022.12.20 22:29:41 INFO  [INFO] SUCCESS: org.seleniumhq.selenium:selenium-opera-driver:jar:3.141.59:compile (sources = false)
2022.12.20 22:29:41 INFO  [INFO] Resolving artifact: org.seleniumhq.selenium:selenium-opera-driver:jar:3.141.59:compile (sources = true)
2022.12.20 22:29:41 INFO  [INFO] SUCCESS: org.seleniumhq.selenium:selenium-opera-driver:jar:3.141.59:compile (sources = true)
2022.12.20 22:29:41 INFO  [INFO] Resolving artifact: commons-io:commons-io:jar:2.6:compile (sources = false)
2022.12.20 22:29:41 INFO  [INFO] SUCCESS: commons-io:commons-io:jar:2.6:compile (sources = false)
2022.12.20 22:29:41 INFO  [INFO] Resolving artifact: commons-io:commons-io:jar:2.6:compile (sources = true)
2022.12.20 22:29:41 INFO  [INFO] SUCCESS: commons-io:commons-io:jar:2.6:compile (sources = true)
2022.12.20 22:29:41 INFO  [INFO] Resolving artifact: org.rauschig:jarchivelib:jar:1.0.0:compile (sources = false)
2022.12.20 22:29:41 INFO  [INFO] SUCCESS: org.rauschig:jarchivelib:jar:1.0.0:compile (sources = false)
2022.12.20 22:29:41 INFO  [INFO] Resolving artifact: org.rauschig:jarchivelib:jar:1.0.0:compile (sources = true)
2022.12.20 22:29:41 INFO  [INFO] SUCCESS: org.rauschig:jarchivelib:jar:1.0.0:compile (sources = true)
2022.12.20 22:29:41 INFO  [INFO] Resolving artifact: org.apache.httpcomponents:httpclient:jar:4.5.2:compile (sources = false)
2022.12.20 22:29:41 INFO  [INFO] SUCCESS: org.apache.httpcomponents:httpclient:jar:4.5.2:compile (sources = false)
2022.12.20 22:29:41 INFO  [INFO] Resolving artifact: org.apache.httpcomponents:httpclient:jar:4.5.2:compile (sources = true)
2022.12.20 22:29:41 INFO  [INFO] SUCCESS: org.apache.httpcomponents:httpclient:jar:4.5.2:compile (sources = true)
2022.12.20 22:29:41 INFO  [INFO] Resolving artifact: com.googlecode.json-simple:json-simple:jar:1.1.1:compile (sources = false)
2022.12.20 22:29:41 INFO  [INFO] SUCCESS: com.googlecode.json-simple:json-simple:jar:1.1.1:compile (sources = false)
2022.12.20 22:29:41 INFO  [INFO] Resolving artifact: com.googlecode.json-simple:json-simple:jar:1.1.1:compile (sources = true)
2022.12.20 22:29:41 INFO  [INFO] SUCCESS: com.googlecode.json-simple:json-simple:jar:1.1.1:compile (sources = true)
2022.12.20 22:29:41 INFO  [INFO] Resolving artifact: com.googlecode.owasp-java-html-sanitizer:owasp-java-html-sanitizer:jar:20170515.1:compile (sources = false)
2022.12.20 22:29:41 INFO  [INFO] SUCCESS: com.googlecode.owasp-java-html-sanitizer:owasp-java-html-sanitizer:jar:20170515.1:compile (sources = false)
2022.12.20 22:29:41 INFO  [INFO] Resolving artifact: com.googlecode.owasp-java-html-sanitizer:owasp-java-html-sanitizer:jar:20170515.1:compile (sources = true)
2022.12.20 22:29:41 INFO  [INFO] SUCCESS: com.googlecode.owasp-java-html-sanitizer:owasp-java-html-sanitizer:jar:20170515.1:compile (sources = true)
2022.12.20 22:29:41 INFO  [INFO] Resolving artifact: io.rest-assured:json-schema-validator:jar:3.1.0:compile (sources = false)
2022.12.20 22:29:41 INFO  [INFO] SUCCESS: io.rest-assured:json-schema-validator:jar:3.1.0:compile (sources = false)
2022.12.20 22:29:41 INFO  [INFO] Resolving artifact: io.rest-assured:json-schema-validator:jar:3.1.0:compile (sources = true)
2022.12.20 22:29:41 INFO  [INFO] SUCCESS: io.rest-assured:json-schema-validator:jar:3.1.0:compile (sources = true)
2022.12.20 22:29:41 INFO  [INFO] Resolving artifact: io.rest-assured:json-path:jar:3.1.0:compile (sources = false)
2022.12.20 22:29:41 INFO  [INFO] SUCCESS: io.rest-assured:json-path:jar:3.1.0:compile (sources = false)
2022.12.20 22:29:41 INFO  [INFO] Resolving artifact: io.rest-assured:json-path:jar:3.1.0:compile (sources = true)
2022.12.20 22:29:41 INFO  [INFO] SUCCESS: io.rest-assured:json-path:jar:3.1.0:compile (sources = true)
2022.12.20 22:29:41 INFO  [INFO] Resolving artifact: com.squareup.okio:okio:jar:1.14.0:compile (sources = false)
2022.12.20 22:29:41 INFO  [INFO] SUCCESS: com.squareup.okio:okio:jar:1.14.0:compile (sources = false)
2022.12.20 22:29:41 INFO  [INFO] Resolving artifact: com.squareup.okio:okio:jar:1.14.0:compile (sources = true)
2022.12.20 22:29:41 INFO  [INFO] SUCCESS: com.squareup.okio:okio:jar:1.14.0:compile (sources = true)
2022.12.20 22:29:41 INFO  [INFO] Resolving artifact: org.hamcrest:hamcrest-core:jar:1.3:compile (sources = false)
2022.12.20 22:29:41 INFO  [INFO] SUCCESS: org.hamcrest:hamcrest-core:jar:1.3:compile (sources = false)
2022.12.20 22:29:41 INFO  [INFO] Resolving artifact: org.hamcrest:hamcrest-core:jar:1.3:compile (sources = true)
2022.12.20 22:29:41 INFO  [INFO] SUCCESS: org.hamcrest:hamcrest-core:jar:1.3:compile (sources = true)
2022.12.20 22:29:41 INFO  [INFO] Resolving artifact: com.google.code.gson:gson:jar:2.8.5:compile (sources = false)
2022.12.20 22:29:41 INFO  [INFO] SUCCESS: com.google.code.gson:gson:jar:2.8.5:compile (sources = false)
2022.12.20 22:29:41 INFO  [INFO] Resolving artifact: com.google.code.gson:gson:jar:2.8.5:compile (sources = true)
2022.12.20 22:29:41 INFO  [INFO] SUCCESS: com.google.code.gson:gson:jar:2.8.5:compile (sources = true)
2022.12.20 22:29:41 INFO  [INFO] Resolving artifact: commons-codec:commons-codec:jar:1.9:compile (sources = false)
2022.12.20 22:29:41 INFO  [INFO] SUCCESS: commons-codec:commons-codec:jar:1.9:compile (sources = false)
2022.12.20 22:29:41 INFO  [INFO] Resolving artifact: commons-codec:commons-codec:jar:1.9:compile (sources = true)
2022.12.20 22:29:41 INFO  [INFO] SUCCESS: commons-codec:commons-codec:jar:1.9:compile (sources = true)
2022.12.20 22:29:41 INFO  [INFO] Resolving artifact: org.seleniumhq.selenium:selenium-support:jar:3.141.59:compile (sources = false)
2022.12.20 22:29:41 INFO  [INFO] SUCCESS: org.seleniumhq.selenium:selenium-support:jar:3.141.59:compile (sources = false)
2022.12.20 22:29:41 INFO  [INFO] Resolving artifact: org.seleniumhq.selenium:selenium-support:jar:3.141.59:compile (sources = true)
2022.12.20 22:29:41 INFO  [INFO] SUCCESS: org.seleniumhq.selenium:selenium-support:jar:3.141.59:compile (sources = true)
2022.12.20 22:29:41 INFO  [INFO] Resolving artifact: org.codehaus.groovy:groovy-json:jar:2.4.12:compile (sources = false)
2022.12.20 22:29:41 INFO  [INFO] SUCCESS: org.codehaus.groovy:groovy-json:jar:2.4.12:compile (sources = false)
2022.12.20 22:29:41 INFO  [INFO] Resolving artifact: org.codehaus.groovy:groovy-json:jar:2.4.12:compile (sources = true)
2022.12.20 22:29:41 INFO  [INFO] SUCCESS: org.codehaus.groovy:groovy-json:jar:2.4.12:compile (sources = true)
2022.12.20 22:29:41 INFO  [INFO] Resolving artifact: org.codehaus.plexus:plexus-utils:jar:3.0.24:compile (sources = false)
2022.12.20 22:29:41 INFO  [INFO] SUCCESS: org.codehaus.plexus:plexus-utils:jar:3.0.24:compile (sources = false)
2022.12.20 22:29:41 INFO  [INFO] Resolving artifact: org.codehaus.plexus:plexus-utils:jar:3.0.24:compile (sources = true)
2022.12.20 22:29:41 INFO  [INFO] SUCCESS: org.codehaus.plexus:plexus-utils:jar:3.0.24:compile (sources = true)
2022.12.20 22:29:41 INFO  [INFO] Resolving artifact: io.rest-assured:rest-assured:jar:3.1.0:compile (sources = false)
2022.12.20 22:29:41 INFO  [INFO] SUCCESS: io.rest-assured:rest-assured:jar:3.1.0:compile (sources = false)
2022.12.20 22:29:41 INFO  [INFO] Resolving artifact: io.rest-assured:rest-assured:jar:3.1.0:compile (sources = true)
2022.12.20 22:29:41 INFO  [INFO] SUCCESS: io.rest-assured:rest-assured:jar:3.1.0:compile (sources = true)
2022.12.20 22:29:41 INFO  [INFO] Resolving artifact: com.github.fge:json-schema-validator:jar:2.2.6:compile (sources = false)
2022.12.20 22:29:41 INFO  [INFO] SUCCESS: com.github.fge:json-schema-validator:jar:2.2.6:compile (sources = false)
2022.12.20 22:29:41 INFO  [INFO] Resolving artifact: com.github.fge:json-schema-validator:jar:2.2.6:compile (sources = true)
2022.12.20 22:29:41 INFO  [INFO] SUCCESS: com.github.fge:json-schema-validator:jar:2.2.6:compile (sources = true)
2022.12.20 22:29:41 INFO  [INFO] Resolving artifact: org.yaml:snakeyaml:jar:android:1.20:compile (sources = false)
2022.12.20 22:29:41 INFO  [INFO] SUCCESS: org.yaml:snakeyaml:jar:android:1.20:compile (sources = false)
2022.12.20 22:29:41 INFO  [INFO] Resolving artifact: org.yaml:snakeyaml:jar:android:1.20:compile (sources = true)
2022.12.20 22:29:41 INFO  [INFO] SUCCESS: org.yaml:snakeyaml:jar:android:1.20:compile (sources = true)
2022.12.20 22:29:41 INFO  [INFO] Resolving artifact: commons-logging:commons-logging:jar:1.2:compile (sources = false)
2022.12.20 22:29:41 INFO  [INFO] SUCCESS: commons-logging:commons-logging:jar:1.2:compile (sources = false)
2022.12.20 22:29:41 INFO  [INFO] Resolving artifact: commons-logging:commons-logging:jar:1.2:compile (sources = true)
2022.12.20 22:29:41 INFO  [INFO] SUCCESS: commons-logging:commons-logging:jar:1.2:compile (sources = true)
2022.12.20 22:29:41 INFO  [INFO] Resolving artifact: info.cukes:cucumber-html:jar:0.2.3:compile (sources = false)
2022.12.20 22:29:41 INFO  [INFO] SUCCESS: info.cukes:cucumber-html:jar:0.2.3:compile (sources = false)
2022.12.20 22:29:41 INFO  [INFO] Resolving artifact: info.cukes:cucumber-html:jar:0.2.3:compile (sources = true)
2022.12.20 22:29:41 INFO  [INFO] SUCCESS: info.cukes:cucumber-html:jar:0.2.3:compile (sources = true)
2022.12.20 22:29:41 INFO  [INFO] Resolving artifact: com.github.lalyos:jfiglet:jar:0.0.8:compile (sources = false)
2022.12.20 22:29:41 INFO  [INFO] SUCCESS: com.github.lalyos:jfiglet:jar:0.0.8:compile (sources = false)
2022.12.20 22:29:41 INFO  [INFO] Resolving artifact: com.github.lalyos:jfiglet:jar:0.0.8:compile (sources = true)
2022.12.20 22:29:41 INFO  [INFO] SUCCESS: com.github.lalyos:jfiglet:jar:0.0.8:compile (sources = true)
2022.12.20 22:29:41 INFO  [INFO] Resolving artifact: com.github.fge:btf:jar:1.2:compile (sources = false)
2022.12.20 22:29:41 INFO  [INFO] SUCCESS: com.github.fge:btf:jar:1.2:compile (sources = false)
2022.12.20 22:29:41 INFO  [INFO] Resolving artifact: com.github.fge:btf:jar:1.2:compile (sources = true)
2022.12.20 22:29:41 INFO  [INFO] SUCCESS: com.github.fge:btf:jar:1.2:compile (sources = true)
2022.12.20 22:29:41 INFO  [INFO] Resolving artifact: com.github.mifmif:generex:jar:1.0.2:compile (sources = false)
2022.12.20 22:29:41 INFO  [INFO] SUCCESS: com.github.mifmif:generex:jar:1.0.2:compile (sources = false)
2022.12.20 22:29:41 INFO  [INFO] Resolving artifact: com.github.mifmif:generex:jar:1.0.2:compile (sources = true)
2022.12.20 22:29:41 INFO  [INFO] SUCCESS: com.github.mifmif:generex:jar:1.0.2:compile (sources = true)
2022.12.20 22:29:41 INFO  [INFO] Resolving artifact: org.apache.logging.log4j:log4j-core:jar:2.8.2:compile (sources = false)
2022.12.20 22:29:41 INFO  [INFO] SUCCESS: org.apache.logging.log4j:log4j-core:jar:2.8.2:compile (sources = false)
2022.12.20 22:29:41 INFO  [INFO] Resolving artifact: org.apache.logging.log4j:log4j-core:jar:2.8.2:compile (sources = true)
2022.12.20 22:29:41 INFO  [INFO] SUCCESS: org.apache.logging.log4j:log4j-core:jar:2.8.2:compile (sources = true)
2022.12.20 22:29:41 INFO  [INFO] Resolving artifact: com.squareup.okhttp3:okhttp:jar:3.11.0:compile (sources = false)
2022.12.20 22:29:41 INFO  [INFO] SUCCESS: com.squareup.okhttp3:okhttp:jar:3.11.0:compile (sources = false)
2022.12.20 22:29:41 INFO  [INFO] Resolving artifact: com.squareup.okhttp3:okhttp:jar:3.11.0:compile (sources = true)
2022.12.20 22:29:41 INFO  [INFO] SUCCESS: com.squareup.okhttp3:okhttp:jar:3.11.0:compile (sources = true)
2022.12.20 22:29:41 INFO  [INFO] Resolving artifact: info.cukes:gherkin:jar:2.12.2:compile (sources = false)
2022.12.20 22:29:41 INFO  [INFO] SUCCESS: info.cukes:gherkin:jar:2.12.2:compile (sources = false)
2022.12.20 22:29:41 INFO  [INFO] Resolving artifact: info.cukes:gherkin:jar:2.12.2:compile (sources = true)
2022.12.20 22:29:41 INFO  [INFO] SUCCESS: info.cukes:gherkin:jar:2.12.2:compile (sources = true)
2022.12.20 22:29:41 INFO  [INFO] Resolving artifact: com.github.fge:jackson-coreutils:jar:1.8:compile (sources = false)
2022.12.20 22:29:41 INFO  [INFO] SUCCESS: com.github.fge:jackson-coreutils:jar:1.8:compile (sources = false)
2022.12.20 22:29:41 INFO  [INFO] Resolving artifact: com.github.fge:jackson-coreutils:jar:1.8:compile (sources = true)
2022.12.20 22:29:41 INFO  [INFO] SUCCESS: com.github.fge:jackson-coreutils:jar:1.8:compile (sources = true)
2022.12.20 22:29:41 INFO  [INFO] Resolving artifact: com.fasterxml.jackson.core:jackson-databind:jar:2.8.6:compile (sources = false)
2022.12.20 22:29:41 INFO  [INFO] SUCCESS: com.fasterxml.jackson.core:jackson-databind:jar:2.8.6:compile (sources = false)
2022.12.20 22:29:41 INFO  [INFO] Resolving artifact: com.fasterxml.jackson.core:jackson-databind:jar:2.8.6:compile (sources = true)
2022.12.20 22:29:41 INFO  [INFO] SUCCESS: com.fasterxml.jackson.core:jackson-databind:jar:2.8.6:compile (sources = true)
2022.12.20 22:29:41 INFO  [INFO] Resolving artifact: org.seleniumhq.selenium:selenium-remote-driver:jar:3.141.59:compile (sources = false)
2022.12.20 22:29:41 INFO  [INFO] SUCCESS: org.seleniumhq.selenium:selenium-remote-driver:jar:3.141.59:compile (sources = false)
2022.12.20 22:29:41 INFO  [INFO] Resolving artifact: org.seleniumhq.selenium:selenium-remote-driver:jar:3.141.59:compile (sources = true)
2022.12.20 22:29:41 INFO  [INFO] SUCCESS: org.seleniumhq.selenium:selenium-remote-driver:jar:3.141.59:compile (sources = true)
2022.12.20 22:29:41 INFO  [INFO] Resolving artifact: com.github.fge:msg-simple:jar:1.1:compile (sources = false)
2022.12.20 22:29:41 INFO  [INFO] SUCCESS: com.github.fge:msg-simple:jar:1.1:compile (sources = false)
2022.12.20 22:29:41 INFO  [INFO] Resolving artifact: com.github.fge:msg-simple:jar:1.1:compile (sources = true)
2022.12.20 22:29:41 INFO  [INFO] SUCCESS: com.github.fge:msg-simple:jar:1.1:compile (sources = true)
2022.12.20 22:29:41 INFO  [INFO] Resolving artifact: io.rest-assured:rest-assured-common:jar:3.1.0:compile (sources = false)
2022.12.20 22:29:41 INFO  [INFO] SUCCESS: io.rest-assured:rest-assured-common:jar:3.1.0:compile (sources = false)
2022.12.20 22:29:41 INFO  [INFO] Resolving artifact: io.rest-assured:rest-assured-common:jar:3.1.0:compile (sources = true)
2022.12.20 22:29:41 INFO  [INFO] SUCCESS: io.rest-assured:rest-assured-common:jar:3.1.0:compile (sources = true)
2022.12.20 22:29:41 INFO  [INFO] Resolving artifact: com.fasterxml.jackson.core:jackson-core:jar:2.8.6:compile (sources = false)
2022.12.20 22:29:41 INFO  [INFO] SUCCESS: com.fasterxml.jackson.core:jackson-core:jar:2.8.6:compile (sources = false)
2022.12.20 22:29:41 INFO  [INFO] Resolving artifact: com.fasterxml.jackson.core:jackson-core:jar:2.8.6:compile (sources = true)
2022.12.20 22:29:41 INFO  [INFO] SUCCESS: com.fasterxml.jackson.core:jackson-core:jar:2.8.6:compile (sources = true)
2022.12.20 22:29:41 INFO  [INFO] Resolving artifact: org.hamcrest:hamcrest-all:jar:1.3:compile (sources = false)
2022.12.20 22:29:41 INFO  [INFO] SUCCESS: org.hamcrest:hamcrest-all:jar:1.3:compile (sources = false)
2022.12.20 22:29:41 INFO  [INFO] Resolving artifact: org.hamcrest:hamcrest-all:jar:1.3:compile (sources = true)
2022.12.20 22:29:41 INFO  [INFO] SUCCESS: org.hamcrest:hamcrest-all:jar:1.3:compile (sources = true)
2022.12.20 22:29:41 INFO  [INFO] Resolving artifact: commons-configuration:commons-configuration:jar:1.6:compile (sources = false)
2022.12.20 22:29:41 INFO  [INFO] SUCCESS: commons-configuration:commons-configuration:jar:1.6:compile (sources = false)
2022.12.20 22:29:41 INFO  [INFO] Resolving artifact: commons-configuration:commons-configuration:jar:1.6:compile (sources = true)
2022.12.20 22:29:41 INFO  [INFO] SUCCESS: commons-configuration:commons-configuration:jar:1.6:compile (sources = true)
2022.12.20 22:29:41 INFO  [INFO] Resolving artifact: org.checkerframework:checker-compat-qual:jar:2.0.0:compile (sources = false)
2022.12.20 22:29:41 INFO  [INFO] SUCCESS: org.checkerframework:checker-compat-qual:jar:2.0.0:compile (sources = false)
2022.12.20 22:29:41 INFO  [INFO] Resolving artifact: org.checkerframework:checker-compat-qual:jar:2.0.0:compile (sources = true)
2022.12.20 22:29:41 INFO  [INFO] SUCCESS: org.checkerframework:checker-compat-qual:jar:2.0.0:compile (sources = true)
2022.12.20 22:29:41 INFO  [INFO] Resolving artifact: commons-digester:commons-digester:jar:1.8:compile (sources = false)
2022.12.20 22:29:41 INFO  [INFO] SUCCESS: commons-digester:commons-digester:jar:1.8:compile (sources = false)
2022.12.20 22:29:41 INFO  [INFO] Resolving artifact: commons-digester:commons-digester:jar:1.8:compile (sources = true)
2022.12.20 22:29:41 INFO  [INFO] SUCCESS: commons-digester:commons-digester:jar:1.8:compile (sources = true)
2022.12.20 22:29:41 INFO  [INFO] Resolving artifact: org.seleniumhq.selenium:selenium-ie-driver:jar:3.141.59:compile (sources = false)
2022.12.20 22:29:41 INFO  [INFO] SUCCESS: org.seleniumhq.selenium:selenium-ie-driver:jar:3.141.59:compile (sources = false)
2022.12.20 22:29:41 INFO  [INFO] Resolving artifact: org.seleniumhq.selenium:selenium-ie-driver:jar:3.141.59:compile (sources = true)
2022.12.20 22:29:41 INFO  [INFO] SUCCESS: org.seleniumhq.selenium:selenium-ie-driver:jar:3.141.59:compile (sources = true)
2022.12.20 22:29:41 INFO  [INFO] Resolving artifact: commons-beanutils:commons-beanutils:jar:1.7.0:compile (sources = false)
2022.12.20 22:29:41 INFO  [INFO] SUCCESS: commons-beanutils:commons-beanutils:jar:1.7.0:compile (sources = false)
2022.12.20 22:29:41 INFO  [INFO] Resolving artifact: commons-beanutils:commons-beanutils:jar:1.7.0:compile (sources = true)
2022.12.20 22:29:41 INFO  [INFO] SUCCESS: commons-beanutils:commons-beanutils:jar:1.7.0:compile (sources = true)
2022.12.20 22:29:41 INFO  [INFO] Resolving artifact: com.google.j2objc:j2objc-annotations:jar:1.1:compile (sources = false)
2022.12.20 22:29:41 INFO  [INFO] SUCCESS: com.google.j2objc:j2objc-annotations:jar:1.1:compile (sources = false)
2022.12.20 22:29:41 INFO  [INFO] Resolving artifact: com.google.j2objc:j2objc-annotations:jar:1.1:compile (sources = true)
2022.12.20 22:29:41 INFO  [INFO] SUCCESS: com.google.j2objc:j2objc-annotations:jar:1.1:compile (sources = true)
2022.12.20 22:29:41 INFO  [INFO] Resolving artifact: org.apache.commons:commons-compress:jar:1.18:compile (sources = false)
2022.12.20 22:29:41 INFO  [INFO] SUCCESS: org.apache.commons:commons-compress:jar:1.18:compile (sources = false)
2022.12.20 22:29:41 INFO  [INFO] Resolving artifact: org.apache.commons:commons-compress:jar:1.18:compile (sources = true)
2022.12.20 22:29:41 INFO  [INFO] SUCCESS: org.apache.commons:commons-compress:jar:1.18:compile (sources = true)
2022.12.20 22:29:41 INFO  [INFO] Resolving artifact: commons-collections:commons-collections:jar:3.2.1:compile (sources = false)
2022.12.20 22:29:41 INFO  [INFO] SUCCESS: commons-collections:commons-collections:jar:3.2.1:compile (sources = false)
2022.12.20 22:29:41 INFO  [INFO] Resolving artifact: commons-collections:commons-collections:jar:3.2.1:compile (sources = true)
2022.12.20 22:29:41 INFO  [INFO] SUCCESS: commons-collections:commons-collections:jar:3.2.1:compile (sources = true)
2022.12.20 22:29:41 INFO  [INFO] Resolving artifact: dk.brics.automaton:automaton:jar:1.11-8:compile (sources = false)
2022.12.20 22:29:41 INFO  [INFO] SUCCESS: dk.brics.automaton:automaton:jar:1.11-8:compile (sources = false)
2022.12.20 22:29:41 INFO  [INFO] Resolving artifact: dk.brics.automaton:automaton:jar:1.11-8:compile (sources = true)
2022.12.20 22:29:41 INFO  [INFO] SUCCESS: dk.brics.automaton:automaton:jar:1.11-8:compile (sources = true)
2022.12.20 22:29:41 INFO  [INFO] Resolving artifact: javax.activation:activation:jar:1.1:compile (sources = false)
2022.12.20 22:29:41 INFO  [INFO] SUCCESS: javax.activation:activation:jar:1.1:compile (sources = false)
2022.12.20 22:29:41 INFO  [INFO] Resolving artifact: javax.activation:activation:jar:1.1:compile (sources = true)
2022.12.20 22:29:41 INFO  [INFO] SUCCESS: javax.activation:activation:jar:1.1:compile (sources = true)
2022.12.20 22:29:41 INFO  [INFO] Resolving artifact: info.cukes:cucumber-jvm-deps:jar:1.0.5:compile (sources = false)
2022.12.20 22:29:41 INFO  [INFO] SUCCESS: info.cukes:cucumber-jvm-deps:jar:1.0.5:compile (sources = false)
2022.12.20 22:29:41 INFO  [INFO] Resolving artifact: info.cukes:cucumber-jvm-deps:jar:1.0.5:compile (sources = true)
2022.12.20 22:29:41 INFO  [INFO] SUCCESS: info.cukes:cucumber-jvm-deps:jar:1.0.5:compile (sources = true)
2022.12.20 22:29:41 INFO  [INFO] Resolving artifact: org.seleniumhq.selenium:selenium-api:jar:3.141.59:compile (sources = false)
2022.12.20 22:29:41 INFO  [INFO] SUCCESS: org.seleniumhq.selenium:selenium-api:jar:3.141.59:compile (sources = false)
2022.12.20 22:29:41 INFO  [INFO] Resolving artifact: org.seleniumhq.selenium:selenium-api:jar:3.141.59:compile (sources = true)
2022.12.20 22:29:41 INFO  [INFO] SUCCESS: org.seleniumhq.selenium:selenium-api:jar:3.141.59:compile (sources = true)
2022.12.20 22:29:41 INFO  [INFO] Resolving artifact: org.mongodb:mongo-java-driver:jar:3.11.0:compile (sources = false)
2022.12.20 22:29:41 INFO  [INFO] SUCCESS: org.mongodb:mongo-java-driver:jar:3.11.0:compile (sources = false)
2022.12.20 22:29:41 INFO  [INFO] Resolving artifact: org.mongodb:mongo-java-driver:jar:3.11.0:compile (sources = true)
2022.12.20 22:29:41 INFO  [INFO] SUCCESS: org.mongodb:mongo-java-driver:jar:3.11.0:compile (sources = true)
2022.12.20 22:29:41 INFO  [INFO] Resolving artifact: org.seleniumhq.selenium:selenium-java:jar:3.141.59:compile (sources = false)
2022.12.20 22:29:41 INFO  [INFO] SUCCESS: org.seleniumhq.selenium:selenium-java:jar:3.141.59:compile (sources = false)
2022.12.20 22:29:41 INFO  [INFO] Resolving artifact: org.seleniumhq.selenium:selenium-java:jar:3.141.59:compile (sources = true)
2022.12.20 22:29:41 INFO  [INFO] SUCCESS: org.seleniumhq.selenium:selenium-java:jar:3.141.59:compile (sources = true)
2022.12.20 22:29:41 INFO  [INFO] Resolving artifact: javax.mail:mailapi:jar:1.4.3:compile (sources = false)
2022.12.20 22:29:41 INFO  [INFO] SUCCESS: javax.mail:mailapi:jar:1.4.3:compile (sources = false)
2022.12.20 22:29:41 INFO  [INFO] Resolving artifact: javax.mail:mailapi:jar:1.4.3:compile (sources = true)
2022.12.20 22:29:41 INFO  [INFO] SUCCESS: javax.mail:mailapi:jar:1.4.3:compile (sources = true)
2022.12.20 22:29:41 INFO  [INFO] Resolving artifact: org.apache.httpcomponents:httpmime:jar:4.5.1:compile (sources = false)
2022.12.20 22:29:41 INFO  [INFO] SUCCESS: org.apache.httpcomponents:httpmime:jar:4.5.1:compile (sources = false)
2022.12.20 22:29:41 INFO  [INFO] Resolving artifact: org.apache.httpcomponents:httpmime:jar:4.5.1:compile (sources = true)
2022.12.20 22:29:41 INFO  [INFO] SUCCESS: org.apache.httpcomponents:httpmime:jar:4.5.1:compile (sources = true)
2022.12.20 22:29:41 INFO  [INFO] Resolving artifact: org.seleniumhq.selenium:selenium-edge-driver:jar:3.141.59:compile (sources = false)
2022.12.20 22:29:41 INFO  [INFO] SUCCESS: org.seleniumhq.selenium:selenium-edge-driver:jar:3.141.59:compile (sources = false)
2022.12.20 22:29:41 INFO  [INFO] Resolving artifact: org.seleniumhq.selenium:selenium-edge-driver:jar:3.141.59:compile (sources = true)
2022.12.20 22:29:41 INFO  [INFO] SUCCESS: org.seleniumhq.selenium:selenium-edge-driver:jar:3.141.59:compile (sources = true)
2022.12.20 22:29:41 INFO  [INFO] Resolving artifact: org.apache.commons:commons-exec:jar:1.3:compile (sources = false)
2022.12.20 22:29:41 INFO  [INFO] SUCCESS: org.apache.commons:commons-exec:jar:1.3:compile (sources = false)
2022.12.20 22:29:41 INFO  [INFO] Resolving artifact: org.apache.commons:commons-exec:jar:1.3:compile (sources = true)
2022.12.20 22:29:41 INFO  [INFO] SUCCESS: org.apache.commons:commons-exec:jar:1.3:compile (sources = true)
2022.12.20 22:29:41 INFO  [INFO] Resolving artifact: org.json:json:jar:20180130:compile (sources = false)
2022.12.20 22:29:41 INFO  [INFO] SUCCESS: org.json:json:jar:20180130:compile (sources = false)
2022.12.20 22:29:41 INFO  [INFO] Resolving artifact: org.json:json:jar:20180130:compile (sources = true)
2022.12.20 22:29:41 INFO  [INFO] SUCCESS: org.json:json:jar:20180130:compile (sources = true)
2022.12.20 22:29:41 INFO  [INFO] Resolving artifact: org.ccil.cowan.tagsoup:tagsoup:jar:1.2.1:compile (sources = false)
2022.12.20 22:29:41 INFO  [INFO] SUCCESS: org.ccil.cowan.tagsoup:tagsoup:jar:1.2.1:compile (sources = false)
2022.12.20 22:29:41 INFO  [INFO] Resolving artifact: org.ccil.cowan.tagsoup:tagsoup:jar:1.2.1:compile (sources = true)
2022.12.20 22:29:41 INFO  [INFO] SUCCESS: org.ccil.cowan.tagsoup:tagsoup:jar:1.2.1:compile (sources = true)
2022.12.20 22:29:41 INFO  [INFO] Resolving artifact: com.google.errorprone:error_prone_annotations:jar:2.1.3:compile (sources = false)
2022.12.20 22:29:41 INFO  [INFO] SUCCESS: com.google.errorprone:error_prone_annotations:jar:2.1.3:compile (sources = false)
2022.12.20 22:29:41 INFO  [INFO] Resolving artifact: com.google.errorprone:error_prone_annotations:jar:2.1.3:compile (sources = true)
2022.12.20 22:29:41 INFO  [INFO] SUCCESS: com.google.errorprone:error_prone_annotations:jar:2.1.3:compile (sources = true)
2022.12.20 22:29:41 INFO  [INFO] Resolving artifact: com.google.guava:guava:jar:25.0-jre:compile (sources = false)
2022.12.20 22:29:41 INFO  [INFO] SUCCESS: com.google.guava:guava:jar:25.0-jre:compile (sources = false)
2022.12.20 22:29:41 INFO  [INFO] Resolving artifact: com.google.guava:guava:jar:25.0-jre:compile (sources = true)
2022.12.20 22:29:41 INFO  [INFO] SUCCESS: com.google.guava:guava:jar:25.0-jre:compile (sources = true)
2022.12.20 22:29:41 INFO  [INFO] Resolving artifact: net.lingala.zip4j:zip4j:jar:1.3.2:compile (sources = false)
2022.12.20 22:29:41 INFO  [INFO] SUCCESS: net.lingala.zip4j:zip4j:jar:1.3.2:compile (sources = false)
2022.12.20 22:29:41 INFO  [INFO] Resolving artifact: net.lingala.zip4j:zip4j:jar:1.3.2:compile (sources = true)
2022.12.20 22:29:41 INFO  [INFO] SUCCESS: net.lingala.zip4j:zip4j:jar:1.3.2:compile (sources = true)
2022.12.20 22:29:41 INFO  [INFO] Resolving artifact: info.cukes:cucumber-java:jar:1.2.5:compile (sources = false)
2022.12.20 22:29:41 INFO  [INFO] SUCCESS: info.cukes:cucumber-java:jar:1.2.5:compile (sources = false)
2022.12.20 22:29:41 INFO  [INFO] Resolving artifact: info.cukes:cucumber-java:jar:1.2.5:compile (sources = true)
2022.12.20 22:29:41 INFO  [INFO] SUCCESS: info.cukes:cucumber-java:jar:1.2.5:compile (sources = true)
2022.12.20 22:29:41 INFO  [INFO] Resolving artifact: joda-time:joda-time:jar:2.9.9:compile (sources = false)
2022.12.20 22:29:41 INFO  [INFO] SUCCESS: joda-time:joda-time:jar:2.9.9:compile (sources = false)
2022.12.20 22:29:41 INFO  [INFO] Resolving artifact: joda-time:joda-time:jar:2.9.9:compile (sources = true)
2022.12.20 22:29:41 INFO  [INFO] SUCCESS: joda-time:joda-time:jar:2.9.9:compile (sources = true)
2022.12.20 22:29:41 INFO  [INFO] Resolving artifact: org.apache.commons:commons-lang3:jar:3.8.1:compile (sources = false)
2022.12.20 22:29:41 INFO  [INFO] SUCCESS: org.apache.commons:commons-lang3:jar:3.8.1:compile (sources = false)
2022.12.20 22:29:41 INFO  [INFO] Resolving artifact: org.apache.commons:commons-lang3:jar:3.8.1:compile (sources = true)
2022.12.20 22:29:41 INFO  [INFO] SUCCESS: org.apache.commons:commons-lang3:jar:3.8.1:compile (sources = true)
2022.12.20 22:29:41 INFO  [INFO] Resolving artifact: org.apache.logging.log4j:log4j-api:jar:2.8.2:compile (sources = false)
2022.12.20 22:29:41 INFO  [INFO] SUCCESS: org.apache.logging.log4j:log4j-api:jar:2.8.2:compile (sources = false)
2022.12.20 22:29:41 INFO  [INFO] Resolving artifact: org.apache.logging.log4j:log4j-api:jar:2.8.2:compile (sources = true)
2022.12.20 22:29:41 INFO  [INFO] SUCCESS: org.apache.logging.log4j:log4j-api:jar:2.8.2:compile (sources = true)
2022.12.20 22:29:41 INFO  [INFO] Resolving artifact: commons-beanutils:commons-beanutils-core:jar:1.8.0:compile (sources = false)
2022.12.20 22:29:41 INFO  [INFO] SUCCESS: commons-beanutils:commons-beanutils-core:jar:1.8.0:compile (sources = false)
2022.12.20 22:29:41 INFO  [INFO] Resolving artifact: commons-beanutils:commons-beanutils-core:jar:1.8.0:compile (sources = true)
2022.12.20 22:29:41 INFO  [ERROR] FAILURE commons-beanutils:commons-beanutils-core:jar:1.8.0:compile (sources = true)
2022.12.20 22:29:41 INFO  org.eclipse.aether.resolution.ArtifactResolutionException: commons-beanutils:commons-beanutils-core:jar:sources:1.8.0 was not found in https://repo.maven.apache.org/maven2 during a previous attempt. This failure was cached in the local repository and resolution is not reattempted until the update interval of central has elapsed or updates are forced
2022.12.20 22:29:41 INFO      at org.eclipse.aether.internal.impl.DefaultArtifactResolver.resolve (DefaultArtifactResolver.java:425)
2022.12.20 22:29:41 INFO      at org.eclipse.aether.internal.impl.DefaultArtifactResolver.resolveArtifacts (DefaultArtifactResolver.java:229)
2022.12.20 22:29:41 INFO      at org.eclipse.aether.internal.impl.DefaultArtifactResolver.resolveArtifact (DefaultArtifactResolver.java:207)
2022.12.20 22:29:41 INFO      at org.eclipse.aether.internal.impl.DefaultRepositorySystem.resolveArtifact (DefaultRepositorySystem.java:262)
2022.12.20 22:29:41 INFO      at bloop.integrations.maven.MojoImplementation$.bloop$integrations$maven$MojoImplementation$$resolveArtifact$1 (MojoImplementation.scala:117)
2022.12.20 22:29:41 INFO      at bloop.integrations.maven.MojoImplementation$$anonfun$2.applyOrElse (MojoImplementation.scala:243)
2022.12.20 22:29:41 INFO      at bloop.integrations.maven.MojoImplementation$$anonfun$2.applyOrElse (MojoImplementation.scala:225)
2022.12.20 22:29:41 INFO      at scala.collection.StrictOptimizedIterableOps.collect (StrictOptimizedIterableOps.scala:151)
2022.12.20 22:29:41 INFO      at scala.collection.StrictOptimizedIterableOps.collect$ (StrictOptimizedIterableOps.scala:136)
2022.12.20 22:29:41 INFO      at scala.collection.mutable.HashSet.collect (HashSet.scala:31)
2022.12.20 22:29:41 INFO      at bloop.integrations.maven.MojoImplementation$.writeConfig$1 (MojoImplementation.scala:225)
2022.12.20 22:29:41 INFO      at bloop.integrations.maven.MojoImplementation$.writeCompileAndTestConfiguration (MojoImplementation.scala:309)
2022.12.20 22:29:41 INFO      at bloop.integrations.maven.MojoImplementation.writeCompileAndTestConfiguration (MojoImplementation.scala)
2022.12.20 22:29:41 INFO      at bloop.integrations.maven.BloopMojo.execute (BloopMojo.java:104)
2022.12.20 22:29:41 INFO      at org.apache.maven.plugin.DefaultBuildPluginManager.executeMojo (DefaultBuildPluginManager.java:137)
2022.12.20 22:29:41 INFO      at org.apache.maven.lifecycle.internal.MojoExecutor.doExecute2 (MojoExecutor.java:370)
2022.12.20 22:29:41 INFO      at org.apache.maven.lifecycle.internal.MojoExecutor.doExecute (MojoExecutor.java:351)
2022.12.20 22:29:41 INFO      at org.apache.maven.lifecycle.internal.MojoExecutor.execute (MojoExecutor.java:215)
2022.12.20 22:29:41 INFO      at org.apache.maven.lifecycle.internal.MojoExecutor.execute (MojoExecutor.java:171)
2022.12.20 22:29:41 INFO      at org.apache.maven.lifecycle.internal.MojoExecutor.execute (MojoExecutor.java:163)
2022.12.20 22:29:41 INFO      at org.apache.maven.lifecycle.internal.LifecycleModuleBuilder.buildProject (LifecycleModuleBuilder.java:117)
2022.12.20 22:29:41 INFO      at org.apache.maven.lifecycle.internal.LifecycleModuleBuilder.buildProject (LifecycleModuleBuilder.java:81)
2022.12.20 22:29:41 INFO      at org.apache.maven.lifecycle.internal.builder.singlethreaded.SingleThreadedBuilder.build (SingleThreadedBuilder.java:56)
2022.12.20 22:29:41 INFO      at org.apache.maven.lifecycle.internal.LifecycleStarter.execute (LifecycleStarter.java:128)
2022.12.20 22:29:41 INFO      at org.apache.maven.DefaultMaven.doExecute (DefaultMaven.java:294)
2022.12.20 22:29:41 INFO      at org.apache.maven.DefaultMaven.doExecute (DefaultMaven.java:192)
2022.12.20 22:29:41 INFO      at org.apache.maven.DefaultMaven.execute (DefaultMaven.java:105)
2022.12.20 22:29:41 INFO      at org.apache.maven.cli.MavenCli.execute (MavenCli.java:960)
2022.12.20 22:29:41 INFO      at org.apache.maven.cli.MavenCli.doMain (MavenCli.java:293)
2022.12.20 22:29:41 INFO      at org.apache.maven.cli.MavenCli.main (MavenCli.java:196)
2022.12.20 22:29:41 INFO      at jdk.internal.reflect.NativeMethodAccessorImpl.invoke0 (Native Method)
2022.12.20 22:29:41 INFO      at jdk.internal.reflect.NativeMethodAccessorImpl.invoke (NativeMethodAccessorImpl.java:77)
2022.12.20 22:29:41 INFO      at jdk.internal.reflect.DelegatingMethodAccessorImpl.invoke (DelegatingMethodAccessorImpl.java:43)
2022.12.20 22:29:41 INFO      at java.lang.reflect.Method.invoke (Method.java:568)
2022.12.20 22:29:41 INFO      at org.codehaus.plexus.classworlds.launcher.Launcher.launchEnhanced (Launcher.java:282)
2022.12.20 22:29:41 INFO      at org.codehaus.plexus.classworlds.launcher.Launcher.launch (Launcher.java:225)
2022.12.20 22:29:41 INFO      at org.codehaus.plexus.classworlds.launcher.Launcher.mainWithExitCode (Launcher.java:406)
2022.12.20 22:29:41 INFO      at org.codehaus.plexus.classworlds.launcher.Launcher.main (Launcher.java:347)
2022.12.20 22:29:41 INFO      at jdk.internal.reflect.NativeMethodAccessorImpl.invoke0 (Native Method)
2022.12.20 22:29:41 INFO      at jdk.internal.reflect.NativeMethodAccessorImpl.invoke (NativeMethodAccessorImpl.java:77)
2022.12.20 22:29:41 INFO      at jdk.internal.reflect.DelegatingMethodAccessorImpl.invoke (DelegatingMethodAccessorImpl.java:43)
2022.12.20 22:29:41 INFO      at java.lang.reflect.Method.invoke (Method.java:568)
2022.12.20 22:29:41 INFO      at org.apache.maven.wrapper.BootstrapMainStarter.start (BootstrapMainStarter.java:53)
2022.12.20 22:29:41 INFO      at org.apache.maven.wrapper.WrapperExecutor.execute (WrapperExecutor.java:152)
2022.12.20 22:29:41 INFO      at org.apache.maven.wrapper.MavenWrapperMain.main (MavenWrapperMain.java:76)
2022.12.20 22:29:41 INFO  Caused by: org.eclipse.aether.transfer.ArtifactNotFoundException: commons-beanutils:commons-beanutils-core:jar:sources:1.8.0 was not found in https://repo.maven.apache.org/maven2 during a previous attempt. This failure was cached in the local repository and resolution is not reattempted until the update interval of central has elapsed or updates are forced
2022.12.20 22:29:41 INFO      at org.eclipse.aether.internal.impl.DefaultUpdateCheckManager.newException (DefaultUpdateCheckManager.java:217)
2022.12.20 22:29:41 INFO      at org.eclipse.aether.internal.impl.DefaultUpdateCheckManager.checkArtifact (DefaultUpdateCheckManager.java:169)
2022.12.20 22:29:41 INFO      at org.eclipse.aether.internal.impl.DefaultArtifactResolver.gatherDownloads (DefaultArtifactResolver.java:574)
2022.12.20 22:29:41 INFO      at org.eclipse.aether.internal.impl.DefaultArtifactResolver.performDownloads (DefaultArtifactResolver.java:484)
2022.12.20 22:29:41 INFO      at org.eclipse.aether.internal.impl.DefaultArtifactResolver.resolve (DefaultArtifactResolver.java:402)
2022.12.20 22:29:41 INFO      at org.eclipse.aether.internal.impl.DefaultArtifactResolver.resolveArtifacts (DefaultArtifactResolver.java:229)
2022.12.20 22:29:41 INFO      at org.eclipse.aether.internal.impl.DefaultArtifactResolver.resolveArtifact (DefaultArtifactResolver.java:207)
2022.12.20 22:29:41 INFO      at org.eclipse.aether.internal.impl.DefaultRepositorySystem.resolveArtifact (DefaultRepositorySystem.java:262)
2022.12.20 22:29:41 INFO      at bloop.integrations.maven.MojoImplementation$.bloop$integrations$maven$MojoImplementation$$resolveArtifact$1 (MojoImplementation.scala:117)
2022.12.20 22:29:41 INFO      at bloop.integrations.maven.MojoImplementation$$anonfun$2.applyOrElse (MojoImplementation.scala:243)
2022.12.20 22:29:41 INFO      at bloop.integrations.maven.MojoImplementation$$anonfun$2.applyOrElse (MojoImplementation.scala:225)
2022.12.20 22:29:41 INFO      at scala.collection.StrictOptimizedIterableOps.collect (StrictOptimizedIterableOps.scala:151)
2022.12.20 22:29:41 INFO      at scala.collection.StrictOptimizedIterableOps.collect$ (StrictOptimizedIterableOps.scala:136)
2022.12.20 22:29:41 INFO      at scala.collection.mutable.HashSet.collect (HashSet.scala:31)
2022.12.20 22:29:41 INFO      at bloop.integrations.maven.MojoImplementation$.writeConfig$1 (MojoImplementation.scala:225)
2022.12.20 22:29:41 INFO      at bloop.integrations.maven.MojoImplementation$.writeCompileAndTestConfiguration (MojoImplementation.scala:309)
2022.12.20 22:29:41 INFO      at bloop.integrations.maven.MojoImplementation.writeCompileAndTestConfiguration (MojoImplementation.scala)
2022.12.20 22:29:41 INFO      at bloop.integrations.maven.BloopMojo.execute (BloopMojo.java:104)
2022.12.20 22:29:41 INFO      at org.apache.maven.plugin.DefaultBuildPluginManager.executeMojo (DefaultBuildPluginManager.java:137)
2022.12.20 22:29:41 INFO      at org.apache.maven.lifecycle.internal.MojoExecutor.doExecute2 (MojoExecutor.java:370)
2022.12.20 22:29:41 INFO      at org.apache.maven.lifecycle.internal.MojoExecutor.doExecute (MojoExecutor.java:351)
2022.12.20 22:29:41 INFO      at org.apache.maven.lifecycle.internal.MojoExecutor.execute (MojoExecutor.java:215)
2022.12.20 22:29:41 INFO      at org.apache.maven.lifecycle.internal.MojoExecutor.execute (MojoExecutor.java:171)
2022.12.20 22:29:41 INFO      at org.apache.maven.lifecycle.internal.MojoExecutor.execute (MojoExecutor.java:163)
2022.12.20 22:29:41 INFO      at org.apache.maven.lifecycle.internal.LifecycleModuleBuilder.buildProject (LifecycleModuleBuilder.java:117)
2022.12.20 22:29:41 INFO      at org.apache.maven.lifecycle.internal.LifecycleModuleBuilder.buildProject (LifecycleModuleBuilder.java:81)
2022.12.20 22:29:41 INFO      at org.apache.maven.lifecycle.internal.builder.singlethreaded.SingleThreadedBuilder.build (SingleThreadedBuilder.java:56)
2022.12.20 22:29:41 INFO      at org.apache.maven.lifecycle.internal.LifecycleStarter.execute (LifecycleStarter.java:128)
2022.12.20 22:29:41 INFO      at org.apache.maven.DefaultMaven.doExecute (DefaultMaven.java:294)
2022.12.20 22:29:41 INFO      at org.apache.maven.DefaultMaven.doExecute (DefaultMaven.java:192)
2022.12.20 22:29:41 INFO      at org.apache.maven.DefaultMaven.execute (DefaultMaven.java:105)
2022.12.20 22:29:41 INFO      at org.apache.maven.cli.MavenCli.execute (MavenCli.java:960)
2022.12.20 22:29:41 INFO      at org.apache.maven.cli.MavenCli.doMain (MavenCli.java:293)
2022.12.20 22:29:41 INFO      at org.apache.maven.cli.MavenCli.main (MavenCli.java:196)
2022.12.20 22:29:41 INFO      at jdk.internal.reflect.NativeMethodAccessorImpl.invoke0 (Native Method)
2022.12.20 22:29:41 INFO      at jdk.internal.reflect.NativeMethodAccessorImpl.invoke (NativeMethodAccessorImpl.java:77)
2022.12.20 22:29:41 INFO      at jdk.internal.reflect.DelegatingMethodAccessorImpl.invoke (DelegatingMethodAccessorImpl.java:43)
2022.12.20 22:29:41 INFO      at java.lang.reflect.Method.invoke (Method.java:568)
2022.12.20 22:29:41 INFO      at org.codehaus.plexus.classworlds.launcher.Launcher.launchEnhanced (Launcher.java:282)
2022.12.20 22:29:41 INFO      at org.codehaus.plexus.classworlds.launcher.Launcher.launch (Launcher.java:225)
2022.12.20 22:29:41 INFO      at org.codehaus.plexus.classworlds.launcher.Launcher.mainWithExitCode (Launcher.java:406)
2022.12.20 22:29:41 INFO      at org.codehaus.plexus.classworlds.launcher.Launcher.main (Launcher.java:347)
2022.12.20 22:29:41 INFO      at jdk.internal.reflect.NativeMethodAccessorImpl.invoke0 (Native Method)
2022.12.20 22:29:41 INFO      at jdk.internal.reflect.NativeMethodAccessorImpl.invoke (NativeMethodAccessorImpl.java:77)
2022.12.20 22:29:41 INFO      at jdk.internal.reflect.DelegatingMethodAccessorImpl.invoke (DelegatingMethodAccessorImpl.java:43)
2022.12.20 22:29:41 INFO      at java.lang.reflect.Method.invoke (Method.java:568)
2022.12.20 22:29:41 INFO      at org.apache.maven.wrapper.BootstrapMainStarter.start (BootstrapMainStarter.java:53)
2022.12.20 22:29:41 INFO      at org.apache.maven.wrapper.WrapperExecutor.execute (WrapperExecutor.java:152)
2022.12.20 22:29:41 INFO      at org.apache.maven.wrapper.MavenWrapperMain.main (MavenWrapperMain.java:76)
2022.12.20 22:29:41 INFO  [INFO] Resolving artifact: info.cukes:cucumber-junit:jar:1.2.5:compile (sources = false)
2022.12.20 22:29:41 INFO  [INFO] SUCCESS: info.cukes:cucumber-junit:jar:1.2.5:compile (sources = false)
2022.12.20 22:29:41 INFO  [INFO] Resolving artifact: info.cukes:cucumber-junit:jar:1.2.5:compile (sources = true)
2022.12.20 22:29:41 INFO  [INFO] SUCCESS: info.cukes:cucumber-junit:jar:1.2.5:compile (sources = true)
2022.12.20 22:29:41 INFO  [INFO] Resolving artifact: org.jetbrains:annotations:jar:16.0.3:compile (sources = false)
2022.12.20 22:29:41 INFO  [INFO] SUCCESS: org.jetbrains:annotations:jar:16.0.3:compile (sources = false)
2022.12.20 22:29:41 INFO  [INFO] Resolving artifact: org.jetbrains:annotations:jar:16.0.3:compile (sources = true)
2022.12.20 22:29:41 INFO  [INFO] SUCCESS: org.jetbrains:annotations:jar:16.0.3:compile (sources = true)
2022.12.20 22:29:41 INFO  [INFO] Resolving artifact: org.slf4j:slf4j-simple:jar:1.7.25:test (sources = false)
2022.12.20 22:29:41 INFO  [INFO] SUCCESS: org.slf4j:slf4j-simple:jar:1.7.25:test (sources = false)
2022.12.20 22:29:41 INFO  [INFO] Resolving artifact: org.slf4j:slf4j-simple:jar:1.7.25:test (sources = true)
2022.12.20 22:29:41 INFO  [INFO] SUCCESS: org.slf4j:slf4j-simple:jar:1.7.25:test (sources = true)
2022.12.20 22:29:41 INFO  [INFO] Resolving artifact: com.github.fge:json-schema-core:jar:1.2.5:compile (sources = false)
2022.12.20 22:29:41 INFO  [INFO] SUCCESS: com.github.fge:json-schema-core:jar:1.2.5:compile (sources = false)
2022.12.20 22:29:41 INFO  [INFO] Resolving artifact: com.github.fge:json-schema-core:jar:1.2.5:compile (sources = true)
2022.12.20 22:29:41 INFO  [INFO] SUCCESS: com.github.fge:json-schema-core:jar:1.2.5:compile (sources = true)
2022.12.20 22:29:41 INFO  [INFO] Resolving artifact: io.github.bonigarcia:webdrivermanager:jar:3.6.1:compile (sources = false)
2022.12.20 22:29:41 INFO  [INFO] SUCCESS: io.github.bonigarcia:webdrivermanager:jar:3.6.1:compile (sources = false)
2022.12.20 22:29:41 INFO  [INFO] Resolving artifact: io.github.bonigarcia:webdrivermanager:jar:3.6.1:compile (sources = true)
2022.12.20 22:29:41 INFO  [INFO] SUCCESS: io.github.bonigarcia:webdrivermanager:jar:3.6.1:compile (sources = true)
2022.12.20 22:29:41 INFO  [INFO] Resolving artifact: junit:junit:jar:4.12:compile (sources = false)
2022.12.20 22:29:41 INFO  [INFO] SUCCESS: junit:junit:jar:4.12:compile (sources = false)
2022.12.20 22:29:41 INFO  [INFO] Resolving artifact: junit:junit:jar:4.12:compile (sources = true)
2022.12.20 22:29:41 INFO  [INFO] SUCCESS: junit:junit:jar:4.12:compile (sources = true)
2022.12.20 22:29:41 INFO  [INFO] Resolving artifact: info.cukes:cucumber-core:jar:1.2.5:compile (sources = false)
2022.12.20 22:29:41 INFO  [INFO] SUCCESS: info.cukes:cucumber-core:jar:1.2.5:compile (sources = false)
2022.12.20 22:29:41 INFO  [INFO] Resolving artifact: info.cukes:cucumber-core:jar:1.2.5:compile (sources = true)
2022.12.20 22:29:41 INFO  [INFO] SUCCESS: info.cukes:cucumber-core:jar:1.2.5:compile (sources = true)
2022.12.20 22:29:41 INFO  [INFO] Resolving artifact: org.slf4j:slf4j-api:jar:1.7.25:compile (sources = false)
2022.12.20 22:29:41 INFO  [INFO] SUCCESS: org.slf4j:slf4j-api:jar:1.7.25:compile (sources = false)
2022.12.20 22:29:41 INFO  [INFO] Resolving artifact: org.slf4j:slf4j-api:jar:1.7.25:compile (sources = true)
2022.12.20 22:29:41 INFO  [INFO] SUCCESS: org.slf4j:slf4j-api:jar:1.7.25:compile (sources = true)
2022.12.20 22:29:41 INFO  [INFO] Resolving artifact: org.seleniumhq.selenium:selenium-firefox-driver:jar:3.141.59:compile (sources = false)
2022.12.20 22:29:41 INFO  [INFO] SUCCESS: org.seleniumhq.selenium:selenium-firefox-driver:jar:3.141.59:compile (sources = false)
2022.12.20 22:29:41 INFO  [INFO] Resolving artifact: org.seleniumhq.selenium:selenium-firefox-driver:jar:3.141.59:compile (sources = true)
2022.12.20 22:29:41 INFO  [INFO] SUCCESS: org.seleniumhq.selenium:selenium-firefox-driver:jar:3.141.59:compile (sources = true)
2022.12.20 22:29:41 INFO  [INFO] Resolving artifact: com.github.fge:uri-template:jar:0.9:compile (sources = false)
2022.12.20 22:29:41 INFO  [INFO] SUCCESS: com.github.fge:uri-template:jar:0.9:compile (sources = false)
2022.12.20 22:29:41 INFO  [INFO] Resolving artifact: com.github.fge:uri-template:jar:0.9:compile (sources = true)
2022.12.20 22:29:41 INFO  [INFO] SUCCESS: com.github.fge:uri-template:jar:0.9:compile (sources = true)
2022.12.20 22:29:41 INFO  [INFO] Resolving artifact: org.mozilla:rhino:jar:1.7R4:compile (sources = false)
2022.12.20 22:29:41 INFO  [INFO] SUCCESS: org.mozilla:rhino:jar:1.7R4:compile (sources = false)
2022.12.20 22:29:41 INFO  [INFO] Resolving artifact: org.mozilla:rhino:jar:1.7R4:compile (sources = true)
2022.12.20 22:29:41 INFO  [INFO] SUCCESS: org.mozilla:rhino:jar:1.7R4:compile (sources = true)
2022.12.20 22:29:41 INFO  [INFO] Resolving artifact: org.seleniumhq.selenium:selenium-safari-driver:jar:3.141.59:compile (sources = false)
2022.12.20 22:29:41 INFO  [INFO] SUCCESS: org.seleniumhq.selenium:selenium-safari-driver:jar:3.141.59:compile (sources = false)
2022.12.20 22:29:41 INFO  [INFO] Resolving artifact: org.seleniumhq.selenium:selenium-safari-driver:jar:3.141.59:compile (sources = true)
2022.12.20 22:29:41 INFO  [INFO] SUCCESS: org.seleniumhq.selenium:selenium-safari-driver:jar:3.141.59:compile (sources = true)
2022.12.20 22:29:41 INFO  [INFO] Resolving artifact: com.vaadin.external.google:android-json:jar:0.0.20131108.vaadin1:test (sources = false)
2022.12.20 22:29:41 INFO  [INFO] SUCCESS: com.vaadin.external.google:android-json:jar:0.0.20131108.vaadin1:test (sources = false)
2022.12.20 22:29:41 INFO  [INFO] Resolving artifact: com.vaadin.external.google:android-json:jar:0.0.20131108.vaadin1:test (sources = true)
2022.12.20 22:29:41 INFO  [INFO] SUCCESS: com.vaadin.external.google:android-json:jar:0.0.20131108.vaadin1:test (sources = true)
2022.12.20 22:29:41 INFO  [INFO] Resolving artifact: org.jsoup:jsoup:jar:1.10.2:compile (sources = false)
2022.12.20 22:29:41 INFO  [INFO] SUCCESS: org.jsoup:jsoup:jar:1.10.2:compile (sources = false)
2022.12.20 22:29:41 INFO  [INFO] Resolving artifact: org.jsoup:jsoup:jar:1.10.2:compile (sources = true)
2022.12.20 22:29:41 INFO  [INFO] SUCCESS: org.jsoup:jsoup:jar:1.10.2:compile (sources = true)
2022.12.20 22:29:41 INFO  [INFO] Resolving artifact: net.sf.jopt-simple:jopt-simple:jar:4.6:compile (sources = false)
2022.12.20 22:29:41 INFO  [INFO] SUCCESS: net.sf.jopt-simple:jopt-simple:jar:4.6:compile (sources = false)
2022.12.20 22:29:41 INFO  [INFO] Resolving artifact: net.sf.jopt-simple:jopt-simple:jar:4.6:compile (sources = true)
2022.12.20 22:29:41 INFO  [INFO] SUCCESS: net.sf.jopt-simple:jopt-simple:jar:4.6:compile (sources = true)
2022.12.20 22:29:41 INFO  [INFO] Resolving artifact: org.apache.velocity:velocity:jar:1.7:compile (sources = false)
2022.12.20 22:29:41 INFO  [INFO] SUCCESS: org.apache.velocity:velocity:jar:1.7:compile (sources = false)
2022.12.20 22:29:41 INFO  [INFO] Resolving artifact: org.apache.velocity:velocity:jar:1.7:compile (sources = true)
2022.12.20 22:29:41 INFO  [INFO] SUCCESS: org.apache.velocity:velocity:jar:1.7:compile (sources = true)
2022.12.20 22:29:41 INFO  [INFO] Resolving artifact: org.apache.httpcomponents:httpcore:jar:4.4.4:compile (sources = false)
2022.12.20 22:29:41 INFO  [INFO] SUCCESS: org.apache.httpcomponents:httpcore:jar:4.4.4:compile (sources = false)
2022.12.20 22:29:41 INFO  [INFO] Resolving artifact: org.apache.httpcomponents:httpcore:jar:4.4.4:compile (sources = true)
2022.12.20 22:29:41 INFO  [INFO] SUCCESS: org.apache.httpcomponents:httpcore:jar:4.4.4:compile (sources = true)
2022.12.20 22:29:41 INFO  [INFO] Generated .bloop\struture-automation-test.json
2022.12.20 22:29:41 INFO  [INFO] ------------------------------------------------------------------------
2022.12.20 22:29:41 INFO  [INFO] BUILD SUCCESS
2022.12.20 22:29:41 INFO  [INFO] ------------------------------------------------------------------------
2022.12.20 22:29:41 INFO  [INFO] Total time:  01:30 min
2022.12.20 22:29:41 INFO  [INFO] Finished at: 2022-12-20T22:29:41-03:00
2022.12.20 22:29:41 INFO  [INFO] ------------------------------------------------------------------------
2022.12.20 22:29:41 INFO  time: ran 'mvn bloopInstall' in 1m35s
2022.12.20 22:29:41 INFO  Attempting to connect to the build server...
2022.12.20 22:29:41 INFO  Setting up current java home C:\Program Files\Java\jdk-17 in C:\Users\Yjoao\.bloop\bloop.json
2022.12.20 22:29:58 INFO  tracing is disabled for protocol BSP, to enable tracing of incoming and outgoing JSON messages create an empty file at C:\Users\Yjoao\OneDrive\QA\Projetos-Pessoais\Java\structure-automation-java\.metals\bsp.trace.json or C:\Users\Yjoao\AppData\Local\scalameta\metals\cache\bsp.trace.json
2022.12.20 22:29:58 INFO  time: Connected to build server in 17s
2022.12.20 22:29:58 INFO  Connected to Build server: Bloop v1.5.4
2022.12.20 22:29:59 INFO  time: Imported build in 0.17s
2022.12.20 22:30:03 INFO  time: indexed workspace in 3.42s
2022.12.20 22:32:18 INFO  compiling struture-automation-test (8 java sources)
2022.12.20 22:32:21 INFO  time: compiled struture-automation-test in 3.37s
2022.12.20 22:36:01 INFO  compiling struture-automation-test (8 java sources)
2022.12.20 22:36:05 INFO  time: compiled struture-automation-test in 3.52s
2022.12.20 22:36:16 WARN  Could not load snapshot text for C:\Users\Yjoao\OneDrive\QA\Projetos-Pessoais\Java\structure-automation-java\src\test\java\support\GeraCpfCnpj.java
2022.12.20 22:36:16 WARN  Could not load snapshot text for C:\Users\Yjoao\OneDrive\QA\Projetos-Pessoais\Java\structure-automation-java\src\test\java\support\GeraCpfCnpj.java
2022.12.20 22:40:23 ERROR No project associated with Uri(file:/C:/Users/Yjoao/OneDrive/QA/Projetos-Pessoais/Java/structure-automation-java/?id=struture-automation-test)
2022.12.20 22:40:23 ERROR No project associated with Uri(file:/C:/Users/Yjoao/OneDrive/QA/Projetos-Pessoais/Java/structure-automation-java/?id=struture-automation-test)
2022.12.20 22:40:23 ERROR No project associated with Uri(file:/C:/Users/Yjoao/OneDrive/QA/Projetos-Pessoais/Java/structure-automation-java/?id=struture-automation-test)
2022.12.20 22:40:23 ERROR No project associated with Uri(file:/C:/Users/Yjoao/OneDrive/QA/Projetos-Pessoais/Java/structure-automation-java/?id=struture-automation-test)
2022.12.20 22:40:23 ERROR No project associated with Uri(file:/C:/Users/Yjoao/OneDrive/QA/Projetos-Pessoais/Java/structure-automation-java/?id=struture-automation-test)
2022.12.20 22:40:23 ERROR No project associated with Uri(file:/C:/Users/Yjoao/OneDrive/QA/Projetos-Pessoais/Java/structure-automation-java/?id=struture-automation-test)
2022.12.20 22:40:30 ERROR No project associated with Uri(file:/C:/Users/Yjoao/OneDrive/QA/Projetos-Pessoais/Java/structure-automation-java/?id=struture-automation-test)
2022.12.20 22:40:30 ERROR No project associated with Uri(file:/C:/Users/Yjoao/OneDrive/QA/Projetos-Pessoais/Java/structure-automation-java/?id=struture-automation-test)
2022.12.20 22:40:30 ERROR No project associated with Uri(file:/C:/Users/Yjoao/OneDrive/QA/Projetos-Pessoais/Java/structure-automation-java/?id=struture-automation-test)
2022.12.20 22:40:43 ERROR No project associated with Uri(file:/C:/Users/Yjoao/OneDrive/QA/Projetos-Pessoais/Java/structure-automation-java/?id=struture-automation-test)
2022.12.20 22:40:43 ERROR No project associated with Uri(file:/C:/Users/Yjoao/OneDrive/QA/Projetos-Pessoais/Java/structure-automation-java/?id=struture-automation-test)
2022.12.20 22:40:43 ERROR No project associated with Uri(file:/C:/Users/Yjoao/OneDrive/QA/Projetos-Pessoais/Java/structure-automation-java/?id=struture-automation-test)
2022.12.20 22:40:49 ERROR No project associated with Uri(file:/C:/Users/Yjoao/OneDrive/QA/Projetos-Pessoais/Java/structure-automation-java/?id=struture-automation-test)
2022.12.20 22:40:49 ERROR No project associated with Uri(file:/C:/Users/Yjoao/OneDrive/QA/Projetos-Pessoais/Java/structure-automation-java/?id=struture-automation-test)
2022.12.20 22:40:49 ERROR No project associated with Uri(file:/C:/Users/Yjoao/OneDrive/QA/Projetos-Pessoais/Java/structure-automation-java/?id=struture-automation-test)
2022.12.20 22:40:54 ERROR No project associated with Uri(file:/C:/Users/Yjoao/OneDrive/QA/Projetos-Pessoais/Java/structure-automation-java/?id=struture-automation-test)
2022.12.20 22:40:54 ERROR No project associated with Uri(file:/C:/Users/Yjoao/OneDrive/QA/Projetos-Pessoais/Java/structure-automation-java/?id=struture-automation-test)
2022.12.20 22:40:54 ERROR No project associated with Uri(file:/C:/Users/Yjoao/OneDrive/QA/Projetos-Pessoais/Java/structure-automation-java/?id=struture-automation-test)
2022.12.20 22:41:10 ERROR No project associated with Uri(file:/C:/Users/Yjoao/OneDrive/QA/Projetos-Pessoais/Java/structure-automation-java/?id=struture-automation-test)
2022.12.20 22:41:10 ERROR No project associated with Uri(file:/C:/Users/Yjoao/OneDrive/QA/Projetos-Pessoais/Java/structure-automation-java/?id=struture-automation-test)
2022.12.20 22:41:10 ERROR No project associated with Uri(file:/C:/Users/Yjoao/OneDrive/QA/Projetos-Pessoais/Java/structure-automation-java/?id=struture-automation-test)
2022.12.29 23:11:04 INFO  tracing is disabled for protocol LSP, to enable tracing of incoming and outgoing JSON messages create an empty file at c:\Users\Yjoao\OneDrive\QA\Projetos-Pessoais\Java\automacao-web-java\.metals\lsp.trace.json or C:\Users\Yjoao\AppData\Local\scalameta\metals\cache\lsp.trace.json
2022.12.29 23:11:05 INFO  logging to file C:\Users\Yjoao\OneDrive\QA\Projetos-Pessoais\Java\automacao-web-java\.metals\metals.log
2022.12.29 23:11:05 INFO  Started: Metals version 0.11.9 in workspace 'C:\Users\Yjoao\OneDrive\QA\Projetos-Pessoais\Java\automacao-web-java' for client Visual Studio Code 1.74.2.
